major_code,major_name,major_group_name,admission_record_count,first_year,last_year
106,Khoa học Máy tính; Kỹ thuật Máy tính; (Nhóm ngành),Máy tính và công nghệ thông tin,2,2018,2018
106,Khoa học máy tính,Máy tính và công nghệ thông tin,7,2021,2023
106,Kỹ thuật xây dựng,Máy tính và công nghệ thông tin,2,2019,2020
107,Kỹ thuật máy tính,Máy tính và công nghệ thông tin,14,2019,2023
108,Kỹ thuật Điện; Kỹ thuật Điện tử - Viễn thông; Kỹ thuật Điều khiển và tự động hóa; (Nhóm ngành),Kỹ thuật,2,2018,2018
108,Kỹ thuật Điện;Kỹ thuật Điện tử - Viễn thông;Kỹ thuật Điều khiển và tự động hóa;(Nhóm ngành),Kỹ thuật,14,2019,2023
109,Kỹ thuật Cơ khí; Kỹ thuật Cơ điện tử ; (Nhóm ngành),Kỹ thuật,2,2018,2018
109,Kỹ thuật Cơ khí;Kỹ thuật Cơ điện tử;(Nhóm ngành),Kỹ thuật,7,2019,2021
109,Kỹ thuật cơ khí,Kỹ thuật,7,2021,2023
110,Kỹ thuật cơ điện tử,Kỹ thuật,8,2021,2023
112,Kỹ thuật Dệt; Công nghệ Dệt may; (Nhóm ngành),Kỹ thuật,2,2018,2018
112,Kỹ thuật Dệt;Công nghệ Dệt May;(Nhóm ngành),Kỹ thuật,14,2019,2023
114,Kỹ thuật Hóa học; Công nghệ Thực phẩm; Công nghệ Sinh học; (Nhóm ngành),Khoa học sự sống,3,2018,2018
114,Kỹ thuật Hóa học;Công nghệ Thực phẩm;Công nghệ Sinh học;(Nhóm ngành),Khoa học sự sống,19,2019,2023
115,Bảo dưỡng Công nghiệp,Công nghệ kỹ thuật,2,2020,2020
115,Kỹ thuật xây dựng,Kiến trúc và xây dựng,12,2019,2023
115,Quản lý tài nguyên và môi trường,Kiến trúc và xây dựng,2,2018,2018
117,Kiến trúc,Kiến trúc và xây dựng,13,2018,2023
120,Kỹ thuật Địa chất; Kỹ thuật Dầu khí; (Nhóm ngành),Kỹ thuật,2,2018,2018
120,Kỹ thuật Địa chất;Kỹ thuật Dầu khí;(Nhóm ngành),Kỹ thuật,14,2019,2023
123,Quản lý công nghiệp,Công nghệ kỹ thuật,20,2018,2023
125,Kỹ thuật Môi trường; Quản lý Tài nguyên và Môi trường; (Nhóm ngành),Kỹ thuật,4,2018,2018
125,Kỹ thuật Môi trường;Quản lý Tài nguyên và Môi trường;(Nhóm ngành),Kỹ thuật,23,2019,2023
128,Kỹ thuật Hệ thống Công nghiệp; Logistics và Quản lý chuỗi Cung ứng; (Nhóm ngành),Kỹ thuật,2,2018,2018
128,Kỹ thuật Hệ thống Công nghiệp;Logistics và Quản lý chuỗi Cung ứng;(Nhóm ngành),Kỹ thuật,14,2019,2023
129,Kỹ thuật vật liệu,Kỹ thuật,21,2018,2023
130,Kỹ thuật trắc địa - bản đồ,Kỹ thuật,5,2018,2019
131,Công nghệ kỹ thuật vật liệu xây dựng,Công nghệ kỹ thuật,5,2018,2019
137,Vật lý kỹ thuật,Kỹ thuật,16,2018,2023
138,Cơ Kỹ thuật,Kỹ thuật,16,2018,2023
140,Công nghệ Kỹ thuật Nhiệt (Cơ điện lạnh),Kỹ thuật,16,2018,2023
141,Bảo dưỡng Công nghiệp,Công nghệ kỹ thuật,20,2018,2023
142,Kỹ thuật ô tô,Kỹ thuật,16,2018,2023
143,Kỹ thuật tàu thuỷ,Kỹ thuật,2,2018,2018
144,Kỹ thuật Hàng không,Kỹ thuật,2,2018,2018
145,Kỹ thuật Tàu thủy;Kỹ thuật Hàng không;(Nhóm ngành),Kỹ thuật,14,2019,2023
16,Quản trị môi trường doanh nghiệp,Công nghệ kỹ thuật,4,2020,2020
1780202,Quản trị nhà hàng và dịch vụ ăn uống,"Du lịch, khách sạn, thể thao và dịch vụ cá nhân",13,2021,2022
206,Khoa học máy tính,Máy tính và công nghệ thông tin,7,2021,2023
206,Kỹ thuật xây dựng,Máy tính và công nghệ thông tin,8,2018,2020
207,Kỹ thuật máy tính,Máy tính và công nghệ thông tin,15,2018,2023
208,"Kỹ thuật điện, điện tử",Kỹ thuật,15,2018,2023
209,Kỹ thuật cơ khí,Kỹ thuật,15,2018,2023
210,Kỹ thuật cơ điện tử,Kỹ thuật,15,2018,2023
211,Kỹ thuật cơ điện tử,Kỹ thuật,7,2021,2023
214,Kỹ thuật hoá học,Kỹ thuật,21,2018,2023
215,Công nghệ kỹ thuật công trình xây dựng,Kiến trúc và xây dựng,9,2021,2023
215,Kỹ thuật xây dựng,Kiến trúc và xây dựng,8,2018,2020
217,Kiến trúc,Kiến trúc và xây dựng,7,2021,2023
218,Công nghệ sinh học,Khoa học sự sống,8,2022,2023
219,Công nghệ thực phẩm,Sản xuất và chế biến,21,2018,2023
220,Kỹ thuật dầu khí,Kỹ thuật,15,2018,2023
223,Quản lý công nghiệp,Công nghệ kỹ thuật,31,2018,2023
225,Quản lý tài nguyên và môi trường,Môi trường và bảo vệ môi trường,27,2018,2023
228,Logistics và Quản lý chuỗi cung ứng,Công nghệ kỹ thuật,7,2021,2023
229,Kỹ thuật vật liệu,Kỹ thuật,6,2022,2023
237,Vật lý kỹ thuật,Kỹ thuật,7,2021,2023
241,Kỹ thuật môi trường,Kỹ thuật,4,2018,2018
242,Kỹ thuật ô tô,Kỹ thuật,15,2018,2023
245,Kỹ thuật Hàng không,Kỹ thuật,7,2021,2023
245,Kỹ thuật xây dựng,Kỹ thuật,2,2018,2018
266,Khoa học máy tính,Máy tính và công nghệ thông tin,7,2021,2023
268,Cơ Kỹ thuật,Kỹ thuật,7,2021,2023
408,Kỹ thuật điện,Kỹ thuật,2,2018,2018
410,Kỹ thuật cơ điện tử,Kỹ thuật,2,2018,2018
415,Kỹ thuật xây dựng,Kiến trúc và xây dựng,2,2018,2018
419,Công nghệ thực phẩm,Sản xuất và chế biến,7,2018,2019
425,Quản lý tài nguyên và môi trường,Môi trường và bảo vệ môi trường,4,2018,2018
441,Bảo dưỡng Công nghiệp,Công nghệ kỹ thuật,6,2019,2020
445,Kỹ thuật xây dựng,Kiến trúc và xây dựng,3,2019,2019
446,Kỹ thuật xây dựng,Kiến trúc và xây dựng,3,2019,2019
448,Kỹ thuật điện,Kỹ thuật,3,2019,2019
51140201,Cao đẳng giáo dục Mầm non,Sư phạm - Giáo dục,1,2024,2024
51140201,Giáo dục Mầm non,Sư phạm - Giáo dục,10,2024,2024
51140201,Giáo dục Mầm non (CĐ),Sư phạm - Giáo dục,4,2024,2024
51140201,Giáo dục Mầm non (Trình độ Cao Đẳng),Sư phạm - Giáo dục,4,2024,2024
51140201,Giáo dục Mầm non (Trình độ Cao đẳng),Sư phạm - Giáo dục,1,2024,2024
51140201,Giáo dục Mầm non (trình độ CĐ),Sư phạm - Giáo dục,2,2024,2024
51140201,Giáo dục mầm non (Cao đẳng),Sư phạm - Giáo dục,4,2024,2024
51140201,SP Giáo dục Mầm non,Sư phạm - Giáo dục,4,2024,2024
52140222,Sư phạm mỹ thuật,Sư phạm - Giáo dục,1,2024,2024
522,Xây dựng Đảng và chính quyền nhà nước,Khoa học xã hội và hành vi,5,2021,2021
52210101,"Lý luận, lịch sử và phê bình mỹ thuật",Du lịch-Khách sạn,1,2024,2024
52210103,Hội họa,Mỹ thuật - Âm nhạc - Nghệ thuật,1,2024,2024
52210104,Đồ họa,Thiết kế đồ họa - Game - Đa phương tiện,1,2024,2024
52210105,Điêu khắc,Mỹ thuật - Âm nhạc - Nghệ thuật,1,2024,2024
52210403,Thiết kế đồ họa,Thiết kế đồ họa - Game - Đa phương tiện,1,2024,2024
523,Xây dựng Đảng và chính quyền nhà nước,Khoa học xã hội và hành vi,5,2021,2021
527,Kinh tế,Khoa học xã hội và hành vi,24,2019,2023
527,"Kinh tế, chuyên ngành Quản lý kinh tế",Văn hóa - Chính trị - Khoa học Xã hội,4,2024,2024
528,Kinh tế,Khoa học xã hội và hành vi,24,2019,2023
529,Kinh tế,Khoa học xã hội và hành vi,24,2019,2023
530,Chính trị học,Khoa học xã hội và hành vi,18,2019,2023
530,"Chính trị học, chuyên ngành Công tác tư tưởng - văn hóa",Văn hóa - Chính trị - Khoa học Xã hội,4,2024,2024
531,"Chính tri học, chuyên ngành Chính trị phát triển",Văn hóa - Chính trị - Khoa học Xã hội,4,2024,2024
531,Chính trị học,Khoa học xã hội và hành vi,21,2019,2023
532,Quản lý nhà nước,Khoa học xã hội và hành vi,24,2019,2023
532,Quản lý nhà nước,Văn hóa - Chính trị - Khoa học Xã hội,4,2024,2024
533,Chính trị học,Khoa học xã hội và hành vi,22,2019,2023
533,"Chính trị học, chuyên ngành Tư tưởng Hồ Chí Minh",Văn hóa - Chính trị - Khoa học Xã hội,4,2024,2024
535,Chính trị học,Khoa học xã hội và hành vi,21,2019,2023
536,Chính trị học,Khoa học xã hội và hành vi,22,2019,2023
537,Quản lý nhà nước,Khoa học xã hội và hành vi,19,2019,2023
538,"Chính tri học, chuyên ngành Truyền thông chính sách",Văn hóa - Chính trị - Khoa học Xã hội,4,2024,2024
538,Chính trị học,Khoa học xã hội và hành vi,21,2019,2023
602,Báo chí,Báo chí và thông tin,30,2019,2023
602,"Báo chí, chuyên ngành Báo in",Báo chí - Marketing - Quảng cáo - PR,3,2024,2024
603,Báo chí,Báo chí và thông tin,31,2019,2023
603,"Báo chí, chuyên ngành Ảnh báo chí",Báo chí - Marketing - Quảng cáo - PR,3,2024,2024
604,Báo chí,Báo chí và thông tin,30,2019,2023
604,"Báo chí, chuyên ngành Báo phát thanh",Báo chí - Marketing - Quảng cáo - PR,3,2024,2024
605,Báo chí,Báo chí và thông tin,31,2019,2023
605,"Báo chí, chuyên ngành Báo truyền hình",Báo chí - Marketing - Quảng cáo - PR,3,2024,2024
606,Báo chí,Báo chí và thông tin,28,2019,2023
606,"Báo chí, chuyên ngành Quay phim truyền hình",Báo chí - Marketing - Quảng cáo - PR,3,2024,2024
607,Báo chí,Báo chí và thông tin,31,2019,2023
607,"Báo chí, chuyên ngành Báo mạng điện tử",Báo chí - Marketing - Quảng cáo - PR,3,2024,2024
608,Báo chí,Báo chí và thông tin,30,2019,2023
609,Báo chí,Báo chí và thông tin,26,2019,2023
610,Quan hệ quốc tế,Khoa học xã hội và hành vi,34,2019,2023
610,"Quan hệ quốc tế, chuyên ngành Thông tin đối ngoại",Báo chí - Marketing - Quảng cáo - PR,4,2024,2024
611,Quan hệ quốc tế,Khoa học xã hội và hành vi,33,2019,2023
611,"Quan hệ quốc tế, chuyên ngành Quan hệ chính trị và Truyền thông quốc tế",Báo chí - Marketing - Quảng cáo - PR,4,2024,2024
614,Quan hệ quốc tế,Khoa học xã hội và hành vi,33,2019,2023
614,"Quan hệ quốc tế, chuyên ngành Quan hệ quốc tế và Truyền thông toàn cầu",Báo chí - Marketing - Quảng cáo - PR,4,2024,2024
615,Quan hệ công chúng,Báo chí và thông tin,35,2019,2023
615,"Quan hệ công chúng, chuyên ngành Quan hệ công chúng chuyên nghiệp",Báo chí - Marketing - Quảng cáo - PR,4,2024,2024
616,Quan hệ công chúng,Báo chí và thông tin,34,2019,2023
616,"Quan hệ công chúng, chuyên ngành Truyền thông marketing",Báo chí - Marketing - Quảng cáo - PR,4,2024,2024
6510304,Kỹ thuật hàng không,Công an - Quân đội,2,2024,2024
7140101,Giáo dục học,Khoa học giáo dục và đào tạo giáo viên,133,2018,2023
7140101,Giáo dục học,Sư phạm - Giáo dục,28,2024,2024
7140103,Công nghệ giáo dục,Công nghệ thông tin - Tin học,7,2024,2024
7140112,Sư phạm Hóa học,Khoa học giáo dục và đào tạo giáo viên,9,2020,2022
7140114,Giáo dục Đặc biệt,Khoa học giáo dục và đào tạo giáo viên,4,2018,2018
7140114,Quản lý Giáo dục,Sư phạm - Giáo dục,12,2024,2024
7140114,Quản lý giáo dục,Khoa học giáo dục và đào tạo giáo viên,184,2018,2023
7140114,Quản lý giáo dục,Sư phạm - Giáo dục,18,2024,2024
7140114C,Quản lí giáo dục,Kinh tế - Quản trị kinh doanh - Thương Mại,1,2024,2024
7140114D,Quản lí giáo dục,Kinh tế - Quản trị kinh doanh - Thương Mại,3,2024,2024
7140199,Kinh tế,Khoa học giáo dục và đào tạo giáo viên,8,2019,2021
7140201,Giáo dục Mầm non,Khoa học giáo dục và đào tạo giáo viên,439,2018,2023
7140201,Giáo dục Mầm non,Sư phạm - Giáo dục,82,2024,2024
7140201,Giáo dục Mầm non (Cao đẳng),Sư phạm - Giáo dục,4,2024,2024
7140201,Giáo dục Mầm non (Trình độ Đại học),Sư phạm - Giáo dục,1,2024,2024
7140201,Giáo dục Mầm non (trình độ đại học),Sư phạm - Giáo dục,4,2024,2024
7140201,Giáo dục mầm non,Sư phạm - Giáo dục,9,2024,2024
7140201,Giáo dục tiểu học,Sư phạm - Giáo dục,4,2024,2024
7140201,SP Giáo dục Mầm non,Sư phạm - Giáo dục,4,2024,2024
7140201A,Giáo dục Mầm non,Sư phạm - Giáo dục,1,2024,2024
7140201B,Giáo dục Mầm non - SP Tiếng Anh,Sư phạm - Giáo dục,1,2024,2024
7140201C,Giáo dục Mầm non - SP Tiếng Anh,Sư phạm - Giáo dục,1,2024,2024
7140202,Giáo dục Tiểu học,Khoa học giáo dục và đào tạo giáo viên,758,2018,2023
7140202,Giáo dục Tiểu học,Sư phạm - Giáo dục,110,2024,2024
7140202,Giáo dục Tiểu học (chương trình đại trà),Sư phạm - Giáo dục,4,2024,2024
7140202,Giáo dục tiểu học,Sư phạm - Giáo dục,13,2024,2024
7140202,SP Giáo dục Tiểu học,Sư phạm - Giáo dục,4,2024,2024
7140202,Sư phạm tiểu học,Khoa học giáo dục và đào tạo giáo viên,13,2022,2023
7140202A,Giáo dục Tiểu học,Sư phạm - Giáo dục,3,2024,2024
7140202B,Giáo dục Tiểu học - SP Tiếng Anh,Sư phạm - Giáo dục,1,2024,2024
7140202JR,Giáo dục Tiểu học – Tiếng Jrai,Sư phạm - Giáo dục,4,2024,2024
7140202TA,Giáo dục Tiểu học (chương trình tiếng Anh),Sư phạm - Giáo dục,4,2024,2024
7140202TA,Giáo dục Tiểu học (ĐT bằng Tiếng Anh),Sư phạm - Giáo dục,4,2024,2024
7140203,Giáo dục Chính trị,Sư phạm - Giáo dục,4,2024,2024
7140203,Giáo dục Thể chất,Khoa học giáo dục và đào tạo giáo viên,12,2020,2022
7140203,Giáo dục Đặc biệt,Khoa học giáo dục và đào tạo giáo viên,74,2018,2023
7140203,Giáo dục Đặc biệt,Sư phạm - Giáo dục,3,2024,2024
7140203,Quản lý giáo dục,Khoa học giáo dục và đào tạo giáo viên,4,2018,2018
7140203C,Giáo dục đặc biệt,Sư phạm - Giáo dục,1,2024,2024
7140203D,Giáo dục đặc biệt,Sư phạm - Giáo dục,3,2024,2024
7140204,Giáo dục Công dân,Khoa học giáo dục và đào tạo giáo viên,190,2018,2023
7140204,Giáo dục Công dân,Sư phạm - Giáo dục,20,2024,2024
7140204,Giáo dục công dân,Sư phạm - Giáo dục,7,2024,2024
7140204B,Giáo dục công dân,Sư phạm - Giáo dục,1,2024,2024
7140204C,Giáo dục công dân,Sư phạm - Giáo dục,1,2024,2024
7140205,Giáo dục Chính trị,Khoa học giáo dục và đào tạo giáo viên,324,2018,2023
7140205,Giáo dục Chính trị,Sư phạm - Giáo dục,35,2024,2024
7140205,Giáo dục chính trị,Sư phạm - Giáo dục,2,2024,2024
7140205,Sư phạm Giáo dục Chính trị,Sư phạm - Giáo dục,4,2024,2024
7140205B,Giáo dục chính trị,Sư phạm - Giáo dục,1,2024,2024
7140205C,Giáo dục chính trị,Sư phạm - Giáo dục,1,2024,2024
7140206,Giáo dục Thể chất,Khoa học giáo dục và đào tạo giáo viên,286,2018,2023
7140206,Giáo dục Thể chất,Sư phạm - Giáo dục,44,2024,2024
7140206,Giáo dục thể chất,Sư phạm - Giáo dục,20,2024,2024
7140207,Huấn luyện thể thao,Khoa học giáo dục và đào tạo giáo viên,10,2018,2019
7140208,Giáo dục Quốc phòng - An ninh,Khoa học giáo dục và đào tạo giáo viên,87,2018,2023
7140208,Giáo dục Quốc phòng - An ninh,Sư phạm - Giáo dục,11,2024,2024
7140208,Giáo dục Quốc phòng -An ninh,Sư phạm - Giáo dục,4,2024,2024
7140208,Giáo dục Quốc phòng và An ninh,Khoa học giáo dục và đào tạo giáo viên,7,2023,2023
7140208,Giáo dục Quốc phòng và An ninh,Sư phạm - Giáo dục,4,2024,2024
7140208C,Giáo dục Quốc phòng và An ninh,Sư phạm - Giáo dục,1,2024,2024
7140208D,Giáo dục Quốc phòng và An ninh,Sư phạm - Giáo dục,3,2024,2024
7140209,Sư phạm Toán,Sư phạm - Giáo dục,4,2024,2024
7140209,Sư phạm Toán học,Khoa học giáo dục và đào tạo giáo viên,667,2018,2023
7140209,Sư phạm Toán học,Sư phạm - Giáo dục,88,2024,2024
7140209,Sư phạm Toán học - Chương trình đại trà - Chương trình Toán Tiếng Anh,Sư phạm - Giáo dục,4,2024,2024
7140209A,Sư phạm Toán học,Sư phạm - Giáo dục,1,2024,2024
7140209B,Sư phạm Toán học (dạy Toán bằng tiếng Anh),Sư phạm - Giáo dục,1,2024,2024
7140209C,Sư phạm Toán học (lớp tài năng),Sư phạm - Giáo dục,4,2024,2024
7140209D,Sư phạm Toán học (dạy Toán bằng tiếng Anh),Sư phạm - Giáo dục,1,2024,2024
7140209TA,Sư phạm Toán học (ĐT bằng Tiếng Anh),Sư phạm - Giáo dục,4,2024,2024
7140210,Sư phạm Tin học,Khoa học giáo dục và đào tạo giáo viên,351,2018,2023
7140210,Sư phạm Tin học,Sư phạm - Giáo dục,58,2024,2024
7140210,Sư phạm Vật lý,Khoa học giáo dục và đào tạo giáo viên,2,2019,2019
7140210A,Sư phạm Tin học,Sư phạm - Giáo dục,1,2024,2024
7140210B,Sư phạm Tin học,Sư phạm - Giáo dục,1,2024,2024
7140210TA,Sư phạm Tin học (ĐT bằng Tiếng Anh),Sư phạm - Giáo dục,4,2024,2024
7140211,Sư phạm Vât lý,Sư phạm - Giáo dục,4,2024,2024
7140211,Sư phạm Vật lí,Sư phạm - Giáo dục,4,2024,2024
7140211,Sư phạm Vật lý,Khoa học giáo dục và đào tạo giáo viên,540,2018,2023
7140211,Sư phạm Vật lý,Sư phạm - Giáo dục,53,2024,2024
7140211A,Sư phạm Vật lí,Sư phạm - Giáo dục,1,2024,2024
7140211B,Sư phạm Vật lí,Sư phạm - Giáo dục,1,2024,2024
7140211C,Sư phạm Vật lí (dạy Vật lí bằng tiếng Anh),Sư phạm - Giáo dục,1,2024,2024
7140211D,Sư phạm Vật lí (dạy Vật lí bằng tiếng Anh),Sư phạm - Giáo dục,1,2024,2024
7140211TA,Sư phạm vật lý (ĐT bằng Tiếng Anh),Sư phạm - Giáo dục,4,2024,2024
7140212,Sư phạm Hoá học,Sư phạm - Giáo dục,17,2024,2024
7140212,Sư phạm Hóa học,Khoa học giáo dục và đào tạo giáo viên,458,2018,2023
7140212,Sư phạm Hóa học,Sư phạm - Giáo dục,29,2024,2024
7140212,Sư phạm Mỹ thuật,Khoa học giáo dục và đào tạo giáo viên,4,2020,2020
7140212,Sư phạm Tin học,Khoa học giáo dục và đào tạo giáo viên,3,2020,2020
7140212A,Sư phạm Hoá học,Sư phạm - Giáo dục,1,2024,2024
7140212B,Sư phạm Hoá học (dạy Hoá học bằng tiếng Anh),Sư phạm - Giáo dục,1,2024,2024
7140212C,Sư phạm Hoá học,Sư phạm - Giáo dục,1,2024,2024
7140212TA,Sư phạm Hóa học (ĐT bằng Tiếng Anh),Sư phạm - Giáo dục,4,2024,2024
7140213,Sư phạm Sinh,Sư phạm - Giáo dục,4,2024,2024
7140213,Sư phạm Sinh học,Khoa học giáo dục và đào tạo giáo viên,414,2018,2023
7140213,Sư phạm Sinh học,Sư phạm - Giáo dục,45,2024,2024
7140213B,Sư phạm Sinh học,Sư phạm - Giáo dục,1,2024,2024
7140213D,Sư phạm Sinh học,Sư phạm - Giáo dục,1,2024,2024
7140213TA,Sư phạm Sinh học (ĐT bằng Tiếng Anh),Sư phạm - Giáo dục,4,2024,2024
7140214,Sư phạm Kỹ thuật công nghiệp (chuyên ngành Công nghệ thông tin),Sư phạm - Giáo dục,4,2024,2024
7140214,Sư phạm kỹ thuật công nghiệp,Khoa học giáo dục và đào tạo giáo viên,44,2018,2023
7140215,Sư phạm Kỹ thuật nông nghiệp,Khoa học giáo dục và đào tạo giáo viên,31,2018,2023
7140215,Sư phạm Kỹ thuật nông nghiệp,Sư phạm - Giáo dục,4,2024,2024
7140217,Sư phạm Ngữ Văn,Sư phạm - Giáo dục,8,2024,2024
7140217,Sư phạm Ngữ văn,Khoa học giáo dục và đào tạo giáo viên,620,2018,2023
7140217,Sư phạm Ngữ văn,Sư phạm - Giáo dục,86,2024,2024
7140217C,Sư phạm Ngữ văn,Sư phạm - Giáo dục,1,2024,2024
7140217D,Sư phạm Ngữ văn,Sư phạm - Giáo dục,3,2024,2024
7140218,Sư phạm Lịch Sử,Sư phạm - Giáo dục,3,2024,2024
7140218,Sư phạm Lịch sử,Khoa học giáo dục và đào tạo giáo viên,439,2018,2023
7140218,Sư phạm Lịch sử,Sư phạm - Giáo dục,46,2024,2024
7140218C,Sư phạm Lịch sử,Sư phạm - Giáo dục,1,2024,2024
7140218D,Sư phạm Lịch sử,Sư phạm - Giáo dục,1,2024,2024
7140219,Sư phạm Địa lí,Sư phạm - Giáo dục,12,2024,2024
7140219,Sư phạm Địa lý,Khoa học giáo dục và đào tạo giáo viên,309,2018,2023
7140219,Sư phạm Địa lý,Sư phạm - Giáo dục,31,2024,2024
7140219B,Sư phạm Địa lí,Sư phạm - Giáo dục,1,2024,2024
7140219C,Sư phạm Địa lí,Sư phạm - Giáo dục,1,2024,2024
7140221,Sư phạm Âm nhạc,Khoa học giáo dục và đào tạo giáo viên,67,2018,2023
7140221,Sư phạm Âm nhạc,Sư phạm - Giáo dục,11,2024,2024
7140221A,Sư phạm Âm nhạc,Sư phạm - Giáo dục,1,2024,2024
7140221B,Sư phạm Âm nhạc,Sư phạm - Giáo dục,1,2024,2024
7140222,Sư phạm Mỹ thuật,Khoa học giáo dục và đào tạo giáo viên,51,2018,2023
7140222,Sư phạm Mỹ thuật,Sư phạm - Giáo dục,8,2024,2024
7140222A,Sư phạm Mỹ thuật,Sư phạm - Giáo dục,1,2024,2024
7140222B,Sư phạm Mỹ thuật,Sư phạm - Giáo dục,1,2024,2024
7140226,Sư phạm Tiếng Khmer,Khoa học giáo dục và đào tạo giáo viên,6,2019,2021
7140227,SP tiếng H'mong,Sư phạm - Giáo dục,4,2024,2024
7140231,Sư phạm Tiếng Anh,Khoa học giáo dục và đào tạo giáo viên,479,2018,2023
7140231,Sư phạm Tiếng Anh,Sư phạm - Giáo dục,67,2024,2024
7140231,Sư phạm tiếng Anh,Sư phạm - Giáo dục,15,2024,2024
7140231A,Sư phạm Tiếng Anh,Sư phạm - Giáo dục,1,2024,2024
7140231C,Sư phạm Tiếng Anh (lớp tài năng),Sư phạm - Giáo dục,4,2024,2024
7140231V,Sư phạm tiếng Anh (đào tạo bằng tiếng Việt),Sư phạm - Giáo dục,2,2024,2024
7140232,Sư phạm Tiếng Nga,Khoa học giáo dục và đào tạo giáo viên,28,2018,2023
7140232,Sư phạm Tiếng Nga,Sư phạm - Giáo dục,4,2024,2024
7140233,Sư phạm Tiếng Pháp,Khoa học giáo dục và đào tạo giáo viên,150,2018,2023
7140233,Sư phạm Tiếng Pháp,Sư phạm - Giáo dục,5,2024,2024
7140233,Sư phạm tiếng Pháp,Sư phạm - Giáo dục,8,2024,2024
7140233C,Sư phạm Tiếng Pháp,Sư phạm - Giáo dục,3,2024,2024
7140233D,Sư phạm Tiếng Pháp,Sư phạm - Giáo dục,3,2024,2024
7140234,Sư phạm Tiếng Trung Quốc,Khoa học giáo dục và đào tạo giáo viên,133,2018,2023
7140234,Sư phạm Tiếng Trung Quốc,Sư phạm - Giáo dục,14,2024,2024
7140234,Sư phạm tiếng Trung,Khoa học giáo dục và đào tạo giáo viên,4,2018,2018
7140234,Sư phạm tiếng Trung,Sư phạm - Giáo dục,4,2024,2024
7140234,Sư phạm tiếng Trung Quốc,Sư phạm - Giáo dục,4,2024,2024
7140235,Sư phạm Tiếng Đức,Khoa học giáo dục và đào tạo giáo viên,9,2022,2023
7140235,Sư phạm tiếng Đức,Sư phạm - Giáo dục,4,2024,2024
7140236,Sư phạm Tiếng Nhật,Khoa học giáo dục và đào tạo giáo viên,23,2019,2023
7140236,Sư phạm tiếng Nhật,Sư phạm - Giáo dục,4,2024,2024
7140237,Sư phạm Tiếng Hàn Quốc,Khoa học giáo dục và đào tạo giáo viên,20,2019,2023
7140237,Sư phạm tiếng Hàn Quốc,Sư phạm - Giáo dục,4,2024,2024
7140246,Công nghệ kỹ thuật cơ khí,Công nghệ kỹ thuật,4,2021,2021
7140246,Công nghệ kỹ thuật ô tô,Công nghệ kỹ thuật,4,2021,2021
7140246,Công nghệ thông tin,Máy tính và công nghệ thông tin,4,2021,2021
7140246,Sư phạm Công nghệ,Sư phạm - Giáo dục,7,2024,2024
7140246,Sư phạm công nghệ,Khoa học giáo dục và đào tạo giáo viên,196,2018,2023
7140246,Sư phạm công nghệ,Sư phạm - Giáo dục,20,2024,2024
7140246A,Sư phạm Công nghệ,Sư phạm - Giáo dục,1,2024,2024
7140246B,Sư phạm Công nghệ,Sư phạm - Giáo dục,1,2024,2024
7140246V,Sư phạm Công nghệ (đào tạo bằng tiếng Việt),Sư phạm - Giáo dục,4,2024,2024
7140247,Sư phạm KH Tự nhiên,Sư phạm - Giáo dục,4,2024,2024
7140247,Sư phạm Khoa học Tự nhiên,Sư phạm - Giáo dục,10,2024,2024
7140247,Sư phạm Khoa học tự nhiên,Sư phạm - Giáo dục,48,2024,2024
7140247,Sư phạm Khoa học tự nhiên (Đào tạo giáo viên THCS),Sư phạm - Giáo dục,2,2024,2024
7140247,Sư phạm Lịch sử Địa lý,Khoa học giáo dục và đào tạo giáo viên,7,2022,2022
7140247,Sư phạm khoa học tự nhiên,Khoa học giáo dục và đào tạo giáo viên,186,2018,2023
7140247,Sư phạm khoa học tự nhiên,Sư phạm - Giáo dục,4,2024,2024
7140247A,Sư phạm Khoa học tự nhiên,Sư phạm - Giáo dục,1,2024,2024
7140247B,Sư phạm Khoa học tự nhiên,Sư phạm - Giáo dục,1,2024,2024
7140248,Giáo dục pháp luật,Khoa học giáo dục và đào tạo giáo viên,28,2019,2023
7140248,Giáo dục pháp luật,Sư phạm - Giáo dục,4,2024,2024
7140249,Sư phạm Lịch sừ - Địa lý,Sư phạm - Giáo dục,4,2024,2024
7140249,Sư phạm Lịch sử - Địa lí,Sư phạm - Giáo dục,3,2024,2024
7140249,Sư phạm Lịch sử - Địa lý,Sư phạm - Giáo dục,24,2024,2024
7140249,Sư phạm Lịch sử - Địa lý (Đào tạo giáo viên THCS),Sư phạm - Giáo dục,1,2024,2024
7140249,Sư phạm Lịch sử và Địa lý,Sư phạm - Giáo dục,4,2024,2024
7140249,Sư phạm Lịch sử Địa lý,Khoa học giáo dục và đào tạo giáo viên,148,2018,2023
7140249,Sư phạm Lịch sử Địa lý,Sư phạm - Giáo dục,3,2024,2024
7140249A,Sư phạm Lịch sử - Địa lí,Sư phạm - Giáo dục,1,2024,2024
7140250,Sư phạm Tin học và Công nghệ Tiểu học,Khoa học giáo dục và đào tạo giáo viên,21,2019,2023
7140250,Sư phạm Tin học và Công nghệ Tiểu học,Sư phạm - Giáo dục,4,2024,2024
7140404,Thiết kế thời trang,Nghệ thuật,14,2021,2023
7140406,Giáo dục Thể chất,Khoa học giáo dục và đào tạo giáo viên,12,2021,2023
7210101,"Lý luận, lịch sử và phê bình mỹ thuật",Du lịch-Khách sạn,1,2024,2024
7210103,Hội hoạ,Mỹ thuật - Âm nhạc - Nghệ thuật,1,2024,2024
7210103,Hội hoạ,Nghệ thuật,25,2018,2023
7210103,Hội họa,Mỹ thuật - Âm nhạc - Nghệ thuật,2,2024,2024
7210104,Đồ hoạ,Thiết kế đồ họa - Game - Đa phương tiện,1,2024,2024
7210104,Đồ họa,Nghệ thuật,4,2019,2021
7210104,Đồ họa,Thiết kế đồ họa - Game - Đa phương tiện,1,2024,2024
7210105,Điêu khắc,Mỹ thuật - Âm nhạc - Nghệ thuật,4,2024,2024
7210105,Điêu khắc,Nghệ thuật,23,2018,2023
7210107,Gốm,Nghệ thuật,9,2018,2022
7210110,Mỹ thuật đô thị,Nghệ thuật,13,2018,2023
7210110,Mỹ thuật đô thị,Xây dựng - Kiến trúc - Giao thông,7,2024,2024
7210201,Âm nhạc học,Mỹ thuật - Âm nhạc - Nghệ thuật,3,2024,2024
7210201,Âm nhạc học,Nghệ thuật,3,2018,2021
7210203,Sáng tác âm nhạc,Mỹ thuật - Âm nhạc - Nghệ thuật,3,2024,2024
7210203,Sáng tác âm nhạc,Nghệ thuật,1,2018,2018
7210204,Chỉ huy âm nhạc,Mỹ thuật - Âm nhạc - Nghệ thuật,2,2024,2024
7210205,Piano,Nghệ thuật,2,2021,2021
7210205,Thanh Nhạc,Mỹ thuật - Âm nhạc - Nghệ thuật,1,2024,2024
7210205,Thanh nhạc,Mỹ thuật - Âm nhạc - Nghệ thuật,8,2024,2024
7210205,Thanh nhạc,Nghệ thuật,55,2018,2023
7210207,Biểu diễn nhạc cụ phương Tây,Nghệ thuật,1,2018,2018
7210207,Biểu diễn nhạc cụ phương tây,Mỹ thuật - Âm nhạc - Nghệ thuật,3,2024,2024
7210208,Piano,Mỹ thuật - Âm nhạc - Nghệ thuật,6,2024,2024
7210208,Piano,Nghệ thuật,36,2018,2023
7210208,ĐH Piano,Nghệ thuật,1,2018,2018
7210209,Nhạc Jazz,Mỹ thuật - Âm nhạc - Nghệ thuật,1,2024,2024
7210210,Biểu diễn nhạc cụ truyền thống,Mỹ thuật - Âm nhạc - Nghệ thuật,3,2024,2024
7210210,Biểu diễn nhạc cụ truyền thống,Nghệ thuật,3,2018,2021
7210213,Nghệ thuật học,Mỹ thuật - Âm nhạc - Nghệ thuật,3,2024,2024
7210226,Diễn viên sân khấu kịch hát,Mỹ thuật - Âm nhạc - Nghệ thuật,1,2024,2024
7210227,Đạo diễn sân khấu,Mỹ thuật - Âm nhạc - Nghệ thuật,1,2024,2024
7210227,Đạo diễn sân khấu,Nghệ thuật,2,2019,2020
7210231,"Lý luận, lịch sử và phê bình điện ảnh, truyền hình",Du lịch-Khách sạn,1,2024,2024
7210233,"Biên kịch điện ảnh, truyền hình",Báo chí - Marketing - Quảng cáo - PR,1,2024,2024
7210234,Diễn viên Kịch - Điện ảnh liên thông,Mỹ thuật - Âm nhạc - Nghệ thuật,1,2024,2024
7210234,Diễn viên kịch - điện ảnh,Nghệ thuật,1,2018,2018
7210234,"Diễn viên kịch, điện ảnh - truyền hình",Mỹ thuật - Âm nhạc - Nghệ thuật,2,2024,2024
7210234,"Diễn viên kịch, điện ảnh - truyền hình",Nghệ thuật,29,2019,2023
7210234,"Diễn viên kịch, điện ảnh-truyền hình",Mỹ thuật - Âm nhạc - Nghệ thuật,1,2024,2024
7210234,Giáo dục Mầm non,Khoa học giáo dục và đào tạo giáo viên,3,2023,2023
7210235,Đạo diễn điện ảnh,Mỹ thuật - Âm nhạc - Nghệ thuật,1,2024,2024
7210235,"Đạo diễn điện ảnh, truyền hình",Mỹ thuật - Âm nhạc - Nghệ thuật,5,2024,2024
7210235,"Đạo diễn điện ảnh, truyền hình",Nghệ thuật,26,2018,2023
7210236,Quay phim,Nghệ thuật,19,2019,2023
7210236,Quay phim điện ảnh,Báo chí - Marketing - Quảng cáo - PR,1,2024,2024
7210236,Quản trị bệnh viện,Sức khỏe,3,2023,2023
7210243,Biên đạo múa,Báo chí - Marketing - Quảng cáo - PR,2,2024,2024
7210243,Biên đạo múa,Nghệ thuật,1,2018,2018
7210244,Huấn luyện múa,Khác,1,2024,2024
7210301,Nhiếp ảnh,Khác,1,2024,2024
7210302,Công nghệ dựng phim,Công nghệ thông tin - Tin học,1,2024,2024
7210302,"Công nghệ điện ảnh, truyền hình",Công nghệ thông tin - Tin học,12,2024,2024
7210302,"Công nghệ điện ảnh, truyền hình",Nghệ thuật,41,2018,2023
7210304,Quay phim,Nghệ thuật,13,2021,2022
7210402,Thiết kế công nghiệp,Nghệ thuật,209,2018,2023
7210402,Thiết kế công nghiệp,Thiết kế đồ họa - Game - Đa phương tiện,30,2024,2024
7210403,Thiết kế Đồ họa,Thiết kế đồ họa - Game - Đa phương tiện,5,2024,2024
7210403,Thiết kế đồ hoạ,Thiết kế đồ họa - Game - Đa phương tiện,8,2024,2024
7210403,Thiết kế đồ họa,Nghệ thuật,484,2018,2023
7210403,Thiết kế đồ họa,Thiết kế đồ họa - Game - Đa phương tiện,92,2024,2024
7210403V,Thiết kế đồ họa (đào tạo bằng tiếng Việt),Thiết kế đồ họa - Game - Đa phương tiện,4,2024,2024
7210404,Thiết kế Thời trang,Thời trang - May mặc,5,2024,2024
7210404,Thiết kế thời trang,Nghệ thuật,332,2018,2023
7210404,Thiết kế thời trang,Thời trang - May mặc,49,2024,2024
7210404V,Thiết kế thời trang (đào tạo bằng tiếng Việt),Thời trang - May mặc,4,2024,2024
7210405,Thiết kế nội thất,Nghệ thuật,18,2018,2023
7210405,Âm nhạc,Mỹ thuật - Âm nhạc - Nghệ thuật,4,2024,2024
7210405,Âm nhạc học,Nghệ thuật,13,2020,2022
7210406,Mỹ thuật,Nghệ thuật,5,2022,2022
7210406,"Thiết kế mỹ thuật sân khấu, điện ảnh",Thiết kế đồ họa - Game - Đa phương tiện,1,2024,2024
7210407,Sư phạm Mỹ thuật,Khoa học giáo dục và đào tạo giáo viên,12,2020,2021
7210407,Thiết kế nội thất,Nghệ thuật,1,2023,2023
7210407,Thời trang và sáng tạo,Nghệ thuật,1,2023,2023
7210407,Đồ họa,Nghệ thuật,1,2023,2023
7210408,Nghệ thuật số,Mỹ thuật - Âm nhạc - Nghệ thuật,4,2024,2024
7210408,Nghệ thuật số,Nghệ thuật,34,2020,2023
7210408,Nghệ thuật số (Digital Art),Mỹ thuật - Âm nhạc - Nghệ thuật,4,2024,2024
7210409,Thiết kế mỹ thuật số,Nghệ thuật,16,2022,2023
7210409,Thiết kế mỹ thuật số,Thiết kế đồ họa - Game - Đa phương tiện,4,2024,2024
7220101,Tiếng Việt & Văn hóa Việt Nam,Văn hóa - Chính trị - Khoa học Xã hội,4,2024,2024
7220101,Tiếng Việt và văn hoá Việt Nam,Nhân văn,99,2018,2023
7220101,Tiếng Việt và văn hóa Việt Nam,Văn hóa - Chính trị - Khoa học Xã hội,4,2024,2024
7220101,Tiếng việt và văn hóa Việt Nam,Văn hóa - Chính trị - Khoa học Xã hội,4,2024,2024
7220104,Hán Nôm,Nhân văn,32,2018,2023
7220104,Hán Nôm,Văn hóa - Chính trị - Khoa học Xã hội,3,2024,2024
7220106,Ngôn ngữ Khmer,Ngoại giao - Ngoại ngữ,3,2024,2024
7220106,Ngôn ngữ Khmer,Nhân văn,8,2018,2021
7220110,Văn học,Nhân văn,1,2018,2018
7220112,Ngành Văn hóa các dân tộc thiểu số Việt Nam,Văn hóa - Chính trị - Khoa học Xã hội,4,2024,2024
7220112,Văn hoá các dân tộc thiểu số Việt Nam,Nhân văn,95,2018,2023
7220113,Ngôn ngữ và Văn hóa các dân tộc thiếu số Việt Nam,Ngoại giao - Ngoại ngữ,4,2024,2024
7220115,Y học cổ truyền,Sức khỏe,4,2023,2023
7220201,Dược học,Sức khỏe,1,2021,2021
7220201,Kinh tế,Khoa học xã hội và hành vi,6,2021,2023
7220201,Ngôn Ngữ Anh,Công an - Quân đội,1,2024,2024
7220201,Ngôn ngữ Anh,Công an - Quân đội,416,2024,2024
7220201,Ngôn ngữ Anh,Nhân văn,2659,2018,2023
7220201,Ngôn ngữ Anh (04 chuyên ngành: Biên - phiên dịch; Tiếng Anh du lịch; Giảng dạy Tiếng Anh; Song ngữ Anh -Trung),Công an - Quân đội,4,2024,2024
7220201,Ngôn ngữ Anh (CN Thương mại và Du lịch),Công an - Quân đội,1,2024,2024
7220201,Ngôn ngữ Anh (Chương trình liên kết với ĐH West of England) (2+2),Công an - Quân đội,4,2024,2024
7220201,Ngôn ngữ Anh (Chương trình liên kết với ĐH West of England) (3+1),Công an - Quân đội,4,2024,2024
7220201,Ngôn ngữ Anh (Chương trình liên kết với ĐH West of England) (4+0),Công an - Quân đội,4,2024,2024
7220201,Ngôn ngữ Anh (Song ngữ Anh - Hàn),Công an - Quân đội,4,2024,2024
7220201,Ngôn ngữ Anh (Song ngữ Anh - Trung),Công an - Quân đội,4,2024,2024
7220201,Ngôn ngữ Anh (Tiếng Anh ứng dụng),Công an - Quân đội,12,2024,2024
7220201,Ngôn ngữ Anh (chuẩn quốc tế),Công an - Quân đội,1,2024,2024
7220201,"Ngôn ngữ Anh (liên kết với Trường Đại học Minnesota Crookston, Hoa Kỳ)",Công an - Quân đội,3,2024,2024
7220201,Ngôn ngữ Anh (Đặc biệt),Công an - Quân đội,4,2024,2024
7220201,Ngôn ngữ Anh - Biên - phiên dịch - Tiếng Anh kinh doanh - Tiếng Anh du lịch,Công an - Quân đội,4,2024,2024
7220201,"Ngôn ngữ Anh, chuyên ngành Biên - phiên dịch thuộc ngành Ngôn ngữ Anh chuyên ngành Tiếng Anh du lịch thuộc ngành Ngôn ngữ Anh",Công an - Quân đội,3,2024,2024
7220201,Ngôn ngữ anh,Công an - Quân đội,4,2024,2024
7220201,Thiết kế đồ họa,Nghệ thuật,4,2023,2023
7220201,Tiếng Anh thương mại,Công an - Quân đội,4,2024,2024
7220201,Tiếng Anh thương mại,Nhân văn,18,2018,2021
7220201A,Ngôn ngữ Anh (Tiếng Anh du lịch),Công an - Quân đội,4,2024,2024
7220201C,Ngôn ngữ Anh (CTCLC),Công an - Quân đội,3,2024,2024
7220201C,Ngôn ngữ Anh Chất lượng cao,Công an - Quân đội,4,2024,2024
7220201C1,Tiêng Anh biên - phiên dịch (ngành Ngôn ngữ Anh),Công an - Quân đội,4,2024,2024
7220201C2,Tiếng Anh du lịch - thương mại (ngành Ngôn ngữ Anh),Công an - Quân đội,4,2024,2024
7220201C3,Phương pháp giảng dạy tiếng Anh (ngành Ngôn ngữ Anh),Công an - Quân đội,4,2024,2024
7220201CLC,Ngôn ngữ Anh (Chương trình chất lượng cao),Công an - Quân đội,1,2024,2024
7220201CT,Lý luận và PP dạy học bộ môn tiếng Anh (nhận bằng Cử nhân ngành Ngôn ngữ Anh),Công an - Quân đội,4,2024,2024
7220201DKD,Ngôn ngữ Anh,Công an - Quân đội,4,2024,2024
7220201DKK,Ngôn ngữ Anh,Công an - Quân đội,4,2024,2024
7220201DL,Ngôn ngữ Anh,Công an - Quân đội,4,2024,2024
7220201E,Ngôn ngữ Anh (chuyên ngành Tiếng Anh thương mại; logistics và vận tải quốc tế) - Chương trình học hoàn toàn bằng tiếng Anh,Công an - Quân đội,4,2024,2024
7220201H,Ngôn ngữ Anh (Khu Hòa An),Công an - Quân đội,3,2024,2024
7220201KT,Ngôn ngữ Anh (Đào tạo 2 năm đầu tại Kon Tum),Công an - Quân đội,4,2024,2024
7220201N,Ngôn ngữ Anh,Công an - Quân đội,4,2024,2024
7220201TT,Ngôn ngữ Anh - chương trình tiên tiến (TT),Công an - Quân đội,1,2024,2024
7220201V,Ngôn ngữ Anh (đào tạo bằng tiếng Việt),Công an - Quân đội,2,2024,2024
7220202,Ngôn ngữ Nga,Công an - Quân đội,26,2024,2024
7220202,Ngôn ngữ Nga,Nhân văn,261,2018,2023
7220203,Ngôn ngữ Pháp,Ngoại giao - Ngoại ngữ,30,2024,2024
7220203,Ngôn ngữ Pháp,Nhân văn,248,2018,2023
7220204,Ngôn ngữ Trung Quốc,Công an - Quân đội,6,2024,2024
7220204,Ngôn ngữ Tiếng Trung,Công an - Quân đội,4,2024,2024
7220204,Ngôn ngữ Trung,Công an - Quân đội,6,2024,2024
7220204,Ngôn ngữ Trung Quốc,Công an - Quân đội,208,2024,2024
7220204,Ngôn ngữ Trung Quốc,Nhân văn,1247,2018,2023
7220204,"Ngôn ngữ Trung Quốc ( LK với ĐHSP Quảng Tây, TQ)",Công an - Quân đội,6,2024,2024
7220204,Ngôn ngữ Trung Quốc (chuẩn quốc tế),Công an - Quân đội,2,2024,2024
7220204,Ngôn ngữ Trung Quốc - Ngôn ngữ Trung - Anh,Công an - Quân đội,4,2024,2024
7220204,Tiếng Trung Quốc,Nhân văn,8,2021,2022
7220204A,Ngôn ngữ Trung Quốc,Công an - Quân đội,1,2024,2024
7220204B,Ngôn ngữ Trung Quốc,Công an - Quân đội,1,2024,2024
7220204C,Ngôn ngữ Trung Quốc Chất lượng cao,Công an - Quân đội,6,2024,2024
7220204C1,Tiếng Trung biên - phiên dịch (ngành Ngôn ngữ Trung Quốc),Công an - Quân đội,4,2024,2024
7220204C2,Tiếng Trung du lịch - thương mại (ngành Ngôn ngữ Trung Quốc),Công an - Quân đội,4,2024,2024
7220204C3,Phương pháp giảng dạy tiếng Trung (ngành Ngôn ngữ Trung Quốc),Công an - Quân đội,4,2024,2024
7220204DL,Ngôn ngữ Trung Quốc,Công an - Quân đội,4,2024,2024
7220204LK,Ngôn ngữ Trung Quốc (LK2+2 với ĐHKHKT Quảng Tây),Công an - Quân đội,2,2024,2024
7220204TT,Ngôn ngữ Trung Quốc - TT,Công an - Quân đội,2,2024,2024
7220205,Ngôn ngữ Đức,Ngoại giao - Ngoại ngữ,8,2024,2024
7220205,Ngôn ngữ Đức,Nhân văn,69,2018,2023
7220205,Ngôn ngữ Đức (chuẩn quốc tế),Ngoại giao - Ngoại ngữ,2,2024,2024
7220206,Ngôn ngữ Tây Ban Nha,Công an - Quân đội,4,2024,2024
7220206,Ngôn ngữ Tây Ban Nha,Nhân văn,30,2018,2023
7220207,Ngôn ngữ Bồ Đào Nha,Ngoại giao - Ngoại ngữ,1,2024,2024
7220207,Ngôn ngữ Bồ Đào Nha,Nhân văn,6,2018,2023
7220208,Ngôn ngữ Italia,Ngoại giao - Ngoại ngữ,4,2024,2024
7220208,Ngôn ngữ Italia,Nhân văn,33,2018,2023
7220208TT,Ngôn ngữ Italia - TT,Ngoại giao - Ngoại ngữ,1,2024,2024
7220209,Ngôn ngữ Anh,Nhân văn,4,2018,2018
7220209,Ngôn ngữ Hàn Quốc,Nhân văn,4,2018,2018
7220209,Ngôn ngữ Nhật,Ngoại giao - Ngoại ngữ,74,2024,2024
7220209,Ngôn ngữ Nhật,Nhân văn,541,2018,2023
7220209,Ngôn ngữ Nhật Bản,Ngoại giao - Ngoại ngữ,8,2024,2024
7220209,Quốc tế học,Nhân văn,4,2018,2018
7220209C,Ngôn ngữ Nhật Chất lượng cao,Ngoại giao - Ngoại ngữ,6,2024,2024
7220210,Ngôn ngữ Anh,Công an - Quân đội,4,2024,2024
7220210,Ngôn ngữ Anh,Nhân văn,8,2023,2023
7220210,Ngôn ngữ Hàn Quốc,Công an - Quân đội,99,2024,2024
7220210,Ngôn ngữ Hàn Quốc,Nhân văn,407,2018,2023
7220210,Ngôn ngữ Hàn quốc,Công an - Quân đội,4,2024,2024
7220211,Ngôn ngữ Ả Rập,Ngoại giao - Ngoại ngữ,4,2024,2024
7220211,Ngôn ngữ Ả Rập,Nhân văn,12,2021,2023
7220211,Ngôn ngữ Ảrập,Nhân văn,6,2019,2020
7220212,Văn hóa Truyền thông,Nhân văn,2,2023,2023
7220212QTD,Văn hóa và truyền thông xuyên quốc gia,Công nghệ thông tin - Tin học,4,2024,2024
7220213,Đông phương học,Nhân văn,2,2019,2020
7220214,Ngôn ngữ Thái Lan,Ngoại giao - Ngoại ngữ,4,2024,2024
7220214,Ngôn ngữ Thái Lan,Nhân văn,22,2018,2023
7220802,Quản trị khách sạn,"Du lịch, khách sạn, thể thao và dịch vụ cá nhân",8,2020,2021
7226040,Văn hoá học,Nhân văn,4,2021,2021
7229001,Triết học,Nhân văn,194,2018,2023
7229001,Triết học,Văn hóa - Chính trị - Khoa học Xã hội,24,2024,2024
7229001B,Triết học (Triết học Mác Lê-nin),Văn hóa - Chính trị - Khoa học Xã hội,1,2024,2024
7229001C,Triết học (Triết học Mác Lê-nin),Văn hóa - Chính trị - Khoa học Xã hội,1,2024,2024
7229008,Chủ nghĩa xã hội khoa học,Công an - Quân đội,4,2024,2024
7229008,Chủ nghĩa xã hội khoa học,Nhân văn,23,2019,2023
7229009,Tôn giáo học,Nhân văn,19,2020,2023
7229009,Tôn giáo học,Văn hóa - Chính trị - Khoa học Xã hội,3,2024,2024
7229010,Lịch sử,Nhân văn,231,2018,2023
7229010,Lịch sử,Văn hóa - Chính trị - Khoa học Xã hội,20,2024,2024
7229010,Lịch sử (Lịch sử - Địa lý và Kinh tế pháp luật),Văn hóa - Chính trị - Khoa học Xã hội,4,2024,2024
7229010,Lịch sử (chuyên ngành Quan hệ quốc tế),Văn hóa - Chính trị - Khoa học Xã hội,3,2024,2024
7229020,Ngôn ngữ học,Nhân văn,35,2018,2023
7229020,Ngôn ngữ học,Văn hóa - Chính trị - Khoa học Xã hội,6,2024,2024
7229020,Ngôn ngữ học (Tiếng Trung Quốc),Văn hóa - Chính trị - Khoa học Xã hội,4,2024,2024
7229030,Văn học,Nhân văn,563,2018,2023
7229030,Văn học,Văn hóa - Chính trị - Khoa học Xã hội,52,2024,2024
7229030,Văn học (Báo chí - Truyền thông),Văn hóa - Chính trị - Khoa học Xã hội,4,2024,2024
7229030,Văn học (CN Văn báo chí truyền thông),Văn hóa - Chính trị - Khoa học Xã hội,4,2024,2024
7229030,Văn học (Ngữ văn tổng hợp; Ngữ văn báo chí),Văn hóa - Chính trị - Khoa học Xã hội,4,2024,2024
7229030C,Văn học,Văn hóa - Chính trị - Khoa học Xã hội,1,2024,2024
7229030D,Văn học,Văn hóa - Chính trị - Khoa học Xã hội,3,2024,2024
7229040,Chuyên ngành Văn hóa du lịch thuộc ngành Văn hóa học chuyên ngành Văn hóa truyền thông thuộc ngành văn hóa học,Văn hóa - Chính trị - Khoa học Xã hội,4,2024,2024
7229040,Văn hoá học,Nhân văn,355,2018,2023
7229040,Văn hoá học,Văn hóa - Chính trị - Khoa học Xã hội,6,2024,2024
7229040,Văn hóa Doanh nghiệp,Nhân văn,3,2018,2018
7229040,Văn hóa Du lịch,Nhân văn,14,2018,2019
7229040,Văn hóa Truyền thông,Nhân văn,3,2018,2018
7229040,Văn hóa học,Văn hóa - Chính trị - Khoa học Xã hội,16,2024,2024
7229040,Văn hóa học (Văn hóa - Truyền thông),Văn hóa - Chính trị - Khoa học Xã hội,4,2024,2024
7229040,Văn học,Nhân văn,8,2021,2022
7229040A,"Ngành Văn hóa học, chuyên ngành Văn hóa Việt Nam",Văn hóa - Chính trị - Khoa học Xã hội,4,2024,2024
7229040A,Văn hóa học - Nghiên cứu văn hóa,Văn hóa - Chính trị - Khoa học Xã hội,6,2024,2024
7229040B,"Ngành Văn hóa học, chuyên ngành Công nghiệp Văn hóa",Văn hóa - Chính trị - Khoa học Xã hội,4,2024,2024
7229040B,Văn hoá học - Văn hóa truyền thông,Văn hóa - Chính trị - Khoa học Xã hội,6,2024,2024
7229040C,"Ngành Văn hóa học, chuyên ngành Truyền thông Văn hóa",Văn hóa - Chính trị - Khoa học Xã hội,4,2024,2024
7229040C,Văn hóa học - Văn hóa đối ngoại,Văn hóa - Chính trị - Khoa học Xã hội,6,2024,2024
7229042,Quán lý văn hóa,Văn hóa - Chính trị - Khoa học Xã hội,4,2024,2024
7229042,Quản lý Văn hóa,Văn hóa - Chính trị - Khoa học Xã hội,7,2024,2024
7229042,Quản lý di sản văn hoá,Nhân văn,3,2018,2018
7229042,Quản lý văn hoá,Nhân văn,356,2018,2023
7229042,Quản lý văn hoá,Văn hóa - Chính trị - Khoa học Xã hội,1,2024,2024
7229042,Quản lý văn hóa,Văn hóa - Chính trị - Khoa học Xã hội,20,2024,2024
7229042,Quản lý văn hóa (Chuyên ngành Quản lý di sản văn hóa và phát triển du lịch thuộc ngành Quản lí văn hóa),Văn hóa - Chính trị - Khoa học Xã hội,4,2024,2024
7229042,Quản lý văn hóa (Sự kiện và truyền thông),Văn hóa - Chính trị - Khoa học Xã hội,4,2024,2024
7229042A,"Ngành Quản lý văn hóa, chuyên ngành Quản lý hoạt động văn hóa xã hội",Văn hóa - Chính trị - Khoa học Xã hội,4,2024,2024
7229042A,Quản lý văn hoá - Chính sách văn hóa và quản lý nghệ thuật,Văn hóa - Chính trị - Khoa học Xã hội,6,2024,2024
7229042B,"Ngành Quản lý văn hóa, chuyên ngành Quản lý di sản văn hóa và phát triển du lịch",Văn hóa - Chính trị - Khoa học Xã hội,4,2024,2024
7229042B,Quản lý văn hoá - Quản lý di sản văn hóa,Văn hóa - Chính trị - Khoa học Xã hội,6,2024,2024
7229042C,"Ngành Quản lý văn hóa, chuyên ngành Tổ chức, dàn dựng chương trình văn hóa nghệ thuật",Văn hóa - Chính trị - Khoa học Xã hội,4,2024,2024
7229042D,"Ngành Quản lý văn hóa, chuyên ngành Tổ chức sự kiện văn hóa, thể thao, du lịch",Văn hóa - Chính trị - Khoa học Xã hội,4,2024,2024
7229042D,Quản lý văn hoá - Tổ chức sự kiện,Văn hóa - Chính trị - Khoa học Xã hội,6,2024,2024
7229045,Gia đình học,Nhân văn,8,2018,2019
73010106,Kinh tế quốc tế,Kinh tế - Quản trị kinh doanh - Thương Mại,4,2024,2024
731.63,Việt Nam học,Khoa học xã hội và hành vi,4,2023,2023
7310101,Kinh tế,Khoa học xã hội và hành vi,1060,2018,2023
7310101,Kinh tế,Kinh tế - Quản trị kinh doanh - Thương Mại,161,2024,2024
7310101,Kinh tế (02 chuyên ngành: Kinh tế thủy sản; Quản lý kinh tế),Kinh tế - Quản trị kinh doanh - Thương Mại,4,2024,2024
7310101,Kinh tế (Chuyên ngành Kinh tế học),Kinh tế - Quản trị kinh doanh - Thương Mại,4,2024,2024
7310101,Kinh tế (Chuyên ngành Kinh tế và Quản lý công),Kinh tế - Quản trị kinh doanh - Thương Mại,4,2024,2024
7310101,Kinh tế (Chuyên ngành Kình tế đầu tư và chuyên ngành Quán lý kinh tế),Kinh tế - Quản trị kinh doanh - Thương Mại,4,2024,2024
7310101,Kinh tế (Chuyên ngành: Quản lý kinh tế; Kinh tế - Luật),Kinh tế - Quản trị kinh doanh - Thương Mại,4,2024,2024
7310101,Kinh tế (Phân tích dữ liệu trong kinh tế),Kinh tế - Quản trị kinh doanh - Thương Mại,4,2024,2024
7310101,Kinh tế giáo dục vùng dân tộc thiểu số,Kinh tế - Quản trị kinh doanh - Thương Mại,4,2024,2024
7310101,Kinh tế học (ngành Kinh tế),Kinh tế - Quản trị kinh doanh - Thương Mại,4,2024,2024
7310101,Kinh tế và quản lý nguồn nhân lực (ngành Kinh tế),Kinh tế - Quản trị kinh doanh - Thương Mại,4,2024,2024
7310101,Kinh tế và quản lý đô thị (ngành Kinh tế),Kinh tế - Quản trị kinh doanh - Thương Mại,4,2024,2024
7310101,Kế toán,Khoa học xã hội và hành vi,4,2020,2020
7310101,Luật,Khoa học xã hội và hành vi,9,2018,2019
7310101,Quản lý kinh tế,Khoa học xã hội và hành vi,8,2020,2021
7310101,Quản trị kinh doanh,Khoa học xã hội và hành vi,12,2020,2023
7310101,Tài chính - Ngân hàng,Khoa học xã hội và hành vi,8,2020,2021
7310101C,Kinh tế Chất lượng cao,Kinh tế - Quản trị kinh doanh - Thương Mại,4,2024,2024
7310101TA,Kinh tế (ĐT bằng Tiếng Anh),Kinh tế - Quản trị kinh doanh - Thương Mại,4,2024,2024
7310102,Kinh tế,Khoa học xã hội và hành vi,47,2018,2023
7310102,Kinh tế chính trị,Kinh tế - Quản trị kinh doanh - Thương Mại,12,2024,2024
7310104,Kinh tế,Khoa học xã hội và hành vi,74,2018,2022
7310104,Kinh tế đầu tư,Khoa học xã hội và hành vi,37,2020,2023
7310104,Kinh tế đầu tư,Kinh tế - Quản trị kinh doanh - Thương Mại,19,2024,2024
7310104,Thẩm định giá và quản trị tài sản,Kinh tế - Quản trị kinh doanh - Thương Mại,4,2024,2024
7310105,Kinh tế,Khoa học xã hội và hành vi,111,2018,2023
7310105,Kinh tế phát triển,Khoa học xã hội và hành vi,39,2018,2023
7310105,Kinh tế phát triển,Kinh tế - Quản trị kinh doanh - Thương Mại,28,2024,2024
7310106,Kinh tế,Khoa học xã hội và hành vi,252,2018,2023
7310106,Kinh tế quốc tế,Kinh tế - Quản trị kinh doanh - Thương Mại,44,2024,2024
7310106,Kinh tế quốc tế (Chuyên ngành Kinh tế đối ngoại),Kinh tế - Quản trị kinh doanh - Thương Mại,4,2024,2024
7310106,Kinh tế đối ngoại chất lượng cao giảng dạy bằng Tiếng Anh,Kinh tế - Quản trị kinh doanh - Thương Mại,4,2024,2024
7310106,Nhóm ngành Kinh tế - Kinh doanh (Chương trình đại trà) -Kinh tế quốc tế,Khoa học xã hội và hành vi,4,2018,2018
7310106,"Nhóm ngành Kinh tế, Kinh tế quốc tế",Khoa học xã hội và hành vi,8,2023,2023
7310107,Thống kê kinh doanh,Khoa học xã hội và hành vi,4,2018,2018
7310107,Thống kê kinh doanh,Toán học và thống kê,4,2024,2024
7310107,Thống kê kinh tế,Khoa học xã hội và hành vi,115,2018,2023
7310107,Thống kê kinh tế,Toán học và thống kê,12,2024,2024
7310108,Phân tích rủi ro và định phí bảo hiểm,Tài chính - Ngân hàng - Bảo hiểm,4,2024,2024
7310108,Toán Kinh tế (Chuyên ngành Phân tích dữ liệu),Toán học và thống kê,4,2024,2024
7310108,"Toán Kinh tế (Chuyên ngành Toán ứng dụng trong Kinh tế, Quản trị và Tài chính)",Toán học và thống kê,4,2024,2024
7310108,"Toán Kinh tế (Chuyên ngành Toán ứng dụng trong Kinh tế, Quản trị và Tài chính) (Tiếng Anh)",Toán học và thống kê,4,2024,2024
7310108,Toán kinh tế,Khoa học xã hội và hành vi,126,2018,2023
7310108,Toán kinh tế,Toán học và thống kê,8,2024,2024
7310108,Toán tài chính,Khoa học xã hội và hành vi,4,2018,2018
7310108,Toán tài chính,Toán học và thống kê,4,2024,2024
7310109,Kinh tế,Khoa học xã hội và hành vi,28,2019,2023
7310109,Kinh tế số,Khoa học xã hội và hành vi,26,2022,2023
7310109,Kinh tế số,Kinh tế - Quản trị kinh doanh - Thương Mại,32,2024,2024
7310109,Kinh tế số (chuyên ngành Kinh tế và Kinh doanh so),Kinh tế - Quản trị kinh doanh - Thương Mại,4,2024,2024
7310109,Quản trị kinh doanh,Khoa học xã hội và hành vi,9,2022,2022
7310109,Quản trị kinh doanh số,Kinh tế - Quản trị kinh doanh - Thương Mại,4,2024,2024
7310110,Quản lý kinh tế,Khoa học xã hội và hành vi,4,2019,2019
7310111,Nghiên cứu phát triển,Khoa học xã hội và hành vi,3,2021,2023
7310111,Nghiên cứu phát triển (dạy bằng tiếng Anh),Văn hóa - Chính trị - Khoa học Xã hội,1,2024,2024
7310112,Kinh tế,Khoa học xã hội và hành vi,4,2021,2021
7310113,Kinh tế,Khoa học xã hội và hành vi,11,2022,2022
7310113,Kinh tế thể thao,Kinh tế - Quản trị kinh doanh - Thương Mại,5,2024,2024
7310115,Kinh tế,Khoa học xã hội và hành vi,4,2022,2022
7310120,Kinh doanh quốc tế,Kinh tế - Quản trị kinh doanh - Thương Mại,4,2024,2024
731020,Quản lí nhà nước,Khoa học xã hội và hành vi,3,2019,2019
7310200,Nhóm ngành xây dựng lực lượng CAND,Khoa học xã hội và hành vi,40,2020,2022
7310201,Chính sách công,Khoa học xã hội và hành vi,11,2018,2019
7310201,Chính trị học,Khoa học xã hội và hành vi,248,2018,2023
7310201,Chính trị học,Văn hóa - Chính trị - Khoa học Xã hội,32,2024,2024
7310201,Chính trị học (Chuyên ngành Chính sách công),Văn hóa - Chính trị - Khoa học Xã hội,4,2024,2024
7310201B,Chính trị học,Tài chính - Ngân hàng - Bảo hiểm,1,2024,2024
7310201C,Chính trị học,Tài chính - Ngân hàng - Bảo hiểm,3,2024,2024
7310202,Thí sinh Nam miền Bắc,Khoa học xã hội và hành vi,9,2018,2018
7310202,Thí sinh Nam miền Nam,Khoa học xã hội và hành vi,9,2018,2018
7310202,Xây dựng Đảng & CQNN,Công an - Quân đội,4,2024,2024
7310202,Xây dựng Đảng và Chính quyền Nhà nước,Công an - Quân đội,4,2024,2024
7310202,Xây dựng Đảng và Chính quyền nhà nước,Công an - Quân đội,1,2024,2024
7310202,Xây dựng Đảng và chính quyền Nhà nước,Công an - Quân đội,3,2024,2024
7310202,Xây dựng Đảng và chính quyền nhà nước,Công an - Quân đội,15,2024,2024
7310202,Xây dựng Đảng và chính quyền nhà nước,Khoa học xã hội và hành vi,111,2018,2023
7310205,Quán lý nhà nước,Văn hóa - Chính trị - Khoa học Xã hội,4,2024,2024
7310205,Quản lí nhà nước,Khoa học xã hội và hành vi,1,2019,2019
7310205,Quản lí tài chính công,Khoa học xã hội và hành vi,3,2018,2018
7310205,Quản lý Nhà nước,Văn hóa - Chính trị - Khoa học Xã hội,12,2024,2024
7310205,Quản lý nhà nước,Khoa học xã hội và hành vi,409,2018,2023
7310205,Quản lý nhà nước,Văn hóa - Chính trị - Khoa học Xã hội,64,2024,2024
7310205,Thanh tra,Khoa học xã hội và hành vi,3,2018,2018
7310205QN,Quản lý nhà nước,Kinh tế - Quản trị kinh doanh - Thương Mại,4,2024,2024
7310205TP-HCM,Quản lý nhà nước,Kinh tế - Quản trị kinh doanh - Thương Mại,4,2024,2024
7310206,Quan hệ Quốc tế,Báo chí - Marketing - Quảng cáo - PR,4,2024,2024
7310206,Quan hệ quốc tế,Báo chí - Marketing - Quảng cáo - PR,39,2024,2024
7310206,Quan hệ quốc tế,Khoa học xã hội và hành vi,267,2018,2023
7310206,Quan hệ quốc tế (chuẩn quốc té),Báo chí - Marketing - Quảng cáo - PR,2,2024,2024
7310206,"Quan hệ quốc tế (liên kết với ĐH Deakin, Úc)",Báo chí - Marketing - Quảng cáo - PR,2,2024,2024
7310206DL,Quan hệ quốc tế,Báo chí - Marketing - Quảng cáo - PR,4,2024,2024
7310301,Xã hội học,Khoa học xã hội và hành vi,380,2018,2023
7310301,Xã hội học,Văn hóa - Chính trị - Khoa học Xã hội,39,2024,2024
7310301,Xã hội học - Truyền thông đa phương tiện - Quan hệ công chúng,Văn hóa - Chính trị - Khoa học Xã hội,4,2024,2024
7310302,Nhân học,Khoa học xã hội và hành vi,25,2018,2023
7310302,Nhân học,Văn hóa - Chính trị - Khoa học Xã hội,4,2024,2024
7310399,Giới và Phát triển,Văn hóa - Chính trị - Khoa học Xã hội,4,2024,2024
7310399,Giới và phát triển,Khoa học xã hội và hành vi,36,2019,2023
7310401,Chính trị học,Khoa học xã hội và hành vi,1,2018,2018
7310401,Quốc tế học,Du lịch-Khách sạn,3,2024,2024
7310401,Tâm lí học,Du lịch-Khách sạn,1,2024,2024
7310401,Tâm lý học,Du lịch-Khách sạn,3,2024,2024
7310401,Tâm lý học,Du lịch-Khách sạn,99,2024,2024
7310401,Tâm lý học,Khoa học xã hội và hành vi,551,2018,2023
7310401C,Tâm lý học (Tâm lý học trường học),Tài nguyên - Môi trường,1,2024,2024
7310401C1,Tham vấn và trị liệu tâm lý (ngành Tâm lý học),Công nghệ thông tin - Tin học,4,2024,2024
7310401D,Tâm lý học (Tâm lý học trường học),Tài nguyên - Môi trường,3,2024,2024
7310403,Tâm lí học giáo dục,Khoa học xã hội và hành vi,8,2019,2021
7310403,Tâm lý học,Khoa học xã hội và hành vi,124,2018,2023
7310403,Tâm lý học giáo dục,Khoa học xã hội và hành vi,62,2018,2023
7310403,Tâm lý học giáo dục,Tâm lý,39,2024,2024
7310403C,Tâm lý học giáo dục,Sư phạm - Giáo dục,1,2024,2024
7310403D,Tâm lý học giáo dục,Sư phạm - Giáo dục,3,2024,2024
7310403V,Tâm lý học giáo dục (đào tạo bằng tiếng Việt),Tâm lý,4,2024,2024
7310404,Tâm lý học,Khoa học xã hội và hành vi,4,2022,2022
7310501,Địa lý học,Du lịch-Khách sạn,8,2024,2024
7310501,Địa lý học,Khoa học xã hội và hành vi,115,2018,2023
7310501,Địa lý học (chuyên ngành Địa lý du lịch),Du lịch-Khách sạn,2,2024,2024
7310501,Địa lý học (Địa lý du lịch),Du lịch-Khách sạn,4,2024,2024
7310601,Quốc tế học,Du lịch-Khách sạn,24,2024,2024
7310601,Quốc tế học,Khoa học xã hội và hành vi,171,2018,2023
7310601,Quốc tế học (Chương trình dạy và học bằng tiếng Anh),Du lịch-Khách sạn,4,2024,2024
7310601,Quốc tế học (dạy bằng tiếng Anh),Du lịch-Khách sạn,1,2024,2024
7310608,Đông Phương học,Văn hóa - Chính trị - Khoa học Xã hội,4,2024,2024
7310608,Đông Phương học (Tiếng Trung Quốc - Tiếng Hàn Quốc),Văn hóa - Chính trị - Khoa học Xã hội,4,2024,2024
7310608,Đông phương học,Khoa học xã hội và hành vi,550,2018,2023
7310608,Đông phương học,Văn hóa - Chính trị - Khoa học Xã hội,50,2024,2024
7310608,Đông phương học (Hàn Quốc học; Nhật Bản học),Văn hóa - Chính trị - Khoa học Xã hội,4,2024,2024
7310608,Đông phương học (chuyên ngành Hàn Quốc học),Văn hóa - Chính trị - Khoa học Xã hội,4,2024,2024
7310608,Đông phương học (gồm 2 chuyên ngành: ngôn ngữ Nhật Bản và ngôn ngữ Hàn Quốc),Văn hóa - Chính trị - Khoa học Xã hội,4,2024,2024
73106080,Ngôn ngữ và văn hóa Hàn Quốc (ngành Đông phương học),Công an - Quân đội,4,2024,2024
7310608C2,Ngôn ngữ và văn hóa Nhật Bản (ngành Đông phương học),Văn hóa - Chính trị - Khoa học Xã hội,4,2024,2024
7310608CT1,Đông phương học (Ngôn ngữ và văn hóa Nhật Bản),Văn hóa - Chính trị - Khoa học Xã hội,4,2024,2024
7310608CT2,Đông phương học (Ngôn ngữ và văn hóa Hàn Quốc),Văn hóa - Chính trị - Khoa học Xã hội,4,2024,2024
7310608NB,Ngôn ngữ và văn hóa Nhật Bản (ngành Đông phương học),Văn hóa - Chính trị - Khoa học Xã hội,4,2024,2024
7310612,Trung Quốc học,Khoa học xã hội và hành vi,60,2018,2023
7310612,Trung Quốc học,Văn hóa - Chính trị - Khoa học Xã hội,10,2024,2024
7310613,Nhật Bản học,Khoa học xã hội và hành vi,134,2018,2023
7310613,Nhật Bản học,Văn hóa - Chính trị - Khoa học Xã hội,16,2024,2024
7310613,Nhật Bản học (chuẩn quốc tế),Văn hóa - Chính trị - Khoa học Xã hội,4,2024,2024
7310614,Hàn Quốc học,Khoa học xã hội và hành vi,76,2018,2023
7310614,Hàn Quốc học,Văn hóa - Chính trị - Khoa học Xã hội,16,2024,2024
7310614,Trung Quốc học,Khoa học xã hội và hành vi,8,2021,2021
7310620,Đông Nam Á học,Khoa học xã hội và hành vi,103,2019,2023
7310620,Đông Nam Á học,Văn hóa - Chính trị - Khoa học Xã hội,8,2024,2024
7310630,Du lịch,Khoa học xã hội và hành vi,4,2019,2019
7310630,Khoa học máy tính,Khoa học xã hội và hành vi,4,2020,2020
7310630,Việt Nam Học,Văn hóa - Chính trị - Khoa học Xã hội,4,2024,2024
7310630,Việt Nam học,Khoa học xã hội và hành vi,948,2018,2023
7310630,Việt Nam học,Văn hóa - Chính trị - Khoa học Xã hội,67,2024,2024
7310630,Việt Nam học (Chuyên ngành Du lịch và lữ hành),Văn hóa - Chính trị - Khoa học Xã hội,4,2024,2024
7310630,Việt Nam học (Chuyên ngành Du lịch),Văn hóa - Chính trị - Khoa học Xã hội,4,2024,2024
7310630,Việt Nam học (Hướng dẫn viên du lịch; Quản lý Nhà hàng và Khách sạn),Văn hóa - Chính trị - Khoa học Xã hội,4,2024,2024
7310630,Việt Nam học (Văn hóa - Du lịch),Văn hóa - Chính trị - Khoa học Xã hội,4,2024,2024
7310630,Việt Nam học (chuyên ngành Văn hóa du lịch),Văn hóa - Chính trị - Khoa học Xã hội,3,2024,2024
7310630A,Việt Nam học (Văn hoá Du lịch),Văn hóa - Chính trị - Khoa học Xã hội,4,2024,2024
7310630C,Việt Nam học,Văn hóa - Chính trị - Khoa học Xã hội,1,2024,2024
7310630D,Việt Nam học,Văn hóa - Chính trị - Khoa học Xã hội,1,2024,2024
7310630Q,Việt Nam học (Chuyên ngành Du lịch và Quản lý du lịch),Văn hóa - Chính trị - Khoa học Xã hội,4,2024,2024
7310640,Hoa Kỳ học,Khoa học xã hội và hành vi,8,2020,2021
73106A1,Kinh doanh thương mại Hàn Quốc,Kinh tế - Quản trị kinh doanh - Thương Mại,2,2024,2024
73106A2,Kinh doanh thương mại Hàn Quốc,Kinh tế - Quản trị kinh doanh - Thương Mại,1,2024,2024
73106A3,Kinh doanh thương mại Hàn Quốc,Kinh tế - Quản trị kinh doanh - Thương Mại,1,2024,2024
7320101,Báo chí,Báo chí - Marketing - Quảng cáo - PR,24,2024,2024
7320101,Báo chí,Báo chí và thông tin,223,2018,2023
7320101,Báo chí (Báo chí đa phương tiện),Báo chí - Marketing - Quảng cáo - PR,4,2024,2024
7320101,Báo chí (chuẩn quốc tế),Báo chí - Marketing - Quảng cáo - PR,3,2024,2024
7320101,Quan hệ công chúng,Báo chí và thông tin,1,2021,2021
7320101,"Truyền thông (liên kết với Đại học Deakin, Úc)",Báo chí - Marketing - Quảng cáo - PR,4,2024,2024
7320104,Truyền thông đa phương tiện,Báo chí và thông tin,556,2018,2023
7320104,Truyền thông đa phương tiện,Công nghệ thông tin - Tin học,130,2024,2024
7320104,Truyền thông đa phương tiện (dạy bằng tiếng Anh),Công nghệ thông tin - Tin học,1,2024,2024
7320104DL,Truyền thông đa phương tiện,Công nghệ thông tin - Tin học,4,2024,2024
7320105,Truyền thông đại chúng,Báo chí - Marketing - Quảng cáo - PR,4,2024,2024
7320105,Truyền thông đại chúng,Báo chí và thông tin,24,2019,2023
7320106,Công nghệ truyền thông,Báo chí - Marketing - Quảng cáo - PR,6,2024,2024
7320106,Công nghệ truyền thông,Báo chí - Marketing - Quảng cáo - PR,16,2024,2024
7320106,Công nghệ truyền thông,Báo chí và thông tin,93,2018,2023
7320106,Công nghệ truyền thông (Truyền thông số),Báo chí - Marketing - Quảng cáo - PR,4,2024,2024
7320106,Công nghệ truyền thông (cử nhân),Báo chí - Marketing - Quảng cáo - PR,4,2024,2024
7320106,Quản trị công nghệ truyền thông,Báo chí và thông tin,9,2022,2022
7320106,Truyền thông doanh nghiệp,Báo chí và thông tin,9,2022,2022
7320106,Truyền thông số và thiết kế đa phương tiện,Báo chí - Marketing - Quảng cáo - PR,4,2024,2024
7320106DA,Công nghệ truyền thông - Chuyên ngành Thiết kế Mỹ thuật số (cử nhân),Báo chí - Marketing - Quảng cáo - PR,4,2024,2024
7320107,Truyền thông quốc tế,Báo chí - Marketing - Quảng cáo - PR,4,2024,2024
7320107,Truyền thông quốc tế,Báo chí và thông tin,47,2019,2023
7320108,Quan hệ Công chúng,Báo chí - Marketing - Quảng cáo - PR,4,2024,2024
7320108,Quan hệ công chúng,Báo chí - Marketing - Quảng cáo - PR,80,2024,2024
7320108,Quan hệ công chúng,Báo chí và thông tin,412,2018,2023
7320108,Quan hệ quốc tế,Khoa học xã hội và hành vi,1,2021,2021
7320109,Truyền thông doanh nghiệp,Báo chí và thông tin,17,2018,2023
7320109,Truyền thông doanh nghiệp (dạy bằng Tiếng Pháp),Kinh tế - Quản trị kinh doanh - Thương Mại,2,2024,2024
7320109,Truyền thông số,Báo chí và thông tin,12,2018,2023
7320110,Quảng cáo,Báo chí - Marketing - Quảng cáo - PR,4,2024,2024
7320110,Quảng cáo,Báo chí và thông tin,43,2019,2023
7320111,Truyền thông số,Báo chí và thông tin,6,2018,2023
7320113,Công nghệ đa phương tiện,Báo chí và thông tin,1,2023,2023
7320113,Công nghệ đa phương tiện,Công nghệ thông tin - Tin học,2,2024,2024
7320115,Truyền thông số,Báo chí - Marketing - Quảng cáo - PR,3,2024,2024
7320201,Khoa học thư viện,Báo chí và thông tin,4,2019,2019
7320201,Liên thông Thư viện,Báo chí và thông tin,3,2018,2018
7320201,Ngành Thông tin - Thư viện,Văn hóa - Chính trị - Khoa học Xã hội,4,2024,2024
7320201,Thông tin - Thư viện,Văn hóa - Chính trị - Khoa học Xã hội,10,2024,2024
7320201,Thông tin - Thư viện (Thư viện - Thiết bị trường học và Văn thư),Văn hóa - Chính trị - Khoa học Xã hội,4,2024,2024
7320201,Thông tin - thư viện,Báo chí và thông tin,212,2018,2023
7320201,Thông tin - thư viện,Văn hóa - Chính trị - Khoa học Xã hội,4,2024,2024
7320201,"Thông tin - thư viện, chuyên ngành Quản trị thông tin thuộc ngành thông tin - thư viện",Văn hóa - Chính trị - Khoa học Xã hội,4,2024,2024
7320201,Thông tin – thư viện,Văn hóa - Chính trị - Khoa học Xã hội,4,2024,2024
7320201A,Chuyên ngành: Thư viện - Thiết bị trường học,Văn hóa - Chính trị - Khoa học Xã hội,4,2024,2024
7320201A,Thông tin - Thư viện - Quản trị thư viện,Văn hóa - Chính trị - Khoa học Xã hội,6,2024,2024
7320201B,Chuyên ngành: Văn thư - Lưu trữ,Văn hóa - Chính trị - Khoa học Xã hội,4,2024,2024
7320201B,Thông tin - Thư viện - Thư viện và thiết bị trường học,Văn hóa - Chính trị - Khoa học Xã hội,6,2024,2024
7320205,Quản lý thông tin,Báo chí và thông tin,80,2018,2023
7320205,Quản lý thông tin,Công nghệ thông tin - Tin học,14,2024,2024
7320303,Lưu trữ học,Báo chí và thông tin,42,2018,2023
7320303,Lưu trữ học,Văn hóa - Chính trị - Khoa học Xã hội,12,2024,2024
7320303,Lưu trữ học (Chuyên ngành Văn thư - Lưu trữ),Văn hóa - Chính trị - Khoa học Xã hội,4,2024,2024
7320303TP-HCM,Lưu trữ học - Chuyên ngành Văn thư - lưu trữ thuộc ngành Lưu trữ học,Văn hóa - Chính trị - Khoa học Xã hội,4,2024,2024
7320305,Bảo tàng học,Báo chí và thông tin,57,2018,2023
7320305,Bảo tàng học,Văn hóa - Chính trị - Khoa học Xã hội,6,2024,2024
7320305,Ngành Bảo tàng học,Văn hóa - Chính trị - Khoa học Xã hội,4,2024,2024
7320402,Kinh doanh xuất bản phẩm,Báo chí - Marketing - Quảng cáo - PR,6,2024,2024
7320402,Kinh doanh xuất bản phẩm,Báo chí và thông tin,58,2018,2023
7320402,Ngành Kinh doanh xuất bản phẩm,Báo chí - Marketing - Quảng cáo - PR,4,2024,2024
7329001,Công nghệ đa phương tiện,Báo chí và thông tin,74,2018,2023
7329001,Công nghệ đa phương tiện,Công nghệ thông tin - Tin học,10,2024,2024
7329001,Thiết kế và phát triển Game (ngành Công nghệ đa phương tiện),Công nghệ thông tin - Tin học,3,2024,2024
7340001,Kế toán,Kinh doanh và quản lý,17,2020,2023
7340001,Quản trị kinh doanh,Kinh doanh và quản lý,16,2020,2023
7340001,Tài chính,Kinh doanh và quản lý,4,2020,2020
7340001,Tài chính - Ngân hàng,Kinh doanh và quản lý,12,2021,2023
7340002,Bảo hiểm - Tài chính Ngân hàng,Kinh doanh và quản lý,8,2020,2021
7340002,Quản trị kinh doanh,Kinh doanh và quản lý,17,2020,2023
7340002,Quốc tế cấp song bằng ngành Quản trị kinh doanh,Công an - Quân đội,4,2024,2024
7340101,Chương trình Cử nhân tài năng,Kinh doanh và quản lý,8,2020,2022
7340101,Khoa học máy tính,Máy tính và công nghệ thông tin,4,2018,2018
7340101,Kinh doanh quốc tế,Kinh doanh và quản lý,4,2021,2021
7340101,Kinh doanh số,Kinh tế - Quản trị kinh doanh - Thương Mại,4,2024,2024
7340101,Marketing,Kinh tế - Quản trị kinh doanh - Thương Mại,11,2024,2024
7340101,Nhóm ngành Kinh tế - Kinh doanh (Chương trình đại trà) -Quản trị kinh doanh,Kinh doanh và quản lý,4,2018,2018
7340101,Quản lý kinh doanh và marketing,Kinh doanh và quản lý,16,2018,2021
7340101,Quản trị,Kinh tế - Quản trị kinh doanh - Thương Mại,4,2024,2024
7340101,Quản trị Doanh nghiệp,Kinh doanh và quản lý,8,2018,2020
7340101,Quản trị Kinh doanh,Kinh tế - Quản trị kinh doanh - Thương Mại,16,2024,2024
7340101,Quản trị bệnh viện,Kinh tế - Quản trị kinh doanh - Thương Mại,7,2024,2024
7340101,Quản trị bệnh viện,Sức khỏe,23,2018,2021
7340101,Quản trị kinh doanh,Kinh doanh và quản lý,4053,2018,2023
7340101,Quản trị kinh doanh,Kinh tế - Quản trị kinh doanh - Thương Mại,521,2024,2024
7340101,Quản trị kinh doanh (BBA),Kinh tế - Quản trị kinh doanh - Thương Mại,6,2024,2024
7340101,Quản trị kinh doanh (Chuyên ngành Quản trị du lịch và lữ hành),Kinh tế - Quản trị kinh doanh - Thương Mại,4,2024,2024
7340101,Quản trị kinh doanh (Chuyên ngành Quản trị kinh doanh ),Kinh tế - Quản trị kinh doanh - Thương Mại,4,2024,2024
7340101,Quản trị kinh doanh (Chuyên ngành Quản trị kinh doanh )(Tiếng Anh),Kinh tế - Quản trị kinh doanh - Thương Mại,4,2024,2024
7340101,Quản trị kinh doanh (Chuyên ngành Quản trị nguồn nhân lực),Kinh tế - Quản trị kinh doanh - Thương Mại,3,2024,2024
7340101,Quản trị kinh doanh (Chuyên ngành: Quản trị doanh nghiệp; Quản trị Marketing; Quản trị kinh doanh du lịch),Kinh tế - Quản trị kinh doanh - Thương Mại,4,2024,2024
7340101,Quản trị kinh doanh (Chương trình liên kết với ĐH Andrews) (4+0),Kinh tế - Quản trị kinh doanh - Thương Mại,4,2024,2024
7340101,Quản trị kinh doanh (Chương trình liên kết với ĐH Công nghệ Auckland) (1+2/1.5+1.5),Kinh tế - Quản trị kinh doanh - Thương Mại,4,2024,2024
7340101,Quản trị kinh doanh (Chương trình liên kết với ĐH Houston) (2+2),Kinh tế - Quản trị kinh doanh - Thương Mại,4,2024,2024
7340101,Quản trị kinh doanh (Chương trình liên kết với ĐH Lakehead) (2+2),Kinh tế - Quản trị kinh doanh - Thương Mại,4,2024,2024
7340101,Quản trị kinh doanh (Chương trình liên kết với ĐH New South Wales) (2+2),Kinh tế - Quản trị kinh doanh - Thương Mại,4,2024,2024
7340101,Quản trị kinh doanh (Chương trình liên kết với ĐH Sydney) (2+2),Kinh tế - Quản trị kinh doanh - Thương Mại,4,2024,2024
7340101,Quản trị kinh doanh (Chương trình liên kết với ĐH West of England) (2+2),Kinh tế - Quản trị kinh doanh - Thương Mại,4,2024,2024
7340101,Quản trị kinh doanh (Chương trình liên kết với ĐH West of England) (4+0),Kinh tế - Quản trị kinh doanh - Thương Mại,4,2024,2024
7340101,Quản trị kinh doanh (Chương trình tiên tiến),Kinh tế - Quản trị kinh doanh - Thương Mại,4,2024,2024
7340101,Quản trị kinh doanh (Kinh doanh sáng tạo),Kinh tế - Quản trị kinh doanh - Thương Mại,4,2024,2024
7340101,Quản trị kinh doanh (Quản trị doanh nghiệp và công nghệ),Kinh tế - Quản trị kinh doanh - Thương Mại,4,2024,2024
7340101,Quản trị kinh doanh (Tiếng Anh bán phần),Kinh tế - Quản trị kinh doanh - Thương Mại,4,2024,2024
7340101,Quản trị kinh doanh (dạy bằng tiếng Anh),Kinh tế - Quản trị kinh doanh - Thương Mại,1,2024,2024
7340101,Quản trị kinh doanh - Quản trị doanh nghiệp - Quản trị ngoại thương - Quản trị nhân sự - Quản trị hàng không - Quản trị logistics,Kinh doanh và quản lý,4,2018,2018
7340101,Quản trị kinh doanh Chuyên ngành - Quản trị doanh nghiệp - Quản trị Logistics - Digital Marketing,Kinh tế - Quản trị kinh doanh - Thương Mại,4,2024,2024
7340101,Quản trị kinh doanh chất lượng cao giảng dạy bằng Tiếng Anh,Kinh tế - Quản trị kinh doanh - Thương Mại,4,2024,2024
7340101,Quản trị kinh doanh gồm 03 chuyên ngành: Quản trị kinh doanh; Quản trị nguồn nhân lực; Logistics và Quản lý chuỗi cung ứng,Kinh tế - Quản trị kinh doanh - Thương Mại,4,2024,2024
7340101,Quản trị kinh doanh thực phẩm,Kinh tế - Quản trị kinh doanh - Thương Mại,4,2024,2024
7340101,Quản trị tài chính kế toán,Kinh doanh và quản lý,16,2018,2021
7340101,Quản trị tài chính ngân hàng,Kinh doanh và quản lý,16,2018,2021
7340101,Quản trị văn phòng,Kinh doanh và quản lý,8,2022,2022
7340101,Quản trị văn phòng,Kinh tế - Quản trị kinh doanh - Thương Mại,4,2024,2024
7340101,Tài chính - Ngân hàng,Kinh doanh và quản lý,19,2018,2023
7340101-DN,Quản trị kinh doanh,Kinh tế - Quản trị kinh doanh - Thương Mại,4,2024,2024
7340101-HG,Quản trị kinh doanh (Học tại phân hiệu ĐHTN tại tỉnh Hà Giang),Kinh tế - Quản trị kinh doanh - Thương Mại,4,2024,2024
7340101-TA,Quản trị kinh doanh,Kinh tế - Quản trị kinh doanh - Thương Mại,4,2024,2024
73401010,Quản trị doanh nghiệp (ngành Quản trị kinh doanh),Kinh tế - Quản trị kinh doanh - Thương Mại,4,2024,2024
7340101A,Quản trị kinh doanh (Chương trình đặc biệt),Kinh tế - Quản trị kinh doanh - Thương Mại,4,2024,2024
7340101A,Quản trị kinh doanh (Quản lí Bán lẻ),Kinh tế - Quản trị kinh doanh - Thương Mại,4,2024,2024
7340101B,Quản trị kinh doanh (Marketing),Kinh tế - Quản trị kinh doanh - Thương Mại,4,2024,2024
7340101C,Quản trị kinh doanh (CTCLC),Kinh tế - Quản trị kinh doanh - Thương Mại,3,2024,2024
7340101C,Quản trị kinh doanh (CTNC),Kinh tế - Quản trị kinh doanh - Thương Mại,3,2024,2024
7340101C,Quản trị kinh doanh (Chương trình đào tạo bằng tiếng Anh),Kinh tế - Quản trị kinh doanh - Thương Mại,4,2024,2024
7340101C,Quản trị kinh doanh (Nhà hàng và dịch vụ ăn uống),Kinh tế - Quản trị kinh doanh - Thương Mại,4,2024,2024
7340101C,Quản trị kinh doanh Chất lượng cao,Kinh tế - Quản trị kinh doanh - Thương Mại,4,2024,2024
7340101C,Quản trị kinh doanh gồm 03 chuyên ngành: Quản trị kinh doanh; Quản trị nguồn nhân lực; Logistics và Quản lý chuỗi cung ứng,Kinh tế - Quản trị kinh doanh - Thương Mại,4,2024,2024
7340101C2,Quản trị kinh doanh bất động sản (ngành Quản trị kinh doanh),Kinh tế - Quản trị kinh doanh - Thương Mại,4,2024,2024
7340101C3,Quản trị nguồn nhân lực (ngành Quản trị kinh doanh),Kinh tế - Quản trị kinh doanh - Thương Mại,4,2024,2024
7340101C4,Quản trị truyền thông đa phương tiện (ngành Quản trị kinh doanh),Kinh tế - Quản trị kinh doanh - Thương Mại,4,2024,2024
7340101CLC,Quản trị kinh doanh (Chương trình chất lượng cao),Kinh tế - Quản trị kinh doanh - Thương Mại,2,2024,2024
7340101CT,Quản trị kinh doanh,Kinh tế - Quản trị kinh doanh - Thương Mại,3,2024,2024
7340101DKD,Quản trị kinh doanh,Kinh tế - Quản trị kinh doanh - Thương Mại,4,2024,2024
7340101DKK,Quản trị kinh doanh,Kinh tế - Quản trị kinh doanh - Thương Mại,4,2024,2024
7340101DL,Quản trị kinh doanh,Kinh tế - Quản trị kinh doanh - Thương Mại,4,2024,2024
7340101E,Quản trị kinh doanh hàng không - Chương trình học bằng Tiếng Anh,Kinh tế - Quản trị kinh doanh - Thương Mại,4,2024,2024
7340101EF,Quản trị kinh doanh - Chuyên ngành Quản trị tài chính số,Kinh tế - Quản trị kinh doanh - Thương Mại,4,2024,2024
7340101EL,Quản trị kinh doanh - Chuyên ngành Quản trị Logistics và chuỗi cung ứng số,Kinh tế - Quản trị kinh doanh - Thương Mại,4,2024,2024
7340101ET,Quản trị kinh doanh - Chuyên ngành Quản trị dịch vụ du lịch và lữ hành số,Kinh tế - Quản trị kinh doanh - Thương Mại,4,2024,2024
7340101G,Quản trị kinh doanh,Kinh tế - Quản trị kinh doanh - Thương Mại,3,2024,2024
7340101H,Quản trị kinh doanh (Khu Hòa An),Kinh tế - Quản trị kinh doanh - Thương Mại,4,2024,2024
7340101IM,Quản trị kinh doanh - Chuyên ngành Quản trị dự án Công nghệ thông tin,Kinh tế - Quản trị kinh doanh - Thương Mại,4,2024,2024
7340101LKĐTNN-01,Quản trị kinh doanh (Liên kết với Đại học Walsh - Mỹ),Kinh tế - Quản trị kinh doanh - Thương Mại,4,2024,2024
7340101LKĐTNN-02,Quản trị kinh doanh (Liên kết với Đài Loan),Kinh tế - Quản trị kinh doanh - Thương Mại,4,2024,2024
7340101N,Quản trị kinh doanh,Kinh tế - Quản trị kinh doanh - Thương Mại,3,2024,2024
7340101N,Quản trị kinh doanh (Chuyên ngành Quản trị nhà hàng - khách sạn),Kinh tế - Quản trị kinh doanh - Thương Mại,3,2024,2024
7340101QA,Quản trị kinh doanh & Ngôn ngữ Anh,Kinh tế - Quản trị kinh doanh - Thương Mại,4,2024,2024
7340101QL,Quản trị kinh doanh & Luật,Kinh tế - Quản trị kinh doanh - Thương Mại,4,2024,2024
7340101QT,Quản trị kinh doanh (Chương trình CLC Quản trị kinh doanh Việt - Anh),Kinh tế - Quản trị kinh doanh - Thương Mại,4,2024,2024
7340101QT,Quản trị kinh doanh (Đào tạo bằng TA),Kinh tế - Quản trị kinh doanh - Thương Mại,4,2024,2024
7340101TA,Quản trị kinh doanh (chương trình đào tạo bằng tiếng Anh),Kinh tế - Quản trị kinh doanh - Thương Mại,4,2024,2024
7340101TA,Quản trị kinh doanh (đào tạo bằng tiếng Anh),Kinh tế - Quản trị kinh doanh - Thương Mại,4,2024,2024
7340102,Quản trị - Luật,Kinh doanh và quản lý,42,2018,2023
7340102,Quản trị - Luật,Luật - Tòa án,4,2024,2024
7340102,Quản trị kinh doanh,Kinh doanh và quản lý,8,2018,2021
7340103,Giới và phát triển,Kinh doanh và quản lý,4,2018,2018
7340103,Quản trị dịch vụ du lịch và lữ hành,Kinh doanh và quản lý,10,2018,2020
7340107,Quản trị khách sạn,Kinh doanh và quản lý,2,2019,2020
7340109,Quản trị nhà hàng và dịch vụ ăn uống,Kinh doanh và quản lý,2,2019,2020
7340112,Thương mại điện tử,Kinh doanh và quản lý,4,2022,2022
7340113,Kinh tế,Kinh doanh và quản lý,5,2021,2021
7340114,Digital Marketing,Báo chí - Marketing - Quảng cáo - PR,13,2024,2024
7340114,Digital Marketing,Kinh doanh và quản lý,65,2021,2023
7340114,Digital Marketing (Marketing số),Báo chí - Marketing - Quảng cáo - PR,4,2024,2024
7340114,Digital marketing,Báo chí - Marketing - Quảng cáo - PR,4,2024,2024
7340114,Marketing,Kinh doanh và quản lý,17,2020,2022
7340115,Công nghệ marketing,Báo chí - Marketing - Quảng cáo - PR,4,2024,2024
7340115,Kỹ thuật phần mềm,Báo chí - Marketing - Quảng cáo - PR,10,2024,2024
7340115,Marketing,Báo chí - Marketing - Quảng cáo - PR,180,2024,2024
7340115,Marketing,Kinh doanh và quản lý,1064,2018,2023
7340115,Marketing (Chuyên ngành Digital Marketing),Báo chí - Marketing - Quảng cáo - PR,4,2024,2024
7340115,Marketing (Chuyên ngành Marketing),Báo chí - Marketing - Quảng cáo - PR,4,2024,2024
7340115,Marketing (Chuyên ngành Marketing)(Tiếng Anh),Báo chí - Marketing - Quảng cáo - PR,4,2024,2024
7340115,Marketing (Marketing số và truyền thông xã hội),Báo chí - Marketing - Quảng cáo - PR,4,2024,2024
7340115,Marketing (dạy bằng tiếng Anh),Báo chí - Marketing - Quảng cáo - PR,1,2024,2024
7340115,Marketing chất lượng cao,Báo chí - Marketing - Quảng cáo - PR,6,2024,2024
7340115,Quan hệ công chúng (ngành Marketing),Báo chí - Marketing - Quảng cáo - PR,3,2024,2024
7340115,Quản trị marketing,Kinh doanh và quản lý,1,2021,2021
7340115-TA,Quản trị marketing,Báo chí - Marketing - Quảng cáo - PR,4,2024,2024
73401150,Marketing và tổ chức sự kiện (ngành Marketing),Báo chí - Marketing - Quảng cáo - PR,4,2024,2024
7340115C,Marketing,Báo chí - Marketing - Quảng cáo - PR,4,2024,2024
7340115C2,Digital marketing (ngành Marketing),Báo chí - Marketing - Quảng cáo - PR,4,2024,2024
7340115DKD,Marketing,Báo chí - Marketing - Quảng cáo - PR,4,2024,2024
7340115DKK,Marketing,Báo chí - Marketing - Quảng cáo - PR,4,2024,2024
7340115DL,Marketing,Báo chí - Marketing - Quảng cáo - PR,4,2024,2024
7340116,Bất động sản,Kinh doanh và quản lý,360,2018,2023
7340116,Bất động sản,Tài chính - Ngân hàng - Bảo hiểm,52,2024,2024
7340116,Marketing,Tài chính - Ngân hàng - Bảo hiểm,4,2024,2024
7340116G,Bất động sản,Tài chính - Ngân hàng - Bảo hiểm,4,2024,2024
7340120,Kinh doanh,Kinh doanh và quản lý,3,2018,2018
7340120,Kinh doanh Quốc tế,Kinh tế - Quản trị kinh doanh - Thương Mại,5,2024,2024
7340120,Kinh doanh quốc tế,Kinh doanh và quản lý,1099,2018,2023
7340120,Kinh doanh quốc tế,Kinh tế - Quản trị kinh doanh - Thương Mại,153,2024,2024
7340120,Kinh doanh quốc tế (Chuyên ngành: Thương mại quốc tế),Kinh tế - Quản trị kinh doanh - Thương Mại,4,2024,2024
7340120,Kinh doanh quốc tế (Chương trình tiên tiến),Kinh tế - Quản trị kinh doanh - Thương Mại,4,2024,2024
7340120,Kinh doanh quốc tế (Tiếng Anh),Kinh tế - Quản trị kinh doanh - Thương Mại,4,2024,2024
7340120,Kinh doanh quốc tế và logistics,Kinh doanh và quản lý,16,2018,2021
7340120,Kinh tế,Kinh doanh và quản lý,32,2018,2021
7340120,Ngoại thương,Kinh doanh và quản lý,4,2018,2018
7340120C,Kinh doanh quốc tế,Kinh tế - Quản trị kinh doanh - Thương Mại,4,2024,2024
7340120C,Kinh doanh quốc tế (CTCLC),Kinh tế - Quản trị kinh doanh - Thương Mại,3,2024,2024
7340120C1,Thương mại quốc tế & Kinh doanh trực tuyến (ngành Kinh doanh quốc tế),Kinh tế - Quản trị kinh doanh - Thương Mại,4,2024,2024
7340120KA,Kinh doanh quốc tế & Ngôn ngữ Anh,Kinh tế - Quản trị kinh doanh - Thương Mại,4,2024,2024
7340120KL,Kinh doanh quốc tế & Luật,Kinh tế - Quản trị kinh doanh - Thương Mại,4,2024,2024
7340120V,Kinh doanh Quốc tế (đào tạo bằng tiếng Việt),Kinh tế - Quản trị kinh doanh - Thương Mại,4,2024,2024
7340121,Kinh doanh thương mại,Kinh doanh và quản lý,357,2018,2023
7340121,Kinh doanh thương mại,Kinh tế - Quản trị kinh doanh - Thương Mại,60,2024,2024
7340121,Thương mại,Kinh doanh và quản lý,4,2018,2018
7340121DKD,Kinh doanh thương mại,Kinh tế - Quản trị kinh doanh - Thương Mại,4,2024,2024
7340121DKK,Kinh doanh thương mại,Kinh tế - Quản trị kinh doanh - Thương Mại,4,2024,2024
7340122,Marketing,Kinh doanh và quản lý,13,2021,2022
7340122,Marketing số,Báo chí - Marketing - Quảng cáo - PR,4,2024,2024
7340122,Thương mại điện tử,Kinh doanh và quản lý,749,2018,2023
7340122,Thương mại điện tử,Kinh tế - Quản trị kinh doanh - Thương Mại,190,2024,2024
7340122,Thương mại điện tử (Tiếng Anh),Kinh tế - Quản trị kinh doanh - Thương Mại,4,2024,2024
7340122-DN,Thương mại điện tử,Kinh tế - Quản trị kinh doanh - Thương Mại,4,2024,2024
7340122C,Thương mại điện tử,Kinh tế - Quản trị kinh doanh - Thương Mại,4,2024,2024
7340122DL,Thương mại điện tử,Kinh tế - Quản trị kinh doanh - Thương Mại,4,2024,2024
7340122V,Thương mại điện tử (đào tạo bằng tiếng Việt),Kinh tế - Quản trị kinh doanh - Thương Mại,4,2024,2024
7340123,Kinh doanh thời trang và Dệt may,Kinh doanh và quản lý,48,2021,2023
7340123,Kinh doanh thời trang và Dệt may,Thời trang - May mặc,8,2024,2024
7340124,Quản trị và Kinh doanh Quốc tế,Kinh doanh và quản lý,28,2018,2023
7340124,Quản trị và Kinh doanh Quốc tế,Kinh tế - Quản trị kinh doanh - Thương Mại,4,2024,2024
7340125,Phân tích dữ liệu kinh doanh,Kinh doanh và quản lý,22,2021,2023
7340125,Phân tích dữ liệu kinh doanh,Kinh tế - Quản trị kinh doanh - Thương Mại,3,2024,2024
7340129,Quản trị bệnh viện,Sức khỏe,9,2022,2022
7340129,Quản trị kinh doanh,Kinh doanh và quản lý,39,2021,2023
7340129,Quản trị kinh doanh thực phẩm,Kinh tế - Quản trị kinh doanh - Thương Mại,4,2024,2024
7340155,Marketing,Báo chí - Marketing - Quảng cáo - PR,4,2024,2024
734016,Bất động sản,Kinh doanh và quản lý,12,2021,2023
7340201,Hải quan & Logistics,Công nghệ kỹ thuật,9,2020,2023
7340201,Ngân hàng,Tài chính - Ngân hàng - Bảo hiểm,8,2024,2024
7340201,Ngân hàng đầu tư,Kinh doanh và quản lý,4,2018,2018
7340201,Nhóm ngành Kinh tế - Kinh doanh (Chương trình đại trà) - Tài chính - Ngân hàng,Kinh doanh và quản lý,4,2018,2018
7340201,Phân tích tài chính,Kinh doanh và quản lý,9,2020,2023
7340201,Quản trị Hải quan - Ngoại thương,Ngoại thương - Xuất nhập khẩu - Kinh Tế quốc tế,4,2024,2024
7340201,Quản trị hải quan - ngoại thương,Kinh doanh và quản lý,4,2018,2018
7340201,Quản trị rủi ro tài chính và bảo hiểm,Kinh doanh và quản lý,4,2018,2018
7340201,Thuế,Tài chính - Ngân hàng - Bảo hiểm,8,2024,2024
7340201,Thuế trong kinh doanh,Kinh doanh và quản lý,4,2018,2018
7340201,Thị trường chứng khoán,Kinh doanh và quản lý,4,2018,2018
7340201,Thị trường chứng khoán,Tài chính - Ngân hàng - Bảo hiểm,4,2024,2024
7340201,Tài Chính ngân hàng,Tài chính - Ngân hàng - Bảo hiểm,2,2024,2024
7340201,Tài chính,Kinh doanh và quản lý,10,2022,2023
7340201,Tài chính,Tài chính - Ngân hàng - Bảo hiểm,8,2024,2024
7340201,Tài chính (Chương trình liên kết với ĐH Macquarie) (2+1),Tài chính - Ngân hàng - Bảo hiểm,4,2024,2024
7340201,Tài chính - Ngân hàng,Kinh doanh và quản lý,2512,2018,2023
7340201,Tài chính - Ngân hàng,Tài chính - Ngân hàng - Bảo hiểm,239,2024,2024
7340201,Tài chính - Ngân hàng (02 chuyên ngành: Tài chính - Ngân hàng; Công nghệ tài chính),Tài chính - Ngân hàng - Bảo hiểm,4,2024,2024
7340201,Tài chính - Ngân hàng (Chuyên ngành: Tài chính doanh nghiệp; Thuế; Ngân hàng; Thẩm định giá),Tài chính - Ngân hàng - Bảo hiểm,4,2024,2024
7340201,Tài chính - Ngân hàng (Tiếng Anh),Tài chính - Ngân hàng - Bảo hiểm,4,2024,2024
7340201,Tài chính - Ngân hàng (dạy bằng tiêng Anh),Tài chính - Ngân hàng - Bảo hiểm,1,2024,2024
7340201,Tài chính - ngân hàng,Tài chính - Ngân hàng - Bảo hiểm,24,2024,2024
7340201,Tài chính Ngân hàng,Tài chính - Ngân hàng - Bảo hiểm,11,2024,2024
7340201,Tài chính chất lượng cao giảng dạy bằng Tiếng Anh,Tài chính - Ngân hàng - Bảo hiểm,4,2024,2024
7340201,Tài chính công,Tài chính - Ngân hàng - Bảo hiểm,4,2024,2024
7340201,Tài chính doanh nghiệp,Kinh doanh và quản lý,9,2020,2023
7340201,Tài chính ngân hàng,Tài chính - Ngân hàng - Bảo hiểm,75,2024,2024
7340201,Tài chính ngân hàng (Chuyên ngành Tài chính doanh nghiệp; chuyên ngành Ngân hàng thương mại),Tài chính - Ngân hàng - Bảo hiểm,4,2024,2024
7340201,Tài chính ngân hàng (Tiếng Anh bán phần),Tài chính - Ngân hàng - Bảo hiểm,4,2024,2024
7340201,Tài chính ngân hàng gồm 02 chuyên ngành: Ngân hàng; Tài chính,Tài chính - Ngân hàng - Bảo hiểm,4,2024,2024
7340201,Tài chính quốc tế,Kinh doanh và quản lý,4,2018,2018
7340201,Tài chính – Ngân hàng,Tài chính - Ngân hàng - Bảo hiểm,28,2024,2024
7340201,Đầu tư tài chính,Kinh doanh và quản lý,4,2018,2018
7340201,Đầu tư tài chính,Tài chính - Ngân hàng - Bảo hiểm,4,2024,2024
7340201-TA,Tài chính,Tài chính - Ngân hàng - Bảo hiểm,4,2024,2024
73402011,Tài chính - Ngân hàng 1,Tài chính - Ngân hàng - Bảo hiểm,4,2024,2024
73402012,Tài chính - Ngân hàng 2,Tài chính - Ngân hàng - Bảo hiểm,4,2024,2024
73402013,Tài chính - Ngân hàng 3,Tài chính - Ngân hàng - Bảo hiểm,4,2024,2024
7340201C,Tài chính - Ngân hàng (CTCLC),Tài chính - Ngân hàng - Bảo hiểm,3,2024,2024
7340201C,Tài chính ngân hàng gồm 02 chuyên ngành: Ngân hàng; Tài chính,Tài chính - Ngân hàng - Bảo hiểm,4,2024,2024
7340201C,Tài chính – Ngân hàng Chất lượng cao,Tài chính - Ngân hàng - Bảo hiểm,4,2024,2024
7340201C06,Hải quan và Logistics (theo định hướng FIATA),Ngoại thương - Xuất nhập khẩu - Kinh Tế quốc tế,3,2024,2024
7340201C09,Phân tích tài chính (theo định hướng ICAEW),Kinh tế - Quản trị kinh doanh - Thương Mại,3,2024,2024
7340201C1,Tài chính doanh nghiệp (ngành Tài chính - Ngân hàng),Tài chính - Ngân hàng - Bảo hiểm,4,2024,2024
7340201C11,Tài chính doanh nghiệp (theo định hướng ACCA),Tài chính - Ngân hàng - Bảo hiểm,3,2024,2024
7340201DKD,Tài chính - Ngân hàng,Tài chính - Ngân hàng - Bảo hiểm,4,2024,2024
7340201DKK,Tài chính - Ngân hàng,Tài chính - Ngân hàng - Bảo hiểm,4,2024,2024
7340201DL,Tài chính ngân hàng,Tài chính - Ngân hàng - Bảo hiểm,4,2024,2024
7340201TL,Tài chính ngân hàng & Luật,Tài chính - Ngân hàng - Bảo hiểm,4,2024,2024
7340202,Công nghệ tài chính,Kinh doanh và quản lý,13,2022,2023
7340202,Kinh doanh quốc tế và logistics,Kinh doanh và quản lý,4,2020,2020
7340202,Tài chính và Kế toán,Kinh doanh và quản lý,11,2018,2023
7340202,Tài chính và Kế toán (BFA),Kế toán - Kiểm toán,6,2024,2024
7340204,Bảo hiểm,Kinh doanh và quản lý,90,2018,2023
7340204,Bảo hiểm,Tài chính - Ngân hàng - Bảo hiểm,18,2024,2024
7340204DKD,Bảo hiểm,Tài chính - Ngân hàng - Bảo hiểm,4,2024,2024
7340204DKK,Bảo hiểm,Tài chính - Ngân hàng - Bảo hiểm,4,2024,2024
7340205,Công nghệ tài chính,Kinh doanh và quản lý,59,2022,2023
7340205,Công nghệ tài chính,Tài chính - Ngân hàng - Bảo hiểm,68,2024,2024
7340205,Công nghệ tài chính (CT Co-operative Education),Tài chính - Ngân hàng - Bảo hiểm,4,2024,2024
7340205,Công nghệ tài chính (Chương trình dạy và học bằng tiếng Anh),Tài chính - Ngân hàng - Bảo hiểm,4,2024,2024
7340205,Công nghệ tài chính (Eintech),Tài chính - Ngân hàng - Bảo hiểm,4,2024,2024
7340205,Công nghệ tài chính (Fintech),Tài chính - Ngân hàng - Bảo hiểm,7,2024,2024
7340205,Công nghệ tài chính (dạy bằng tiếng Anh),Tài chính - Ngân hàng - Bảo hiểm,2,2024,2024
7340206,Công nghệ tài chính,Kinh doanh và quản lý,4,2022,2022
7340206,Tài chính quốc tế,Kinh doanh và quản lý,54,2020,2023
7340206,Tài chính quốc tế,Tài chính - Ngân hàng - Bảo hiểm,8,2024,2024
7340207,Bảo hiểm - Tài chính,Tài chính - Ngân hàng - Bảo hiểm,6,2024,2024
7340207,Bảo hiểm - Tài chính Ngân hàng,Kinh doanh và quản lý,12,2022,2022
7340208,Công nghệ tài chính,Kinh doanh và quản lý,24,2021,2023
7340301,Chương trình Kế toán tích hợp chứng chỉ nghề nghiệp quốc tế (của tổ chức nghề nghiệp ICAEW và ACCA),Kế toán - Kiểm toán,4,2024,2024
7340301,Kiểm toán,Kinh doanh và quản lý,9,2020,2023
7340301,Kế Toán (Tiếng Anh bán phần),Kế toán - Kiểm toán,4,2024,2024
7340301,Kế toán,Kinh doanh và quản lý,3283,2018,2023
7340301,Kế toán,Kế toán - Kiểm toán,482,2024,2024
7340301,"Kế toán (Chuyên ngành: Kế toán công, Kế toán doanh nghiệp, Kế toán tin)",Kế toán - Kiểm toán,4,2024,2024
7340301,Kế toán (Chương trình liên kết với ĐH Macquarie) (2+1),Kế toán - Kiểm toán,4,2024,2024
7340301,Kế toán (Chương trình tiên tiến),Kế toán - Kiểm toán,4,2024,2024
7340301,Kế toán (Tích hợp CCQT ICAEW - Tiếng Anh),Kế toán - Kiểm toán,4,2024,2024
7340301,Kế toán (dạy bằng tiếng Anh),Kế toán - Kiểm toán,1,2024,2024
7340301,Kế toán - Kiểm toán,Kinh doanh và quản lý,12,2018,2021
7340301,Kế toán chất lượng cao (chuẩn quốc tế ACCA),Kế toán - Kiểm toán,3,2024,2024
7340301,Kế toán công,Kế toán - Kiểm toán,4,2024,2024
7340301,Kế toán doanh nghiệp,Kinh doanh và quản lý,9,2020,2023
7340301,Kế toán doanh nghiệp,Kế toán - Kiểm toán,8,2024,2024
7340301,Kế toán gồm 02 chuyên ngành: Kế toán; Thuế,Kế toán - Kiểm toán,4,2024,2024
7340301,Ngôn ngữ Anh,Nhân văn,1,2022,2022
7340301,Nhóm ngành Kinh tế - Kinh doanh (Chương trình đại trà) - Kế toán,Kinh doanh và quản lý,4,2018,2018
7340301,Quản lý Tài chính- Kế toán,Kinh doanh và quản lý,12,2018,2020
7340301,Quản trị kinh doanh,Kinh doanh và quản lý,4,2019,2019
7340301,Tài chính - Kế toán,Kế toán - Kiểm toán,3,2024,2024
7340301,Tài chính - Ngân hàng,Kinh doanh và quản lý,1,2018,2018
7340301A,Kế toán (Chương trình đặc biệt),Kế toán - Kiểm toán,4,2024,2024
7340301C,Kế toán Chất lượng cao,Kế toán - Kiểm toán,4,2024,2024
7340301C,Kế toán gồm 02 chuyên ngành: Kế toán; Thuế,Kế toán - Kiểm toán,4,2024,2024
7340301C1,Kế toán tài chính (ngành Kế toán),Kế toán - Kiểm toán,4,2024,2024
7340301C2,Kế toán kiểm toán (ngành Kế toán),Kế toán - Kiểm toán,4,2024,2024
7340301C21,Kế toán doanh nghiệp (theo định hướng ACCA),Kế toán - Kiểm toán,3,2024,2024
7340301C22,Kiểm toán (theo định hướng ICAEW),Kế toán - Kiểm toán,3,2024,2024
7340301CLC,Kế toán (Chương trình chất lượng cao),Kế toán - Kiểm toán,2,2024,2024
7340301CLC,Kế toán CLC,Kế toán - Kiểm toán,3,2024,2024
7340301DKD,Kế toán,Kế toán - Kiểm toán,4,2024,2024
7340301DKK,Kế toán,Kế toán - Kiểm toán,4,2024,2024
7340301DL,Kế toán,Kế toán - Kiểm toán,4,2024,2024
7340301G,Kế toán,Kế toán - Kiểm toán,3,2024,2024
7340301KL,Kế toán & Luật,Kế toán - Kiểm toán,4,2024,2024
7340301N,Kế toán,Kế toán - Kiểm toán,3,2024,2024
7340301PH,Kế toán,Kế toán - Kiểm toán,4,2024,2024
7340301Q,Kế toán tích hợp chứng chỉ quốc tế Advanced Diploma in Accounting & Business của Hiệp hội Kế toán công chứng Anh (ACCA),Kế toán - Kiểm toán,4,2024,2024
7340301QT,Kế toán (Chương trình chất lượng cao Kế toán tổng hợp Việt - Anh),Kế toán - Kiểm toán,4,2024,2024
7340301TA,Kế toán (đào tạo bằng Tiếng Anh),Kế toán - Kiểm toán,4,2024,2024
7340301TN,Kế toán (ACCA cấp Chứng chỉ Lập báo cáo tài chính quốc tế),Kế toán - Kiểm toán,4,2024,2024
7340301V,Kế toán (đào tạo bằng tiếng Việt),Kế toán - Kiểm toán,4,2024,2024
7340302,Khoa học máy tính,Máy tính và công nghệ thông tin,127,2018,2021
7340302,Kiểm toán,Kinh doanh và quản lý,332,2020,2023
7340302,Kiểm toán,Kế toán - Kiểm toán,75,2024,2024
7340302,Kiểm toán (Chuyên ngành: Kiểm toán),Kế toán - Kiểm toán,4,2024,2024
7340302,Kiểm toán gồm 02 chuyên ngành: Kiểm toán; Phân tích kinh doanh.,Kế toán - Kiểm toán,4,2024,2024
7340302C,Kiếm toán gồm 02 chuyên ngành: Kiểm toán; Phân tích kinh doanh.,Kế toán - Kiểm toán,4,2024,2024
7340302C,Kiểm toán Chất lượng cao,Kế toán - Kiểm toán,4,2024,2024
7340302DKD,Kiểm toán,Kế toán - Kiểm toán,4,2024,2024
7340302DKK,Kiểm toán,Kế toán - Kiểm toán,4,2024,2024
7340302Q,Kiểm toán tích hợp chứng chỉ quốc tế CFAB cùa Viện Kế toán Công chứng Anh và xứ Wales (ICAEW),Kế toán - Kiểm toán,4,2024,2024
7340303,"Kế toán, Phân tích và Kiểm toán",Kinh doanh và quản lý,8,2023,2023
7340303,Quản trị tài chính kế toán,Kinh doanh và quản lý,8,2020,2021
7340401,Khoa học quản lý,Kinh doanh và quản lý,65,2018,2023
7340401,Khoa học quản lý,Kinh tế - Quản trị kinh doanh - Thương Mại,4,2024,2024
7340401,Khoa học quản lý (Quản lý nhân lực),Kinh tế - Quản trị kinh doanh - Thương Mại,4,2024,2024
7340401C35,Digital Marketing (theo định hướng ICDL),Báo chí - Marketing - Quảng cáo - PR,3,2024,2024
7340403,Quản lý công,Kinh doanh và quản lý,163,2018,2023
7340403,Quản lý công,Văn hóa - Chính trị - Khoa học Xã hội,28,2024,2024
7340403,Quản lý công (Quản lý kinh tế),Văn hóa - Chính trị - Khoa học Xã hội,4,2024,2024
7340404,Quản trị Nhân lực,Nhân sự - Hành chính,9,2024,2024
7340404,Quản trị nhân lực,Kinh doanh và quản lý,414,2018,2023
7340404,Quản trị nhân lực,Nhân sự - Hành chính,76,2024,2024
7340404QN,Quản trị nhân lực,Kinh tế - Quản trị kinh doanh - Thương Mại,4,2024,2024
7340405,Hệ thống hoạch định nguồn lực doanh nghiệp,Kinh doanh và quản lý,4,2018,2018
7340405,Hệ thống hoạch định nguồn lực doanh nghiệp,Kinh tế - Quản trị kinh doanh - Thương Mại,4,2024,2024
7340405,Hệ thống thông tin,Máy tính và công nghệ thông tin,8,2018,2018
7340405,Hệ thống thông tin kinh doanh,Kinh tế - Quản trị kinh doanh - Thương Mại,4,2024,2024
7340405,Hệ thống thông tin quản lý,Kinh doanh và quản lý,526,2018,2023
7340405,Hệ thống thông tin quản lý,Kinh tế - Quản trị kinh doanh - Thương Mại,46,2024,2024
7340405,Hệ thống thông tin quản lý (CT Co - operative Education),Kinh tế - Quản trị kinh doanh - Thương Mại,4,2024,2024
7340405,Hệ thống thông tin quản lý (Chuyên ngành Hệ thông thông tin quản lý),Kinh tế - Quản trị kinh doanh - Thương Mại,4,2024,2024
7340405,Hệ thống thông tin quản lý (Chuyên ngành Kinh doanh số và Trí tuệ nhân tạo),Kinh tế - Quản trị kinh doanh - Thương Mại,4,2024,2024
7340405,Hệ thống thông tin quản lý (Chuyên ngành: Công nghệ Thương mại điện tử),Kinh tế - Quản trị kinh doanh - Thương Mại,4,2024,2024
7340405,Hệ thống thông tin quản lý (Tiếng Anh bán phần),Kinh tế - Quản trị kinh doanh - Thương Mại,4,2024,2024
7340405,Khối ngành quản lý (chương trình đại trà) -Hệ thống thông tin quản lý,Kinh doanh và quản lý,4,2018,2018
7340405,Quản lý logistics và chuỗi cung ứng,Kinh tế - Quản trị kinh doanh - Thương Mại,4,2024,2024
7340405,Thương mại điện tử,Kinh doanh và quản lý,4,2018,2018
7340405A,Hệ thống thông tin quản lý - Chương trình tiên tiến,Kinh tế - Quản trị kinh doanh - Thương Mại,4,2024,2024
7340406,Quản trị văn phòng,Kinh doanh và quản lý,262,2018,2023
7340406,Quản trị văn phòng,Nhân sự - Hành chính,52,2024,2024
7340406QN,Quản trị văn phòng,Kinh tế - Quản trị kinh doanh - Thương Mại,4,2024,2024
7340406TP-HCM,Quản trị văn phòng,Kinh tế - Quản trị kinh doanh - Thương Mại,4,2024,2024
7340408,Quan hệ lao động,Kinh doanh và quản lý,37,2018,2023
7340408,Quan hệ lao động,Nhân sự - Hành chính,3,2024,2024
7340408,Quan hệ lao động (Chuyên ngành Quản lý quan hệ lao động. Chuyên ngành Hành vi tổ chức),Nhân sự - Hành chính,4,2024,2024
7340409,Quản lý dự án,Kinh doanh và quản lý,28,2018,2023
7340409,Quản lý dự án,Kinh tế - Quản trị kinh doanh - Thương Mại,8,2024,2024
7340410,Quản trị công nghệ truyền thông,Kinh doanh và quản lý,34,2019,2022
7340410,Quản trị công nghệ truyền thông,Kinh tế - Quản trị kinh doanh - Thương Mại,5,2024,2024
7340411,Quản lý và phát triển nguồn nhân lực,Kinh doanh và quản lý,4,2019,2019
7340412,Quản trị sự kiện,Du lịch-Khách sạn,21,2024,2024
7340412,Quản trị sự kiện,Kinh doanh và quản lý,87,2020,2023
7340418,Quản lý và phát triển du lịch,Kinh doanh và quản lý,4,2019,2019
7340420,Khoa học dữ liệu và phân tích kinh doanh,Kinh doanh và quản lý,17,2020,2023
734115,Quản trị khách sạn,"Du lịch, khách sạn, thể thao và dịch vụ cá nhân",13,2020,2022
7349001,Quản trị thương hiệu,Báo chí - Marketing - Quảng cáo - PR,6,2024,2024
7349001,Quản trị thương hiệu,Kinh doanh và quản lý,19,2021,2023
7349001,Tài chính - Ngân hàng,Kinh doanh và quản lý,36,2018,2023
7349001,Tài chính - Ngân hàng (Liên kết),Báo chí - Marketing - Quảng cáo - PR,4,2024,2024
7349002,Quản lý giải trí và sự kiện,Báo chí - Marketing - Quảng cáo - PR,6,2024,2024
7349002,Quản lý giải trí và sự kiện,Kinh doanh và quản lý,15,2021,2023
7349002,Quản lý tài nguyên di sản,Kinh doanh và quản lý,22,2021,2023
7349002,Quản trị kinh doanh,Kinh doanh và quản lý,16,2018,2021
7380101,Dịch vụ pháp luật,Pháp luật,25,2020,2023
7380101,Luật,Công an - Quân đội,281,2024,2024
7380101,Luật,Pháp luật,1902,2018,2023
7380101,Luật (02 chuyên ngành: Luật; Luật kinh tế),Công an - Quân đội,4,2024,2024
7380101,Luật (Chuyên ngành Luật Tài chính - Ngân hàng),Công an - Quân đội,4,2024,2024
7380101,Luật (Chuyên ngành Luật và Chính sách công),Công an - Quân đội,4,2024,2024
7380101,Luật (Chuyên ngành Thanh tra),Công an - Quân đội,4,2024,2024
7380101,"Luật (Luật dân sự, Luật thương mại và Luật hình sự)",Công an - Quân đội,4,2024,2024
7380101,"Luật (Luật, Dịch vụ pháp luật)",Công an - Quân đội,4,2024,2024
7380101,Luật kinh doanh quốc tế,Công an - Quân đội,4,2024,2024
7380101,Luật( Chuyên ngành Luật Dân sự),Công an - Quân đội,4,2024,2024
7380101,"Luật, chuyên ngành Kiểm sát",Công an - Quân đội,4,2024,2024
7380101,Ngành Luật,Công an - Quân đội,1,2024,2024
7380101,Thanh tra,Pháp luật,8,2019,2019
7380101C1,Luật kinh tế và dân sự (ngành Luật),Công an - Quân đội,4,2024,2024
7380101CLC,Luật chất lượng cao,Công an - Quân đội,3,2024,2024
7380101CT,Luật (dự kiến),Công an - Quân đội,4,2024,2024
7380101H,Luật (Khu Hòa An),Công an - Quân đội,4,2024,2024
7380101LA,Luật & Ngôn ngữ Anh,Công an - Quân đội,4,2024,2024
7380101QN7380101-1QN,Luật (Chuyên ngành Thanh tra),Công an - Quân đội,4,2024,2024
7380101TP-HCM,Luật (Chuyên ngành Thanh tra),Công an - Quân đội,3,2024,2024
7380101V,Luật (đào tạo bằng tiếng Việt),Công an - Quân đội,4,2024,2024
7380104,Luật,Pháp luật,18,2022,2023
7380104,Luật hình sự và tố tụng hình sự,Luật - Tòa án,4,2024,2024
7380107,Luật,Pháp luật,1421,2018,2023
7380107,Luật Kinh Tế,Báo chí - Marketing - Quảng cáo - PR,4,2024,2024
7380107,Luật Kinh tế,Báo chí - Marketing - Quảng cáo - PR,42,2024,2024
7380107,Luật Kinh tế (Chuyên ngành Luật thương mại quốc tế),Luật - Tòa án,4,2024,2024
7380107,Luật Kinh tế (Chuyên ngành Luật thương mại quốc tế)(Tiếng Anh),Luật - Tòa án,4,2024,2024
7380107,Luật kinh tế,Báo chí - Marketing - Quảng cáo - PR,179,2024,2024
7380107,Luật kinh tế (Chuyên ngành Luật Kinh doanh),Luật - Tòa án,4,2024,2024
7380107-HG,Luật kinh tế (Học tại phân hiệu ĐHTN tại tỉnh Hà Giang),Công an - Quân đội,4,2024,2024
7380107C,Luật kinh tế,Luật - Tòa án,4,2024,2024
7380107C,Luật kinh tế Chất lượng cao,Luật - Tòa án,4,2024,2024
7380108,Luật,Pháp luật,137,2018,2023
7380108,Luật quốc tế,Luật - Tòa án,11,2024,2024
7380108C,Luật quốc tế,Công an - Quân đội,4,2024,2024
7380109,Luật,Pháp luật,107,2018,2023
7380109,Luật Thương mại quốc tế,Luật - Tòa án,7,2024,2024
7380109,Luật thương mại quốc tế,Luật - Tòa án,8,2024,2024
7380109,Ngôn ngữ Anh,Nhân văn,2,2018,2018
7380110,Luật,Pháp luật,37,2018,2023
7380110,Luật Kinh doanh,Luật - Tòa án,6,2024,2024
7380114,Digital Marketing,Kinh doanh và quản lý,4,2023,2023
7420101,Sinh học,Công nghệ sinh - Hóa,11,2024,2024
7420101,Sinh học,Khoa học sự sống,158,2018,2023
7420101,Sinh học (Chương trình tăng cường tiếng Anh),Công nghệ sinh - Hóa,3,2024,2024
7420101B,Sinh học,Công nghệ sinh - Hóa,1,2024,2024
7420101D,Sinh học,Công nghệ sinh - Hóa,3,2024,2024
7420201,Công nghệ Sinh học,Công nghệ sinh - Hóa,16,2024,2024
7420201,Công nghệ Sinh học (Chương trình tăng cường tiếng Anh),Công nghệ sinh - Hóa,4,2024,2024
7420201,Công nghệ Sinh học – Phát triển thuốc,Công nghệ sinh - Hóa,4,2024,2024
7420201,Công nghệ sinh học,Công nghệ sinh - Hóa,133,2024,2024
7420201,Công nghệ sinh học,Công nghệ thông tin - Tin học,4,2024,2024
7420201,Công nghệ sinh học,Khoa học sự sống,1379,2018,2023
7420201,Công nghệ sinh học (Chương trình liên kết với ĐH West of England) (2+2),Công nghệ sinh - Hóa,4,2024,2024
7420201,Công nghệ sinh học (Kỹ thuật xét nghiệm Y - Sinh; Công nghệ sinh dược và nông nghiệp công nghệ cao),Công nghệ sinh - Hóa,4,2024,2024
7420201,Công nghệ sinh học gồm 03 chuyên ngành: Công nghệ sinh học y dược; Công nghệ sinh học nông nghiệp; Công nghệ sinh học thẩm mĩ,Công nghệ sinh - Hóa,4,2024,2024
7420201,Công nghệ sinh học định hướng Y Sinh (Chương trình liên kết với ĐH West of England) (4+0),Công nghệ sinh - Hóa,4,2024,2024
7420201,Công nghệ thông tin,Khoa học sự sống,12,2021,2022
7420201,Công nghệ thông tin,Máy tính và công nghệ thông tin,12,2021,2022
7420201,Khoa học máy tính,Máy tính và công nghệ thông tin,4,2021,2021
7420201,Kỹ thuật xét nghiệm y học,Sức khỏe,23,2021,2023
7420201,Sinh học,Khoa học sự sống,14,2020,2022
7420201A,"Công nghệ sinh học, chuyên ngành Công nghệ sinh học Y Dược",Y - Dược,3,2024,2024
7420201C,Công nghệ sinh học (CTNC),Công nghệ sinh - Hóa,3,2024,2024
7420201C,Công nghệ sinh học Chất lượng cao,Công nghệ sinh - Hóa,4,2024,2024
7420201C,Công nghệ sinh học gồm 03 chuyên ngành: Công nghệ sinh học y dược; Công nghệ sinh học nông nghiệp; Công nghệ sinh học thẩm mĩ,Công nghệ sinh - Hóa,4,2024,2024
7420201G,Công nghệ sinh học,Công nghệ sinh - Hóa,3,2024,2024
7420201MP,Công nghệ sinh học (Chương trình Minh Phú -NTU),Công nghệ sinh - Hóa,4,2024,2024
7420201T,Công nghệ sinh học (CTTT),Công nghệ sinh - Hóa,3,2024,2024
7420201YD,Công nghệ sinh học Y Dược,Y - Dược,4,2024,2024
7420202,Kỹ thuật Sinh học,Khoa học sự sống,10,2020,2021
7420203,Sinh học ứng dụng,Công nghệ sinh - Hóa,10,2024,2024
7420203,Sinh học ứng dụng,Khoa học sự sống,169,2018,2023
7420203A,Sinh học ứng dụng (Dược liệu),Công nghệ sinh - Hóa,4,2024,2024
7420204,Khoa học Y Sinh,Công nghệ vật liệu,4,2024,2024
7420204,Khoa học Y sinh,Khoa học sự sống,24,2018,2023
7420205,Công nghệ sinh học Y dược,Khoa học sự sống,25,2020,2023
7420205,Công nghệ sinh học y dược,Y - Dược,4,2024,2024
7420207,Công nghệ thẩm mỹ,Khoa học sự sống,8,2023,2023
7420207,Công nghệ thẩm mỹ,Y - Dược,8,2024,2024
7420207,Khối ngành Khoa học sức khỏe,Khoa học sự sống,4,2022,2022
7429001,Quản trị công nghệ sinh học,Khoa học sự sống,4,2020,2020
7440101,Vũ trụ và Ứng dụng,Khoa học tự nhiên,8,2019,2020
7440102,Công nghệ bán dẫn,Công nghệ thông tin - Tin học,4,2024,2024
7440102,"Nhóm ngành Vật lý học, Công nghệ Vật lý điện tử và tin học, Công nghệ bán dẫn",Khoa học tư nhiên khác,4,2024,2024
7440102,Vật lí,Khoa học tự nhiên,4,2022,2022
7440102,Vật lí học,Khoa học tự nhiên,2,2018,2018
7440102,Vật lý học,Khoa học tư nhiên khác,11,2024,2024
7440102,Vật lý học,Khoa học tự nhiên,167,2018,2023
7440102,Vật lý học (Chương trình tăng cường tiếng Anh),Khoa học tư nhiên khác,4,2024,2024
7440112,Hoá học,Công nghệ sinh - Hóa,7,2024,2024
7440112,Hoá học,Khoa học tự nhiên,439,2018,2023
7440112,Hóa Sinh,Khoa học tự nhiên,3,2018,2018
7440112,Hóa học,Công nghệ sinh - Hóa,25,2024,2024
7440112,Hóa học,Khoa học tự nhiên,5,2018,2020
7440112,Hóa học (Chương trình tăng cường tiếng Anh),Công nghệ sinh - Hóa,4,2024,2024
7440112,Hóa học (Hóa dược - Sản phẩm thiên nhiên),Công nghệ sinh - Hóa,4,2024,2024
7440112,Hóa học (Hóa học - Sinh học - Vật lý),Công nghệ sinh - Hóa,4,2024,2024
7440112,Hóa học (Hóa phân tích),Công nghệ sinh - Hóa,4,2024,2024
7440112,Hóa học (Hóa sinh),Công nghệ sinh - Hóa,4,2024,2024
7440112,"Hóa học, gồm các chuyên ngành: Hóa Dược; Hóa phân tích môi trường",Công nghệ sinh - Hóa,3,2024,2024
7440112A,Hóa học,Công nghệ sinh - Hóa,1,2024,2024
7440112B,Hóa học,Công nghệ sinh - Hóa,1,2024,2024
7440122,Khoa học Vật liệu,Công nghệ vật liệu,4,2024,2024
7440122,Khoa học Vật liệu (Chương trình tăng cường tiếng Anh),Công nghệ vật liệu,4,2024,2024
7440122,Khoa học Vật liệu tiên tiến và Công nghệ Nano,Công nghệ vật liệu,4,2024,2024
7440122,Khoa học vật liệu,Công nghệ vật liệu,7,2024,2024
7440122,Khoa học vật liệu,Khoa học tự nhiên,65,2018,2023
7440122,Khoa học vật liệu (Vật liệu tiên tiến và Công nghệ nano),Công nghệ vật liệu,4,2024,2024
7440201,Kỹ thuật địa chất,Khoa học tự nhiên,17,2020,2023
7440201,Ngành Địa chất học,Văn hóa - Chính trị - Khoa học Xã hội,4,2024,2024
7440201,Địa chất học,Khoa học tự nhiên,84,2018,2023
7440201,Địa chất học,Mỏ - Địa chất,8,2024,2024
7440212,Bản đồ học,Khoa học tự nhiên,6,2018,2019
7440217,Địa lý tự nhiên,Khoa học tự nhiên,28,2018,2020
7440221,Khí tượng và khí hậu học,Khoa học tự nhiên,36,2018,2021
7440222,Khí tượng và Khí hậu học,Hàng hải - Thủy lợi - Thời tiết,4,2024,2024
7440222,Khí tượng và khí hậu học,Hàng hải - Thủy lợi - Thời tiết,4,2024,2024
7440224,Thuỷ văn học,Khoa học tự nhiên,40,2018,2021
7440224,Thủy văn học,Hàng hải - Thủy lợi - Thời tiết,8,2024,2024
7440228,Hải dương học,Hàng hải - Thủy lợi - Thời tiết,4,2024,2024
7440228,Hải dương học,Khoa học tự nhiên,29,2018,2023
7440229,Quản lý dữ liệu khoa học trái đất,Khoa học tự nhiên,17,2022,2023
7440229,Quản lý phân tích dữ liệu khoa học trái đất,Văn hóa - Chính trị - Khoa học Xã hội,4,2024,2024
7440298,Biến đổi khí hậu và Phát triển bền vững,Hàng hải - Thủy lợi - Thời tiết,4,2024,2024
7440298,Biến đổi khí hậu và Phát triển bền vững,Khoa học tự nhiên,36,2018,2021
7440298,Biến đổi khí hậu và phát triển bền vững,Hàng hải - Thủy lợi - Thời tiết,4,2024,2024
7440299,Khí tượng thủy văn biển,Khoa học tự nhiên,4,2018,2018
7440301,Khoa học Môi trường,Tài nguyên - Môi trường,4,2024,2024
7440301,Khoa học Môi trường (Chương trình tăng cường tiếng Anh),Tài nguyên - Môi trường,4,2024,2024
7440301,Khoa học Môi trường ứng dụng,Tài nguyên - Môi trường,4,2024,2024
7440301,Khoa học môi trường,Khoa học tự nhiên,452,2018,2023
7440301,Khoa học môi trường,Tài nguyên - Môi trường,34,2024,2024
7440301,Khoa học môi trường (Môi trường; An toàn sức khỏe môi trường),Tài nguyên - Môi trường,4,2024,2024
7440301,Nước – Môi trường – Hải dương học,Khoa học tự nhiên,12,2019,2021
7460101,"Nhóm Ngành Toán học, Toán tin, Toán ứng dụng",Toán học và thống kê,4,2024,2024
7460101,Sư phạm Toán học,Khoa học giáo dục và đào tạo giáo viên,2,2018,2018
7460101,Thú y,Thú y,4,2022,2022
7460101,Toán học,Kế toán - Kiểm toán,8,2024,2024
7460101,Toán học,Toán và thống kê,137,2018,2023
7460101,Toán học (Toán - Tin học),Kế toán - Kiểm toán,4,2024,2024
7460101A,Toán học,Kế toán - Kiểm toán,1,2024,2024
7460101D,Toán học,Kế toán - Kiểm toán,1,2024,2024
7460104,Khoa học dữ liệu,Công nghệ thông tin - Tin học,4,2024,2024
7460108,Chuyên ngành Khoa học dữ liệu thuộc ngành Khoa học máy tính,Công nghệ thông tin - Tin học,4,2024,2024
7460108,Khoa học dữ liệu,Công nghệ thông tin - Tin học,66,2024,2024
7460108,Khoa học dữ liệu,Toán và thống kê,121,2022,2023
7460108,Khoa học dữ liệu (Data Science),Công nghệ thông tin - Tin học,4,2024,2024
7460108A,Khoa học dữ liệu - Chương trình tiên tiến,Công nghệ thông tin - Tin học,4,2024,2024
7460108DKD,Khoa học dữ liệu,Công nghệ thông tin - Tin học,4,2024,2024
7460108DKK,Khoa học dữ liệu,Công nghệ thông tin - Tin học,4,2024,2024
7460112,Toán ứng dụng,Toán học và thống kê,24,2024,2024
7460112,Toán ứng dụng,Toán và thống kê,208,2018,2023
7460112,Toán ứng dụng (Kỹ thuật Tài chính và Quản trị rủi ro),Toán học và thống kê,2,2024,2024
7460117,Khoa học máy tính,Toán và thống kê,8,2018,2020
7460117,Khối ngành Toán - Tin học,Toán và thống kê,21,2021,2023
7460117,Toán Tin,Toán học và thống kê,4,2024,2024
7460201,Thống kê,Toán học và thống kê,6,2024,2024
7460201,Thống kê,Toán và thống kê,42,2018,2023
7460201,Thống kê (Thống kê ứng dụng),Toán học và thống kê,2,2024,2024
746108,Khoa học dữ liệu,Công nghệ thông tin - Tin học,4,2024,2024
7480101,Công nghệ thông tin,Máy tính và công nghệ thông tin,18,2019,2022
7480101,Hệ thống thông tin,Máy tính và công nghệ thông tin,2,2020,2021
7480101,Khoa học Máy tính,Công nghệ thông tin - Tin học,4,2024,2024
7480101,Khoa học Máy tính (Công nghệ phần mềm; Mạng máy tính và an ninh),Công nghệ thông tin - Tin học,4,2024,2024
7480101,"Khoa học Máy tính (Khoa học dữ liệu, Trí tuệ nhân tạo)",Công nghệ thông tin - Tin học,3,2024,2024
7480101,Khoa học dữ liệu và Trí tuệ nhân tạo,Máy tính và công nghệ thông tin,13,2021,2022
7480101,Khoa học máy tính,Công nghệ thông tin - Tin học,91,2024,2024
7480101,Khoa học máy tính,Máy tính và công nghệ thông tin,436,2018,2023
7480101,Khoa học máy tính (02 chuyên ngành: Trí tuệ nhân tạo; Khoa học dữ liệu),Công nghệ thông tin - Tin học,4,2024,2024
7480101,Khoa học máy tính (AI & Big Data),Công nghệ thông tin - Tin học,4,2024,2024
7480101,Khoa học máy tính (CSE),Công nghệ thông tin - Tin học,4,2024,2024
7480101,Khoa học máy tính (Chương trình Tiên tiến),Công nghệ thông tin - Tin học,4,2024,2024
7480101,Khoa học máy tính (Chương trình liên kết với ĐH West of England) (2+2),Công nghệ thông tin - Tin học,2,2024,2024
7480101,Khoa học máy tính (Chương trình đào tạo liên kết với Đại học Mississippi - Hoa Kỳ),Công nghệ thông tin - Tin học,4,2024,2024
7480101,Khoa học máy tính (định hướng Khoa học dữ liệu),Công nghệ thông tin - Tin học,2,2024,2024
7480101,Kinh doanh nông nghiệp,"Nông, lâm nghiệp và thủy sản",9,2020,2021
7480101,Kỹ thuật phần mềm,Máy tính và công nghệ thông tin,4,2021,2021
7480101,Kỹ thuật xây dựng,Máy tính và công nghệ thông tin,123,2018,2020
7480101,Trí tuệ nhân tạo,Máy tính và công nghệ thông tin,4,2021,2021
7480101-CSE,Khoa học Máy tính – Chuyên ngành Công nghệ Phần mềm,Công nghệ thông tin - Tin học,4,2024,2024
7480101-SE,Khoa học Máy tính – Chuyên ngành Công nghệ Phần mềm,Công nghệ thông tin - Tin học,4,2024,2024
7480101C,Khoa học máy tính Chất lượng cao,Công nghệ thông tin - Tin học,4,2024,2024
7480102,Khoa học máy tính,Máy tính và công nghệ thông tin,8,2020,2022
7480102,Kỹ thuật dữ liệu (ngành Mạng máy tính và truyền thông dữ liệu),Công nghệ thông tin - Tin học,2,2024,2024
7480102,Mạng Máy tính và Truyền thông Dữ liệu,Công nghệ thông tin - Tin học,4,2024,2024
7480102,Mạng máy tính và Truyền thông dữ liệu,Máy tính và công nghệ thông tin,323,2018,2023
7480102,Mạng máy tính và truyền thông dữ liệu,Công nghệ thông tin - Tin học,35,2024,2024
7480102A,Mạng máy tính và truyền thông dữ liệu - Chương trình tiên tiến,Công nghệ thông tin - Tin học,4,2024,2024
7480102DKD,Mạng máy tính và truyền thông dữ liệu,Công nghệ thông tin - Tin học,4,2024,2024
7480102DKK,Mạng máy tính và truyền thông dữ liệu,Công nghệ thông tin - Tin học,4,2024,2024
7480103,Công nghệ phần mềm,Máy tính và công nghệ thông tin,4,2018,2018
7480103,Công nghệ thông tin,Công nghệ thông tin - Tin học,4,2024,2024
7480103,Kỳ thuật phần mềm,Công nghệ thông tin - Tin học,4,2024,2024
7480103,Kỹ thuật phần mềm,Công nghệ thông tin - Tin học,81,2024,2024
7480103,Kỹ thuật phần mềm,Máy tính và công nghệ thông tin,582,2018,2023
7480103,Kỹ thuật phần mềm liên kết quốc tế - KNU,Công nghệ thông tin - Tin học,4,2024,2024
7480103C,Kỹ thuật phần mềm (CTCLC),Công nghệ thông tin - Tin học,3,2024,2024
7480104,Công nghệ thông tin,Kinh tế - Quản trị kinh doanh - Thương Mại,2,2024,2024
7480104,Hệ thông thông tin (Chuyên ngành Hệ thống thông tin thương mại điện tử),Kinh tế - Quản trị kinh doanh - Thương Mại,4,2024,2024
7480104,Hệ thống thông tin,Kinh tế - Quản trị kinh doanh - Thương Mại,51,2024,2024
7480104,Hệ thống thông tin,Máy tính và công nghệ thông tin,308,2018,2023
7480104,Hệ thống thông tin (CT tiên tiến),Công nghệ thông tin - Tin học,3,2024,2024
7480104C,Hệ thống thông tin (CTCLC),Công nghệ thông tin - Tin học,3,2024,2024
7480106,Kỹ thuật máy tính,Công nghệ thông tin - Tin học,23,2024,2024
7480106,Kỹ thuật máy tính,Máy tính và công nghệ thông tin,140,2018,2023
7480106,Kỹ thuật máy tính (Thiết kế vi mạch bán dẫn),Công nghệ thông tin - Tin học,2,2024,2024
7480107,Quản trị và phân tích dữ liệu,Máy tính và công nghệ thông tin,22,2018,2023
7480107,Robot và Trí tuệ nhân tạo (hệ kỹ sư),Công nghệ thông tin - Tin học,4,2024,2024
7480107,Robot và Trí tuệ nhân tạo (hệ kỹ sư),Kinh tế - Quản trị kinh doanh - Thương Mại,4,2024,2024
7480107,Trí tuệ Nhân tạo,Kinh tế - Quản trị kinh doanh - Thương Mại,4,2024,2024
7480107,Trí tuệ nhân tạo,Kinh tế - Quản trị kinh doanh - Thương Mại,58,2024,2024
7480107,Trí tuệ nhân tạo,Máy tính và công nghệ thông tin,46,2021,2023
7480107,Trí tuệ nhân tạo (kỹ sư),Kinh tế - Quản trị kinh doanh - Thương Mại,4,2024,2024
7480107,Điều khiển thông minh và tự động hóa,Điện lạnh - Điện tử - Điện - Tự động hóa,4,2024,2024
7480107D,Quản trị và phân tích dữ liệu (thí điểm),Kinh tế - Quản trị kinh doanh - Thương Mại,3,2024,2024
7480107DL,Trí tuệ nhân tạo,Nhân sự - Hành chính,4,2024,2024
7480108,Công nghệ kỹ thuật máy tính,Công nghệ thông tin - Tin học,6,2024,2024
7480108,Công nghệ kỹ thuật máy tính,Máy tính và công nghệ thông tin,264,2018,2023
7480108,Công nghệ kỹ thuật máy tính (kỹ sư),Công nghệ thông tin - Tin học,4,2024,2024
7480108,Khoa học dữ liệu,Máy tính và công nghệ thông tin,2,2023,2023
7480108,Kỹ thuật máy tính,Công nghệ thông tin - Tin học,4,2024,2024
7480108,Kỹ thuật máy tính gồm 02 chuyên ngành: Công nghệ kỹ thuật máy tính; Công nghệ kỹ thuật vi mạch,Công nghệ thông tin - Tin học,4,2024,2024
7480108,Ngôn ngữ Nhật,Nhân văn,2,2020,2020
7480108A,Công nghệ kỹ thuật máy tính (đào tạo bằng tiếng Anh),Công nghệ thông tin - Tin học,4,2024,2024
7480108B,Công nghệ kỹ thuật máy tính (cử nhân),Công nghệ thông tin - Tin học,4,2024,2024
7480108C,Kỹ thuật máy tính gồm 02 chuyên ngành: Công nghệ kỹ thuật máy tính; Công nghệ kỹ thuật vi mạch,Công nghệ thông tin - Tin học,4,2024,2024
7480108DKD,Công nghệ kỹ thuật máy tính,Công nghệ thông tin - Tin học,4,2024,2024
7480108DKK,Công nghệ kỹ thuật máy tính,Công nghệ thông tin - Tin học,4,2024,2024
7480108IC,Công nghệ kỹ thuật máy tính - chuyên ngành Thiết kế vi mạch bán dẫn (kỹ sư),Công nghệ thông tin - Tin học,4,2024,2024
7480108V,Công nghệ kỹ thuật máy tính (đào tạo bằng tiếng Việt),Công nghệ thông tin - Tin học,4,2024,2024
7480109,Khoa học dữ liệu,Máy tính và công nghệ thông tin,163,2018,2023
7480112,Khoa học dữ liệu và Trí tuệ nhân tạo,Máy tính và công nghệ thông tin,40,2020,2023
7480112,Khoa học dữ liệu và trí tuệ nhân tạo (Hệ Cử nhân),Công nghệ thông tin - Tin học,3,2024,2024
7480112KS,Khoa học dữ liệu và trí tuệ nhân tạo (Hệ Kỹ sư),Công nghệ thông tin - Tin học,3,2024,2024
7480118,Chương trình tiên tiến ngành Hệ thống nhúng,Máy tính và công nghệ thông tin,1,2023,2023
7480118,Hệ thống nhúng thông minh và IoT,Máy tính và công nghệ thông tin,34,2018,2023
7480118V,Hệ thống nhúng và IoT (đào tạo bằng tiếng Việt),Công nghệ thông tin - Tin học,4,2024,2024
7480118VM,Chương trình tiên tiến Việt-Mỹ ngành Hệ thống Nhúng và IoT,Công nghệ thông tin - Tin học,2,2024,2024
7480200,Nhóm ngành Kỹ thuật - Hậu cần,Công nghệ thông tin - Tin học,6,2024,2024
7480200,"Nhóm ngành Kỹ thuật, Hậu cần CAND",Máy tính và công nghệ thông tin,18,2020,2022
7480201,An toàn thông tin,Máy tính và công nghệ thông tin,17,2020,2022
7480201,Công nghệ Thông tin,Công nghệ thông tin - Tin học,20,2024,2024
7480201,Công nghệ Thông tin và truyền thông,Máy tính và công nghệ thông tin,12,2019,2021
7480201,Công nghệ kỹ thuật môi trường,Máy tính và công nghệ thông tin,4,2022,2022
7480201,Công nghệ nghệ thuật (Arttech),Mỹ thuật - Âm nhạc - Nghệ thuật,4,2024,2024
7480201,Công nghệ phần mềm,Máy tính và công nghệ thông tin,20,2018,2021
7480201,Công nghệ thông tin,Công nghệ thông tin - Tin học,454,2024,2024
7480201,Công nghệ thông tin,Máy tính và công nghệ thông tin,3344,2018,2023
7480201,Công nghệ thông tin (03 chuyên ngành: Công nghệ phần mềm; Hệ thống thông tin; Truyền thông và Mạng máy tính),Công nghệ thông tin - Tin học,4,2024,2024
7480201,Công nghệ thông tin (CN thiết kế vi mạch bán dẫn),Công nghệ thông tin - Tin học,4,2024,2024
7480201,Công nghệ thông tin (Chương trình liên kết với ĐH SUNY Binghamton) (2+2),Công nghệ thông tin - Tin học,2,2024,2024
7480201,Công nghệ thông tin (Chương trình liên kết với ĐH West of England) (4+0),Công nghệ thông tin - Tin học,2,2024,2024
7480201,Công nghệ thông tin (Chương trình tăng cường tiếng Anh),Công nghệ thông tin - Tin học,4,2024,2024
7480201,Công nghệ thông tin (Công nghệ và Đổi mới sáng tạo),Công nghệ thông tin - Tin học,4,2024,2024
7480201,Công nghệ thông tin (Cử nhân định hướng ứng dụng),Công nghệ thông tin - Tin học,2,2024,2024
7480201,Công nghệ thông tin (Việt - Nhật),Công nghệ thông tin - Tin học,5,2024,2024
7480201,Công nghệ thông tin (dạy bằng tiếng Anh),Công nghệ thông tin - Tin học,2,2024,2024
7480201,Công nghệ thông tin (kỹ sư),Công nghệ thông tin - Tin học,4,2024,2024
7480201,Công nghệ thông tin (Đặc thù - Hợp tác doanh nghiệp),Công nghệ thông tin - Tin học,2,2024,2024
7480201,Công nghệ thông tin Chuyên ngành - Robot và Trí tuệ nhân tạo -Kỹ thuật phần mềm - Hệ thống thông tin - Mạng máy tính & An toàn thông tin,Công nghệ thông tin - Tin học,4,2024,2024
7480201,Công nghệ thông tin Việt - Nhật,Công nghệ thông tin - Tin học,2,2024,2024
7480201,Công nghệ thông tin chất lượng cao,Công nghệ thông tin - Tin học,5,2024,2024
7480201,Công nghệ thông tin quốc tế,Công nghệ thông tin - Tin học,4,2024,2024
7480201,Công nghệ thông tin trọng điểm (CLC),Công nghệ thông tin - Tin học,4,2024,2024
7480201,Công nghệ thông tin và dữ liệu Tài nguyên môi trường,Công nghệ thông tin - Tin học,4,2024,2024
7480201,Công nghệ thông tin – Truyền thông,Công nghệ thông tin - Tin học,4,2024,2024
7480201,Công nghệ thông tin/ Công nghệ đa phương tiện,Công nghệ thông tin - Tin học,4,2024,2024
7480201,Công nghệ tài chính,Kinh doanh và quản lý,5,2022,2022
7480201,Công nghệ và đổi mới sáng tạo,Công nghệ thông tin - Tin học,12,2024,2024
7480201,Hệ thống thông tin,Máy tính và công nghệ thông tin,9,2022,2022
7480201,IoT (Internet vạn vật),Máy tính và công nghệ thông tin,8,2020,2021
7480201,Khoa học dữ liệu,Máy tính và công nghệ thông tin,4,2019,2019
7480201,Khoa học máy tính,Máy tính và công nghệ thông tin,4,2020,2020
7480201,Kỹ sư công nghệ thông tin,Công nghệ thông tin - Tin học,3,2024,2024
7480201,Mạng máy tính và Truyền thông dữ liệu,Máy tính và công nghệ thông tin,33,2018,2022
7480201,Ngành Công nghệ thông tin,Công nghệ thông tin - Tin học,2,2024,2024
7480201,Nhóm ngành Công nghệ thông tin gồm 04 ngành và 01 chuyên ngành: Công nghệ thông tin; Kỹ thuật phần mềm; Khoa học máy tính; Hệ thống thông tin; Chuyên ngành: Quản lý đô thị thông minh và bền vững,Công nghệ thông tin - Tin học,4,2024,2024
7480201,Nhóm ngành máy tính và Công nghệ thông tin,Công nghệ thông tin - Tin học,4,2024,2024
7480201,Nhóm ngành máy tính và Công nghệ thông tin,Máy tính và công nghệ thông tin,29,2018,2023
7480201,Trí tuệ nhân tạo,Máy tính và công nghệ thông tin,5,2021,2021
7480201,Xã hội học,Khoa học xã hội và hành vi,2,2021,2021
7480201-1,Công nghệ thông tin (Chuyên ngành Công nghệ đa phương tiện),Công nghệ thông tin - Tin học,4,2024,2024
7480201-DN,Công nghệ thông tin,Công nghệ thông tin - Tin học,4,2024,2024
748020101A,Công nghệ thông tin - Chương trình tiên tiến,Công nghệ thông tin - Tin học,4,2024,2024
748020101E,Công nghệ thông tin - Chương trình học hoàn toàn bằng tiếng Anh,Công nghệ thông tin - Tin học,4,2024,2024
748020104A,Công nghệ thông tin (chuyên ngành Khoa học dữ liệu và AI) - Chương trình tiên tiến,Công nghệ thông tin - Tin học,4,2024,2024
748020105A,Công nghệ thông tin (chuyên ngành Smart logistics) - Chương trình tiên tiến,Công nghệ thông tin - Tin học,4,2024,2024
748020106A,Công nghệ thông tin (chuyên ngành Công nghệ ô tô số) - Chương trình tiên tiến,Công nghệ thông tin - Tin học,4,2024,2024
7480201A,Công nghệ thông tin,Công nghệ thông tin - Tin học,1,2024,2024
7480201A,Công nghệ thông tin (Chương trình đặc biệt),Công nghệ thông tin - Tin học,4,2024,2024
7480201A,Công nghệ thông tin (ngoại ngữ Nhật),Công nghệ thông tin - Tin học,3,2024,2024
7480201A,Công nghệ thông tin (đào tạo bằng tiếng Anh),Công nghệ thông tin - Tin học,4,2024,2024
7480201B,Công nghệ thông tin,Công nghệ thông tin - Tin học,1,2024,2024
7480201B,Công nghệ thông tin (cử nhân),Công nghệ thông tin - Tin học,4,2024,2024
7480201B,"Công nghệ thông tin (Đặc thù - Hợp tác doanh nghiệp), chuyên ngành Khoa học dữ liệu và Trí tuệ nhân tạo",Công nghệ thông tin - Tin học,2,2024,2024
7480201C,Công nghệ thông tin (CTCLC),Công nghệ thông tin - Tin học,3,2024,2024
7480201C,Công nghệ thông tin (Chương trình đào tạo bằng tiếng Anh),Công nghệ thông tin - Tin học,4,2024,2024
7480201C,Nhóm ngành Công nghệ thông tin Chương trình tăng cường tiếng Anh gồm 04 ngành: Công nghệ thông tin; Kỹ thuật phần mềm; Khoa học máy tính; Hệ thống thông tin.,Công nghệ thông tin - Tin học,4,2024,2024
7480201C1,Kỹ thuật phần mềm (ngành Công nghệ thông tin),Công nghệ thông tin - Tin học,4,2024,2024
7480201C2,Lập trình ứng dụng di động và game (ngành Công nghệ thông tin),Công nghệ thông tin - Tin học,4,2024,2024
7480201C3,Quản trị mạng và an toàn thông tin (ngành Công nghệ thông tin),Công nghệ thông tin - Tin học,4,2024,2024
7480201CLC,Công nghệ thông tin (Chương trình chất lượng cao),Công nghệ thông tin - Tin học,2,2024,2024
7480201CT,Công nghệ thông tin,Công nghệ thông tin - Tin học,4,2024,2024
7480201DKD,Công nghệ thông tin,Công nghệ thông tin - Tin học,4,2024,2024
7480201DKK,Công nghệ thông tin,Công nghệ thông tin - Tin học,4,2024,2024
7480201DL,Công nghệ thông tin,Công nghệ thông tin - Tin học,4,2024,2024
7480201DT,Công nghệ thông tin (cử nhân - Hựp tác doanh nghiệp),Công nghệ thông tin - Tin học,4,2024,2024
7480201H,Công nghệ thông tin (Khu Hòa An),Công nghệ thông tin - Tin học,2,2024,2024
7480201KMA,Công nghệ thông tin,Công nghệ thông tin - Tin học,3,2024,2024
7480201LKĐTNN,Công nghệ thông tin (Liên kết với Đài Loan),Công nghệ thông tin - Tin học,4,2024,2024
7480201N,Công nghệ thông tin,Công nghệ thông tin - Tin học,3,2024,2024
7480201N,Công nghệ thông tin (chương trình Việt - Nhật),Công nghệ thông tin - Tin học,4,2024,2024
7480201PH,Công nghệ thông tin,Công nghệ thông tin - Tin học,4,2024,2024
7480201QT,Công nghệ thông tin (Chương trình chất lượng cao Công nghệ thông tin Việt - Anh),Công nghệ thông tin - Tin học,4,2024,2024
7480201TT,Công nghệ thông tin (dạy bằng tiếng Anh) - TT,Công nghệ thông tin - Tin học,2,2024,2024
7480201V,Công nghệ thông tin (đào tạo bằng tiếng Việt),Công nghệ thông tin - Tin học,4,2024,2024
7480202,An ninh mạng,Máy tính và công nghệ thông tin,6,2023,2023
7480202,An toàn Thông tin,Công nghệ thông tin - Tin học,4,2024,2024
7480202,An toàn thông tin,Công nghệ thông tin - Tin học,34,2024,2024
7480202,An toàn thông tin,Máy tính và công nghệ thông tin,299,2018,2023
7480202,An toàn thông tin (kỹ sư),Công nghệ thông tin - Tin học,4,2024,2024
74802021,An toàn thông tin,Công nghệ thông tin - Tin học,2,2024,2024
7480202KMA,An toàn thông tin,Công nghệ thông tin - Tin học,3,2024,2024
7480202KMP,An toàn thông tin,Công nghệ thông tin - Tin học,3,2024,2024
7480202V,An toàn thông tin (đào tạo bằng tiếng Việt),Công nghệ thông tin - Tin học,4,2024,2024
7480203,Kỹ thuật dữ liệu,Máy tính và công nghệ thông tin,34,2018,2023
7480203V,Kỹ thuật dữ liệu (đào tạo bằng tiếng Việt),Công nghệ thông tin - Tin học,4,2024,2024
7480204,Khoa học và Kỹ thuật máy tính,Công nghệ thông tin - Tin học,7,2024,2024
7480204,Khoa học và Kỹ thuật máy tính,Máy tính và công nghệ thông tin,40,2018,2023
7480205,Khoa học dữ liệu,Máy tính và công nghệ thông tin,4,2020,2020
7480205,Khoa học dữ liệu và Trí tuệ nhân tạo,Máy tính và công nghệ thông tin,17,2020,2022
7480206,Địa tin học,Khác,4,2024,2024
7480206,Địa tin học,Máy tính và công nghệ thông tin,28,2020,2023
7480207,Robot và trí tuệ nhân tạo,Máy tính và công nghệ thông tin,5,2021,2021
7480207,Trí tuệ nhân tạo,Công nghệ thông tin - Tin học,2,2024,2024
7480207,Trí tuệ nhân tạo,Máy tính và công nghệ thông tin,34,2020,2023
7480209,Công nghệ tài chính,Kinh doanh và quản lý,8,2023,2023
7480210,Công nghệ thông tin ứng dụng,Máy tính và công nghệ thông tin,8,2023,2023
7489001,Quản trị chất lượng và Đổi mới,Kinh doanh và quản lý,9,2022,2022
7489291,Công nghệ thông tin,Máy tính và công nghệ thông tin,4,2023,2023
7510101,Công nghệ kỹ thuật kiến trúc,Công nghệ thông tin - Tin học,4,2024,2024
7510101,Kiến trúc,Công nghệ kỹ thuật,16,2021,2023
7510102,CN kỹ thuật công trình xây dựng,Xây dựng - Kiến trúc - Giao thông,4,2024,2024
7510102,Công nghệ kỹ thuật Công trình xây dựng,Xây dựng - Kiến trúc - Giao thông,4,2024,2024
7510102,Công nghệ kỹ thuật công trình XD,Xây dựng - Kiến trúc - Giao thông,4,2024,2024
7510102,Công nghệ kỹ thuật công trình xây dựng,Công nghệ kỹ thuật,432,2018,2023
7510102,Công nghệ kỹ thuật công trình xây dựng,Xây dựng - Kiến trúc - Giao thông,36,2024,2024
7510102,Công nghệ kỹ thuật công trình xây dựng (Thiết kế kiến trúc xây dựng),Xây dựng - Kiến trúc - Giao thông,4,2024,2024
7510102,Công nghệ kỹ thuật xây dựng,Công nghệ kỹ thuật,4,2018,2018
7510102,"Công nghệ kỹ thuật điện, điện tử",Công nghệ kỹ thuật,3,2018,2018
7510102,Quản lý xây dựng,Công nghệ kỹ thuật,4,2021,2021
7510102A,Công nghệ kỹ thuật công trình xây dựng (đào tạo bằng tiếng Anh),Xây dựng - Kiến trúc - Giao thông,4,2024,2024
7510102C,Công nghệ kỹ thuật công trình xây dựng Chất lượng cao,Xây dựng - Kiến trúc - Giao thông,4,2024,2024
7510102NB,Công nghệ kỹ thuật công trình xây dựng,Xây dựng - Kiến trúc - Giao thông,4,2024,2024
7510102Q,Công nghệ kỹ thuật công trình xây dựng (CN: Quản lý và khai thác cảng HK),Xây dựng - Kiến trúc - Giao thông,3,2024,2024
7510102V,Công nghệ kỹ thuật công trình xây dựng (đào tạo bằng tiếng Việt),Xây dựng - Kiến trúc - Giao thông,4,2024,2024
7510102X,Công nghệ kỹ thuật công trình xây dựng (CN: Xây dựng và phát triển cảng HK),Xây dựng - Kiến trúc - Giao thông,3,2024,2024
7510103,Công nghệ kỹ thuật xây dựng (chuyên ngành Xây dựng dân dụng và Công nghiệp),Xây dựng - Kiến trúc - Giao thông,4,2024,2024
7510103,Công nghệ Kỹ thuật Xây dựng,Công nghệ kỹ thuật,4,2018,2018
7510103,Công nghệ Kỹ thuật Xây dựng,Xây dựng - Kiến trúc - Giao thông,8,2024,2024
7510103,Công nghệ Kỹ thuật xây dựng,Xây dựng - Kiến trúc - Giao thông,4,2024,2024
7510103,Công nghệ kỹ thuật Xây dựng,Xây dựng - Kiến trúc - Giao thông,4,2024,2024
7510103,Công nghệ kỹ thuật xây dựng,Công nghệ kỹ thuật,208,2018,2023
7510103,Công nghệ kỹ thuật xây dựng,Xây dựng - Kiến trúc - Giao thông,21,2024,2024
7510103,Kỹ thuật xây dựng,Công nghệ kỹ thuật,4,2018,2018
7510103DL,Công nghệ kỹ thuật Xây dựng,Công nghệ thông tin - Tin học,4,2024,2024
7510104,Công nghệ kỹ thuật giao thông,Công nghệ kỹ thuật,84,2018,2023
7510104,Công nghệ kỹ thuật giao thông,Xây dựng - Kiến trúc - Giao thông,4,2024,2024
7510104,Công nghệ kỹ thuật giao thông (chuyên ngành Xây dựng cầu đường),Xây dựng - Kiến trúc - Giao thông,4,2024,2024
7510104,Kỹ thuật Giao thông thông minh (SME),Xây dựng - Kiến trúc - Giao thông,4,2024,2024
7510104A,Công nghệ kỹ thuật giao thông (chuyên ngành Quy hoạch và quản lý giao thông; Logistics và hạ tầng giao thông) - Chương trình tiên tiến,Xây dựng - Kiến trúc - Giao thông,4,2024,2024
7510105,Công nghệ kỹ thuật vật liệu xây dựng,Công nghệ vật liệu,2,2024,2024
7510105,Công nghệ Kỹ thuật Vật liệu xây dựng,Công nghệ vật liệu,4,2024,2024
7510105,Công nghệ kỹ thuật vật liệu xây dựng,Công nghệ kỹ thuật,68,2018,2023
7510105,Công nghệ kỹ thuật vật liệu xây dựng,Công nghệ vật liệu,4,2024,2024
7510106,Kỹ thuật công trình xây dựng,Công nghệ kỹ thuật,10,2018,2023
7510106,Kỹ thuật xây dựng,Công nghệ kỹ thuật,20,2018,2023
7510106V,Hệ thống kỹ thuật công trình xây dựng (đào tạo bằng tiếng Việt),Xây dựng - Kiến trúc - Giao thông,4,2024,2024
7510201,Công nghệ kỹ thuật cơ khí,Ô tô - Cơ khí - Chế tạo,4,2024,2024
7510201,Công nghệ Kỹ thuật Cơ khí,Ô tô - Cơ khí - Chế tạo,8,2024,2024
7510201,Công nghệ kỹ thuật Cơ khí,Ô tô - Cơ khí - Chế tạo,4,2024,2024
7510201,Công nghệ kỹ thuật cơ khí,Công nghệ kỹ thuật,730,2018,2023
7510201,Công nghệ kỹ thuật cơ khí,Ô tô - Cơ khí - Chế tạo,87,2024,2024
7510201,Công nghệ kỹ thuật cơ khí (Cơ điện tử),Ô tô - Cơ khí - Chế tạo,4,2024,2024
7510201,Công nghệ kỹ thuật cơ khí (chuyên ngành Cơ khí chế tạo),Ô tô - Cơ khí - Chế tạo,4,2024,2024
7510201A,Công nghệ kỹ thuật cơ khí (đào tạo bằng tiếng Anh),Ô tô - Cơ khí - Chế tạo,4,2024,2024
7510201A,Công nghệ kỹ thuật cơ khí - Chương trình tiên tiến,Ô tô - Cơ khí - Chế tạo,4,2024,2024
7510201C,Công nghệ kỹ thuật cơ khí,Ô tô - Cơ khí - Chế tạo,4,2024,2024
7510201C,Công nghệ kỹ thuật cơ khí (CTNC),Ô tô - Cơ khí - Chế tạo,4,2024,2024
7510201DKD,Công nghệ kỹ thuật cơ khí,Ô tô - Cơ khí - Chế tạo,4,2024,2024
7510201DKK,Công nghệ kỹ thuật cơ khí,Ô tô - Cơ khí - Chế tạo,4,2024,2024
7510201NB,Công nghệ kỹ thuật cơ khí,Ô tô - Cơ khí - Chế tạo,4,2024,2024
7510201V,Công nghệ kỹ thuật cơ khí (đào tạo bằng tiếng Việt),Ô tô - Cơ khí - Chế tạo,4,2024,2024
7510202,Công nghệ chế tạo máy,Ô tô - Cơ khí - Chế tạo,2,2024,2024
7510202,Công nghệ chế tạo máy,Công nghệ kỹ thuật,449,2018,2023
7510202,Công nghệ chế tạo máy,Công nghệ thông tin - Tin học,4,2024,2024
7510202,Công nghệ chế tạo máy,Ô tô - Cơ khí - Chế tạo,46,2024,2024
7510202,Cơ điện tử,Ô tô - Cơ khí - Chế tạo,17,2024,2024
7510202A,Công nghệ chế tạo máy (đào tạo bằng tiếng Anh),Ô tô - Cơ khí - Chế tạo,4,2024,2024
7510202C,Công nghệ chế tạo máy,Ô tô - Cơ khí - Chế tạo,4,2024,2024
7510202N,Công nghệ chế tạo máy (chương trình Việt - Nhật),Ô tô - Cơ khí - Chế tạo,4,2024,2024
7510202V,Công nghệ chế tạo máy (đào tạo bằng tiếng Việt),Ô tô - Cơ khí - Chế tạo,4,2024,2024
7510203,Công nghệ Kỹ thuật Cơ điện tử,Ô tô - Cơ khí - Chế tạo,4,2024,2024
7510203,Công nghệ kỳ thuật cơ điện tử,Ô tô - Cơ khí - Chế tạo,4,2024,2024
7510203,Công nghệ kỹ thuật - cơ điện tử,Ô tô - Cơ khí - Chế tạo,4,2024,2024
7510203,Công nghệ kỹ thuật cơ - điện tử,Ô tô - Cơ khí - Chế tạo,12,2024,2024
7510203,Công nghệ kỹ thuật cơ điện tử,Công nghệ kỹ thuật,664,2018,2023
7510203,Công nghệ kỹ thuật cơ điện tử,Ô tô - Cơ khí - Chế tạo,78,2024,2024
7510203A,Công nghệ kỹ thuật cơ điện tử (đào tạo bằng tiếng Anh),Ô tô - Cơ khí - Chế tạo,4,2024,2024
7510203C,Công nghệ kỹ thuật cơ điện tử,Ô tô - Cơ khí - Chế tạo,4,2024,2024
7510203DKD,Công nghệ kỹ thuật cơ điện tử,Ô tô - Cơ khí - Chế tạo,4,2024,2024
7510203DKK,Công nghệ kỹ thuật cơ điện tử,Ô tô - Cơ khí - Chế tạo,4,2024,2024
7510203V,Công nghệ kỹ thuật cơ điện tử (đào tạo bằng tiếng Việt),Ô tô - Cơ khí - Chế tạo,4,2024,2024
7510204,Công nghệ kỹ thuật cơ điện tử ô tô,Công nghệ thông tin - Tin học,2,2024,2024
7510204,Công nghệ kỹ thuật ô tô,Công nghệ kỹ thuật,5,2023,2023
7510205,Công nghệ kỹ thuât ô tô,Ô tô - Cơ khí - Chế tạo,4,2024,2024
7510205,Công nghệ kỹ thuật Ô tô,Ô tô - Cơ khí - Chế tạo,8,2024,2024
7510205,Công nghệ kỹ thuật Ôtô,Công nghệ kỹ thuật,7,2018,2018
7510205,Công nghệ kỹ thuật ô tô,Công nghệ kỹ thuật,964,2018,2023
7510205,Công nghệ kỹ thuật ô tô,Ô tô - Cơ khí - Chế tạo,181,2024,2024
7510205,Công nghệ kỹ thuật ô tô gồm 02 chuyên ngành: Công nghệ kỹ thuật ô tô; Công nghệ kỹ thuật ô tô điện,Ô tô - Cơ khí - Chế tạo,4,2024,2024
7510205-DN,Công nghệ kỹ thuật ô tô,Công nghệ thông tin - Tin học,4,2024,2024
75102050,Công nghệ kỹ thuật ô tô điện,Công nghệ thông tin - Tin học,4,2024,2024
7510205A,Công nghệ kỹ thuật ô tô (chuyên ngành Ô tô điện),Ô tô - Cơ khí - Chế tạo,4,2024,2024
7510205A,Công nghệ kỹ thuật ô tô (đào tạo bằng tiếng Anh),Ô tô - Cơ khí - Chế tạo,4,2024,2024
7510205A,Công nghệ kỹ thuật ô tô - Chương trình tiên tiến,Ô tô - Cơ khí - Chế tạo,4,2024,2024
7510205C,Công nghệ kỹ thuật ô tô gồm 02 chuyên ngành: Công nghệ kỹ thuật ô tô; Công nghệ kỹ thuật ô tô điện,Ô tô - Cơ khí - Chế tạo,4,2024,2024
7510205DKD,Công nghệ kỹ thuật Ô tô,Ô tô - Cơ khí - Chế tạo,4,2024,2024
7510205DKK,Công nghệ kỹ thuật Ô tô,Ô tô - Cơ khí - Chế tạo,4,2024,2024
7510205DL,Công nghệ kỹ thuật Ô tô,Công nghệ thông tin - Tin học,4,2024,2024
7510205KT,Công nghệ kỹ thuật ô tô (đào tạo 2 năm đầu tại Kon Tum),Ô tô - Cơ khí - Chế tạo,4,2024,2024
7510205N,Công nghệ kỹ thuật ô tô (chương trình Việt - Nhật),Ô tô - Cơ khí - Chế tạo,4,2024,2024
7510205NB,Công nghệ kỹ thuật ô tô,Ô tô - Cơ khí - Chế tạo,4,2024,2024
7510205V,Công nghệ kỹ thuật ô tô (đào tạo bằng tiếng Việt),Ô tô - Cơ khí - Chế tạo,4,2024,2024
7510206,Công nghệ Kỹ thuật Nhiệt (Cơ điện lạnh),Công nghệ kỹ thuật,178,2018,2023
7510206,Công nghệ Kỹ thuật Nhiệt (Nhiệt – Điện lạnh),Điện lạnh - Điện tử - Điện - Tự động hóa,17,2024,2024
7510206,Công nghệ kỹ thuật máy tính,Công nghệ kỹ thuật,100,2018,2023
7510206,Công nghệ kỹ thuật nhiệt,Điện lạnh - Điện tử - Điện - Tự động hóa,10,2024,2024
7510206,Công nghệ kỹ thuật nhiệt (CN: Nhiệt - điện lạnh),Điện lạnh - Điện tử - Điện - Tự động hóa,4,2024,2024
7510206,Công nghệ kỹ thuật nhiệt (chuyên ngành Nhiệt - Điện lạnh),Điện lạnh - Điện tử - Điện - Tự động hóa,4,2024,2024
7510206,Công nghệ kỹ thuật nhiệt (Điện lạnh),Điện lạnh - Điện tử - Điện - Tự động hóa,4,2024,2024
7510206,Công nghệ kỹ thuật nhiệt gồm 02 chuyên ngành: Công nghệ kỹ thuật nhiệt; Công nghệ kỹ thuật năng lượng,Điện lạnh - Điện tử - Điện - Tự động hóa,4,2024,2024
7510206,Kỹ thuật quy trình và môi trường (Kỹ thuật quy trình sản xuất bền vững) (EPE),Điện lạnh - Điện tử - Điện - Tự động hóa,4,2024,2024
7510206A,Công nghệ kỹ thuật nhiệt (đào tạo bằng tiếng Anh),Điện lạnh - Điện tử - Điện - Tự động hóa,4,2024,2024
7510206C,Công nghệ kỹ thuật nhiệt gồm 02 chuyên ngành: Công nghệ kỹ thuật nhiệt; Công nghệ kỹ thuật năng lượng,Điện lạnh - Điện tử - Điện - Tự động hóa,4,2024,2024
7510206N,Công nghệ kỹ thuật nhiệt (chương trình Việt - Nhật),Điện lạnh - Điện tử - Điện - Tự động hóa,4,2024,2024
7510206V,Công nghệ kỹ thuật nhiệt (đào tạo bằng tiếng Việt),Điện lạnh - Điện tử - Điện - Tự động hóa,4,2024,2024
7510208,Năng lượng tái tạo,Công nghệ kỹ thuật,34,2018,2023
7510208V,Năng lượng tái tạo (đào tạo bằng tiếng Việt),Điện lạnh - Điện tử - Điện - Tự động hóa,4,2024,2024
7510209,Robot và trí tuệ nhân tạo,Công nghệ thông tin - Tin học,6,2024,2024
7510209,Robot và trí tuệ nhân tạo,Máy tính và công nghệ thông tin,60,2018,2023
7510209V,Robot và trí tuệ nhân tạo (đào tạo bằng tiếng Việt),Công nghệ thông tin - Tin học,4,2024,2024
7510210,"Công nghệ kỹ thuật điện, điện tử",Công nghệ kỹ thuật,12,2022,2023
7510210,Công nghệ thực phẩm,Công nghệ kỹ thuật,20,2020,2023
7510210,Điện lạnh và điều hòa không khí,Công nghệ thông tin - Tin học,4,2024,2024
7510211,Bảo dưỡng Công nghiệp,Công nghệ kỹ thuật,16,2020,2022
7510212,Công nghệ kỹ thuật Ôtô,Công nghệ kỹ thuật,27,2022,2022
7510212,Công nghệ kỹ thuật ô tô,Công nghệ kỹ thuật,4,2021,2021
7510212,Công nghệ ô tô,Ô tô - Cơ khí - Chế tạo,4,2024,2024
7510213,Thiết kế cơ khí và kiểu dáng công nghiệp,Công nghệ kỹ thuật,4,2023,2023
7510213,Thiết kế cơ khí và kiểu dáng công nghiệp,Thiết kế đồ họa - Game - Đa phương tiện,2,2024,2024
7510301,Công nghệ Kỹ thuật Điện  – Điện tử,Công nghệ thông tin - Tin học,17,2024,2024
7510301,"Công nghệ Kỹ thuật Điện, điện tử",Công nghệ thông tin - Tin học,4,2024,2024
7510301,"Công nghệ Kỹ thuật điện, điện tử",Công nghệ thông tin - Tin học,19,2024,2024
7510301,"Công nghệ kĩ thuật điện, điện tử",Công nghệ kỹ thuật,4,2018,2018
7510301,"Công nghệ kĩ thuật điện, điện tử",Công nghệ thông tin - Tin học,2,2024,2024
7510301,Công nghệ kỹ thuật Điện - Điện tử,Công nghệ thông tin - Tin học,8,2024,2024
7510301,Công nghệ kỹ thuật Điện;Điện tử,Công nghệ thông tin - Tin học,4,2024,2024
7510301,Công nghệ kỹ thuật điện (chuyên ngành),Công nghệ thông tin - Tin học,9,2024,2024
7510301,Công nghệ kỹ thuật điện - điện tử,Công nghệ thông tin - Tin học,27,2024,2024
7510301,Công nghệ kỹ thuật điện tử - viễn thông,Công nghệ kỹ thuật,8,2020,2021
7510301,"Công nghệ kỹ thuật điện, điện tử",Công nghệ kỹ thuật,1247,2018,2023
7510301,"Công nghệ kỹ thuật điện, điện tử",Công nghệ thông tin - Tin học,102,2024,2024
7510301,"Công nghệ kỹ thuật điện, điện tử",Điện lạnh - Điện tử - Điện - Tự động hóa,8,2024,2024
7510301,"Công nghệ kỹ thuật điện, điện tử (Hệ thống điện, Điện công nghiệp)",Công nghệ thông tin - Tin học,4,2024,2024
7510301,Công nghệ kỹ thuật điện; điện tử,Công nghệ thông tin - Tin học,4,2024,2024
7510301,Công nghệ kỹ thuật điện; điện tử gồm 02 chuyên ngành: Công nghệ kỹ thuật điện; điện tử; Năng lượng tái tạo,Công nghệ thông tin - Tin học,4,2024,2024
7510301,Công nghệ Điện,Công nghệ kỹ thuật,4,2018,2018
7510301,Kỹ thuật điện,Công nghệ kỹ thuật,8,2020,2021
7510301,"Kỹ thuật điện, điện tử",Công nghệ kỹ thuật,15,2018,2023
7510301,"Kỹ thuật điện, điện tử",Công nghệ thông tin - Tin học,8,2024,2024
7510301A,"Công nghệ kỹ thuật điện, điện tử (chuyên ngành Công nghệ kỹ thuật điện tử)",Điện lạnh - Điện tử - Điện - Tự động hóa,4,2024,2024
7510301A,Công nghệ kỹ thuật điện; điện tử (đào tạo bằng tiếng Anh),Điện lạnh - Điện tử - Điện - Tự động hóa,4,2024,2024
7510301B,"Công nghệ kỹ thuật điện, điện tử (chuyên ngành Công nghệ kỹ thuật điện)",Điện lạnh - Điện tử - Điện - Tự động hóa,4,2024,2024
7510301C,Công nghệ kỹ thuật điện; điện tử gồm 02 chuyền ngành: Công nghệ kỹ thuật điện; điện tử; Năng lượng tái tạo,Điện lạnh - Điện tử - Điện - Tự động hóa,4,2024,2024
7510301C1,"Kỹ thuật điện (ngành Công nghệ kỹ thuật điện, điện tử)",Điện lạnh - Điện tử - Điện - Tự động hóa,4,2024,2024
7510301C2,"Điều khiển và tự động hóa (ngành Công nghệ kỹ thuật điện, điện tử)",Điện lạnh - Điện tử - Điện - Tự động hóa,4,2024,2024
7510301DKD,"Công nghệ kỹ thuật điện, điện tử",Điện lạnh - Điện tử - Điện - Tự động hóa,4,2024,2024
7510301DKK,"Công nghệ kỹ thuật điện, điện tử",Điện lạnh - Điện tử - Điện - Tự động hóa,4,2024,2024
7510301DL,Công nghệ kỹ thuật Điện - Điện tử,Công nghệ thông tin - Tin học,4,2024,2024
7510301NB,"Công nghệ kỹ thuật điện, điện tử",Điện lạnh - Điện tử - Điện - Tự động hóa,4,2024,2024
7510301V,Công nghệ kỹ thuật điện; điện tử (đào tạo bằng tiếng Việt),Điện lạnh - Điện tử - Điện - Tự động hóa,4,2024,2024
7510302,CNKT Điện tử viễn thông,Công nghệ thông tin - Tin học,19,2024,2024
7510302,Công nghệ Kỹ thuật Điện tử - Viễn thông,Công nghệ thông tin - Tin học,4,2024,2024
7510302,Công nghệ kĩ thuật điện tử - viễn thông,Công nghệ thông tin - Tin học,2,2024,2024
7510302,Công nghệ kỹ thuật cơ điện tử,Công nghệ kỹ thuật,16,2022,2023
7510302,Công nghệ kỹ thuật điều khiển và tự động hóa,Công nghệ kỹ thuật,3,2018,2018
7510302,Công nghệ kỹ thuật điện tử,Công nghệ kỹ thuật,9,2018,2023
7510302,Công nghệ kỹ thuật điện tử - Viễn thông,Công nghệ kỹ thuật,2,2018,2018
7510302,Công nghệ kỹ thuật điện tử - Viễn thông,Công nghệ thông tin - Tin học,4,2024,2024
7510302,Công nghệ kỹ thuật điện tử - viễn thông,Công nghệ kỹ thuật,645,2018,2023
7510302,Công nghệ kỹ thuật điện tử - viễn thông,Công nghệ thông tin - Tin học,19,2024,2024
7510302,Công nghệ kỹ thuật điện tử - viễn thông (CN: Thiết kế vi mạch),Công nghệ thông tin - Tin học,4,2024,2024
7510302,Công nghệ kỹ thuật điện tử - viễn thông gồm 03 chuyên ngành: Điện tử công nghiệp; Điện tử viễn thông; IOT và Trí tuệ nhân tạo ứng dụng,Công nghệ thông tin - Tin học,4,2024,2024
7510302,"Công nghệ kỹ thuật điện tử, truyền thông",Công nghệ kỹ thuật,4,2018,2018
7510302,Kỹ thuật điện tử - viễn thông,Công nghệ thông tin - Tin học,4,2024,2024
7510302,Vi mạch bán dẫn,Điện lạnh - Điện tử - Điện - Tự động hóa,4,2024,2024
7510302,Điện tử - viễn thông,Công nghệ thông tin - Tin học,4,2024,2024
7510302,Điện tử viễn thông,Công nghệ kỹ thuật,4,2018,2018
75103021,Công nghệ kỹ thuật điện tử y sinh,Công nghệ thông tin - Tin học,2,2024,2024
7510302A,Công nghệ kỹ thuật điện tử - viễn thông (chuyên ngành Thiết kế vi mạch bán dẫn),Công nghệ thông tin - Tin học,4,2024,2024
7510302A,Công nghệ kỹ thuật điện tử - viễn thông (đào tạo bằng tiếng Anh),Công nghệ thông tin - Tin học,4,2024,2024
7510302C,Công nghệ kỹ thuật điện tử - viễn thông Chương trình tăng cường tiếng Anh gồm 02 chuyên ngành: Điện tử công nghiệp; Điện tử viễn thông,Công nghệ thông tin - Tin học,4,2024,2024
7510302DKD,Công nghệ kỹ thuật điện tử - viễn thông,Công nghệ thông tin - Tin học,4,2024,2024
7510302DKK,Công nghệ kỹ thuật điện tử - viễn thông,Công nghệ thông tin - Tin học,4,2024,2024
7510302N,Công nghệ kỹ thuật điện tử; viễn thông (chương trình Việt - Nhật),Công nghệ thông tin - Tin học,4,2024,2024
7510302TKVM,Chương trình đào tạo Kỹ thuật Thiết kế Vi mạch - thuộc ngành CNKT ĐT - Viễn thông (đào tạo bằng tiếng Việt),Công nghệ thông tin - Tin học,4,2024,2024
7510302V,Công nghệ kỹ thuật điện tử; viễn thông (đào tạo bằng tiếng Việt),Công nghệ thông tin - Tin học,4,2024,2024
7510303,Công nghệ Kỹ thuật Điều khiển – Tự động hóa,Điện lạnh - Điện tử - Điện - Tự động hóa,17,2024,2024
7510303,Công nghệ kt điều khiển và tự động hóa,Điện lạnh - Điện tử - Điện - Tự động hóa,1,2024,2024
7510303,Công nghệ kỳ thuật điều khiển và tự động hóa,Điện lạnh - Điện tử - Điện - Tự động hóa,4,2024,2024
7510303,Công nghệ kỹ thuật Điều khiển và Tự động hóa,Điện lạnh - Điện tử - Điện - Tự động hóa,4,2024,2024
7510303,Công nghệ kỹ thuật điều khiển và TĐH,Điện lạnh - Điện tử - Điện - Tự động hóa,12,2024,2024
7510303,Công nghệ kỹ thuật điều khiển và tự động hoá,Điện lạnh - Điện tử - Điện - Tự động hóa,8,2024,2024
7510303,Công nghệ kỹ thuật điều khiển và tự động hóa,Công nghệ kỹ thuật,689,2018,2023
7510303,Công nghệ kỹ thuật điều khiển và tự động hóa,Điện lạnh - Điện tử - Điện - Tự động hóa,65,2024,2024
7510303,Công nghệ kỹ thuật điều khiển và tự động hóa (chuyên ngành công nghệ bán dẫn),Điện lạnh - Điện tử - Điện - Tự động hóa,4,2024,2024
7510303,Công nghệ Điều khiển - Tự động hóa,Công nghệ kỹ thuật,4,2018,2018
7510303,Kỹ thuật sản xuất thông minh,Công nghệ kỹ thuật,4,2023,2023
7510303,Sư phạm công nghệ,Công nghệ kỹ thuật,4,2019,2019
7510303,Tự động hóa,Điện lạnh - Điện tử - Điện - Tự động hóa,4,2024,2024
7510303,Tự động hóa gồm 02 chuyên ngành: Công nghệ kỹ thuật điều khiển và tự động hóa; Robot và hệ thống điều khiển thông minh,Điện lạnh - Điện tử - Điện - Tự động hóa,4,2024,2024
75103031,Kỹ thuật sản xuất thông minh,Điện lạnh - Điện tử - Điện - Tự động hóa,2,2024,2024
7510303A,Công nghệ kỹ thuật điều khiển và tự động hóa (đào tạo bằng tiếng Anh),Điện lạnh - Điện tử - Điện - Tự động hóa,4,2024,2024
7510303A,Công nghệ kỹ thuật điều khiển và tự động hóa - Chương trình tiên tiến,Điện lạnh - Điện tử - Điện - Tự động hóa,4,2024,2024
7510303C,Tự động hóa gồm 02 chuyên ngành: Công nghệ kỹ thuật điều khiển và tự động hóa; Robot và hệ thống điều khiển thông minh,Điện lạnh - Điện tử - Điện - Tự động hóa,4,2024,2024
7510303DKD,CNKT điều khiển và tự động hoá,Điện lạnh - Điện tử - Điện - Tự động hóa,4,2024,2024
7510303DKK,CNKT điều khiển và tự động hoá,Điện lạnh - Điện tử - Điện - Tự động hóa,4,2024,2024
7510303DL,Công nghệ kỹ thuật điều khiển và tự động hóa,Công nghệ thông tin - Tin học,4,2024,2024
7510303KT,Công nghệ kỹ thuật điều khiển và tự động hóa (đào tạo 2 năm đầu tại Kon Tum),Điện lạnh - Điện tử - Điện - Tự động hóa,4,2024,2024
7510303LKĐTNN,Công nghệ kỹ thuật điều khiển và tự động hóa (chuyên ngành công nghệ bán dẫn) (Liên kết với Đài Loan),Công nghệ thông tin - Tin học,4,2024,2024
7510303V,Công nghệ kỹ thuật điều khiển và tự động hóa (đào tạo bằng tiếng Việt),Điện lạnh - Điện tử - Điện - Tự động hóa,4,2024,2024
7510304,IOT và trí tuệ nhân tạo,Công nghệ kỹ thuật,13,2020,2022
7510306,Tự động hóa và Tin học,Công nghệ kỹ thuật,8,2023,2023
7510401,Công nghệ hóa học,Công nghệ kỹ thuật,20,2019,2021
7510401,Công nghệ hóa học gồm 03 chuyên ngành: Công nghệ kỹ thuật hóa học; Kỹ thuật hóa phân tích; Hóa dược.,Công nghệ sinh - Hóa,4,2024,2024
7510401,Công nghệ kỹ thuật Hoá học (Chương trình tăng cường tiếng Anh),Công nghệ sinh - Hóa,4,2024,2024
7510401,Công nghệ kỹ thuật Hoá học (Công nghệ Hóa phân tích),Công nghệ sinh - Hóa,4,2024,2024
7510401,Công nghệ kỹ thuật Hóa học,Công nghệ sinh - Hóa,4,2024,2024
7510401,Công nghệ kỹ thuật hoá học,Công nghệ kỹ thuật,660,2018,2023
7510401,Công nghệ kỹ thuật hoá học,Công nghệ sinh - Hóa,15,2024,2024
7510401,Công nghệ kỹ thuật hóa học,Công nghệ sinh - Hóa,47,2024,2024
7510401,Công nghệ thông tin,Công nghệ kỹ thuật,3,2018,2018
7510401C,Công nghệ hóa học gồm 03 chuyên ngành: Công nghệ kỹ thuật hóa học; Kỹ thuật hóa phân tích; Hóa dược.,Công nghệ sinh - Hóa,4,2024,2024
7510401C,Công nghệ kỹ thuật hóa học (CTCLC),Công nghệ sinh - Hóa,3,2024,2024
7510401C,Công nghệ kỹ thuật hóa học (CTNC),Công nghệ sinh - Hóa,4,2024,2024
7510401V,Công nghệ kỹ thuật hóa học (đào tạo bằng tiếng Việt),Công nghệ sinh - Hóa,4,2024,2024
7510402,Công nghệ Vật liệu,Công nghệ vật liệu,4,2024,2024
7510402,Công nghệ Vật liệu – Chuyên ngành Công nghệ Nano,Công nghệ vật liệu,4,2024,2024
7510402,Công nghệ vật liệu,Công nghệ kỹ thuật,124,2018,2023
7510402,Công nghệ vật liệu,Công nghệ vật liệu,4,2024,2024
7510402,Công nghệ vật liệu (chuyên ngành Hóa học Vật liệu mới),Công nghệ vật liệu,4,2024,2024
7510402V,Công nghệ vật liệu (đào tạo bằng tiếng Việt),Công nghệ vật liệu,4,2024,2024
7510403,Công nghệ kỹ thuật năng lượng,Công nghệ kỹ thuật,44,2018,2023
7510403,Công nghệ kỹ thuật năng lượng,Điện lạnh - Điện tử - Điện - Tự động hóa,8,2024,2024
7510406,Công nghệ Kỹ thuật Môi trường,Tài nguyên - Môi trường,4,2024,2024
7510406,Công nghệ kỹ thuật môi trường,Tài nguyên - Môi trường,4,2024,2024
7510406,Công nghệ kĩ thuật môi trường,Tài nguyên - Môi trường,2,2024,2024
7510406,Công nghệ kỹ thuật môi trường,Công nghệ kỹ thuật,721,2018,2023
7510406,Công nghệ kỹ thuật môi trường,Tài nguyên - Môi trường,67,2024,2024
7510406,Công nghệ kỹ thuật môi trường (Chuyên ngành cấp thoát nước và môi trường nước),Tài nguyên - Môi trường,4,2024,2024
7510406V,Công nghệ kỹ thuật môi trường (đào tạo bằng tiếng Việt),Tài nguyên - Môi trường,4,2024,2024
7510407,Công nghệ kỹ thuật hạt nhân,Công nghệ kỹ thuật,7,2018,2019
7510601,Quản lý công nghiệp,Công nghệ kỹ thuật,414,2018,2023
7510601,Quản lý công nghiệp,Kinh tế - Quản trị kinh doanh - Thương Mại,33,2024,2024
7510601,Quản lý công nghiệp (Chuyên ngành: Nghiệp vụ ngoại thương - Giảng dạy bằng tiếng Anh),Kinh tế - Quản trị kinh doanh - Thương Mại,4,2024,2024
7510601A,Quản lý công nghiệp (đào tạo bằng tiếng Anh),Kinh tế - Quản trị kinh doanh - Thương Mại,4,2024,2024
7510601V,Quản lý công nghiệp (đào tạo bằng tiếng Việt),Kinh tế - Quản trị kinh doanh - Thương Mại,4,2024,2024
7510602,Quản lý năng lượng,Công nghệ kỹ thuật,55,2018,2023
7510602,Quản lý năng lượng,Điện lạnh - Điện tử - Điện - Tự động hóa,4,2024,2024
7510604,Kinh tế,Công nghệ kỹ thuật,12,2019,2021
7510604,Kinh tế công nghiệp,Công nghệ kỹ thuật,12,2022,2023
7510604,Kinh tế công nghiệp,Kinh tế - Quản trị kinh doanh - Thương Mại,4,2024,2024
7510605,Công nghệ Logistics (hệ kỹ sư),Kinh tế - Quản trị kinh doanh - Thương Mại,4,2024,2024
7510605,Logictics và chuỗi cung ứng,Kinh tế - Quản trị kinh doanh - Thương Mại,4,2024,2024
7510605,Logistic và quản lý chuỗi cung ứng,Kinh tế - Quản trị kinh doanh - Thương Mại,28,2024,2024
7510605,Logistics & Quản lý chuỗi cung ứng,Kinh tế - Quản trị kinh doanh - Thương Mại,9,2024,2024
7510605,Logistics và Quản lý chuỗi cung ứng,Công nghệ kỹ thuật,961,2018,2023
7510605,Logistics và Quản lý chuỗi cung ứng,Kinh tế - Quản trị kinh doanh - Thương Mại,87,2024,2024
7510605,Logistics và Quản lý chuỗi cung ứng/ Logistics đô thị,Kinh tế - Quản trị kinh doanh - Thương Mại,4,2024,2024
7510605,Logistics và quản lý chuỗi cung ứng,Kinh tế - Quản trị kinh doanh - Thương Mại,93,2024,2024
7510605-DN,Logistics và Quản lý chuỗi cung ứng,Kinh tế - Quản trị kinh doanh - Thương Mại,4,2024,2024
7510605A,Logistics và quản lý chuỗi cung ứng - Chương trình tiên tiến,Kinh tế - Quản trị kinh doanh - Thương Mại,4,2024,2024
7510605C1,Logistics cảng biển - Xuất nhập khẩu - Giao nhận vận tải quốc tế (ngành Logistics và Quản lý chuỗi cung ứng),Ngoại thương - Xuất nhập khẩu - Kinh Tế quốc tế,4,2024,2024
7510605C2,Logistics cảng hàng không - Xuất nhập khẩu - Giao nhận vận tải quốc tế (ngành Logistics và Quản lý chuỗi cung ứng),Ngoại thương - Xuất nhập khẩu - Kinh Tế quốc tế,4,2024,2024
7510605CT1,Logistics và Quản lý chuỗi cung ứng,Kinh tế - Quản trị kinh doanh - Thương Mại,3,2024,2024
7510605CT2,Logistics và Quản lý chuỗi cung ứng (Quản lý Logistics cảng biển - XNK -Giao nhận vận tài quốc tế),Kinh tế - Quản trị kinh doanh - Thương Mại,3,2024,2024
7510605CT3,Logistics và quản lý chuỗi cung ứng (Quản lý Logistics cảng hàng không -XNK - Giao nhận vận tải quốc tế),Kinh tế - Quản trị kinh doanh - Thương Mại,3,2024,2024
7510605DKD,Logistic và Quản lý chuỗi cung ứng,Kinh tế - Quản trị kinh doanh - Thương Mại,4,2024,2024
7510605DKK,Logistic và Quản lý chuỗi cung ứng,Kinh tế - Quản trị kinh doanh - Thương Mại,4,2024,2024
7510605DL,Logistics và quản lý chuỗi cung ứng,Kinh tế - Quản trị kinh doanh - Thương Mại,4,2024,2024
7510605E,Logistics và quản lý chuỗi cung ứng - Chương trình học hoàn toàn bằng tiếng Anh,Kinh tế - Quản trị kinh doanh - Thương Mại,4,2024,2024
7510605LA,Logistics và Quản lý chuỗi cung ứng & Ngôn ngữ Anh,Kinh tế - Quản trị kinh doanh - Thương Mại,4,2024,2024
7510605LKĐTNN,Logistics và Quản lý chuỗi cung ứng (Liên kết với Đài Loan),Kinh tế - Quản trị kinh doanh - Thương Mại,4,2024,2024
7510605NB,Logistics và Ọuản lý chuỗi cung ứng,Kinh tế - Quản trị kinh doanh - Thương Mại,4,2024,2024
7510605TN,Logistics và Quản lý chuỗi cung ứng (FIATA cấp Chứng chỉ Giao nhận vận tải quốc tế),Kinh tế - Quản trị kinh doanh - Thương Mại,4,2024,2024
7510605V,Logistics và quản lý chuỗi cung ứng (đào tạo bằng tiếng Việt),Kinh tế - Quản trị kinh doanh - Thương Mại,4,2024,2024
7510606,Quản trị môi trường doanh nghiệp,Công nghệ kỹ thuật,13,2021,2022
751065,Logistics và Quản lý chuỗi cung ứng,Công nghệ kỹ thuật,2,2020,2021
7510701,Công nghệ dầu khí và khai thác dầu,Công nghệ kỹ thuật,19,2018,2023
7510701,Công nghệ dầu khí và khai thác dầu,Mỏ - Địa chất,2,2024,2024
7510801,Công nghệ kỹ thuật in,Công nghệ kỹ thuật,66,2018,2023
7510801V,Công nghệ kỹ thuật in (đào tạo bằng tiếng Việt),Công nghệ thông tin - Tin học,4,2024,2024
7519003,Công nghệ kỹ thuật khuôn mẫu,Công nghệ kỹ thuật,8,2021,2023
7519003,Công nghệ kỹ thuật khuôn mẫu,Công nghệ thông tin - Tin học,2,2024,2024
7519004,Thiết kế công nghiệp,Công nghệ kỹ thuật,4,2021,2022
7519005,Công nghệ kỹ thuật cơ điện tử,Công nghệ kỹ thuật,2,2022,2022
7519007,Công nghệ Kỹ thuật năng lượng tái tạo,Điện lạnh - Điện tử - Điện - Tự động hóa,4,2024,2024
7519007,Công nghệ kỹ thuật năng lượng tái tạo,Công nghệ kỹ thuật,32,2020,2023
7519007,Năng lượng tái tạo,Công nghệ kỹ thuật,4,2023,2023
75190071,Năng lượng tái tạo,Điện lạnh - Điện tử - Điện - Tự động hóa,2,2024,2024
7519007N,Công nghệ kỹ thuật năng lượng tái tạo,Điện lạnh - Điện tử - Điện - Tự động hóa,4,2024,2024
7520101,Kỹ thuật cơ khí/ Kỹ thuật cơ điện,Công nghệ thông tin - Tin học,3,2024,2024
7520101,Kỹ thuật cơ khí/ Kỹ thuật ô tô,Công nghệ thông tin - Tin học,3,2024,2024
7520101,Kỹ thuật cơ khí/ Máy xây dựng,Công nghệ thông tin - Tin học,3,2024,2024
7520103,Công nghệ Kỹ thuật Nhiệt (Cơ điện lạnh),Kỹ thuật,20,2018,2021
7520103,Kỹ thuật Cơ khí,Ô tô - Cơ khí - Chế tạo,4,2024,2024
7520103,Kỹ thuật cơ khí,Kỹ thuật,441,2018,2023
7520103,Kỹ thuật cơ khí,Ô tô - Cơ khí - Chế tạo,34,2024,2024
7520103,Kỹ thuật cơ khí (02 chuyên ngành: Kỹ thuật cơ khí; Thiết kế và chế tạo số),Ô tô - Cơ khí - Chế tạo,4,2024,2024
7520103,Kỹ thuật cơ khí (Cơ khí chế tạo máy),Ô tô - Cơ khí - Chế tạo,2,2024,2024
7520103,Kỹ thuật cơ khí (MEN),Ô tô - Cơ khí - Chế tạo,4,2024,2024
7520103,Kỹ thuật cơ điện tử,Kỹ thuật,20,2018,2021
7520103,Kỹ thuật ô tô,Kỹ thuật,20,2018,2021
7520103,Máy và tự động công nghiệp,Kỹ thuật,20,2018,2021
7520103,Máy và tự động hóa xếp dỡ,Kỹ thuật,20,2018,2021
7520103,Quản lý kỹ thuật công nghiệp,Kỹ thuật,4,2021,2021
7520103A,"Kỹ thuật Cơ khí, chuyên ngành Cơ khí động lực",Ô tô - Cơ khí - Chế tạo,2,2024,2024
7520103A,Kỹ thuật cơ khí- Chương trình tiên tiến,Ô tô - Cơ khí - Chế tạo,4,2024,2024
7520103B,"Kỹ thuật Cơ khí, chuyên ngành Cơ khí hàng không",Ô tô - Cơ khí - Chế tạo,2,2024,2024
7520103QT,Kỹ thuật cơ khí (Chương trình chất lượng cao Cơ khí ô tô Việt - Anh),Ô tô - Cơ khí - Chế tạo,4,2024,2024
7520107,Kỹ thuật Robot,Điện lạnh - Điện tử - Điện - Tự động hóa,4,2024,2024
7520114,Kinh doanh nông nghiệp,"Nông, lâm nghiệp và thủy sản",9,2023,2023
7520114,Kỹ thuật Cơ điện tử,Ô tô - Cơ khí - Chế tạo,2,2024,2024
7520114,Kỹ thuật cơ – điện tử,Ô tô - Cơ khí - Chế tạo,4,2024,2024
7520114,Kỳ thuật cơ điện tử (Cơ điện tử thông minh và sản xuất theo phuơng thức Nhật Bản),Ô tô - Cơ khí - Chế tạo,7,2024,2024
7520114,Kỹ thuật Cơ - Điện tử,Ô tô - Cơ khí - Chế tạo,4,2024,2024
7520114,Kỹ thuật cơ điện,Kỹ thuật,4,2020,2020
7520114,Kỹ thuật cơ điện tử,Kỹ thuật,339,2018,2023
7520114,Kỹ thuật cơ điện tử,Ô tô - Cơ khí - Chế tạo,49,2024,2024
7520114,"Nhóm ngành: Kỹ thuật cơ khí động lực, Kỹ thuật Cơ điện tử",Kỹ thuật,8,2020,2021
7520115,Công nghệ Kỹ thuật Nhiệt (Cơ điện lạnh),Kỹ thuật,67,2018,2022
7520115,Kỹ thuật nhiệt,Điện lạnh - Điện tử - Điện - Tự động hóa,2,2024,2024
7520115,Kỹ thuật nhiệt,Kỹ thuật,101,2020,2023
7520115,Kỹ thuật nhiệt,Điện lạnh - Điện tử - Điện - Tự động hóa,23,2024,2024
7520115,Kỹ thuật điện,Kỹ thuật,2,2018,2018
7520116,Kỹ thuật cơ khí,Kỹ thuật,49,2019,2023
7520116,Kỹ thuật cơ khí động lực,Công nghệ thông tin - Tin học,8,2024,2024
7520116,Kỹ thuật cơ khí động lực,Kỹ thuật,97,2020,2023
7520116,Kỹ thuật cơ khí động lực,Ô tô - Cơ khí - Chế tạo,31,2024,2024
7520116,Kỹ thuật máy động lực,Kỹ thuật,4,2020,2020
7520116,"Nhóm chuyên ngành: Kỹ thuật phương tiện đường sắt, Tàu điện-metro, Đầu máy - Toa xe.",Kỹ thuật,4,2020,2020
7520116,"Nhóm chuyên ngành: Máy xây dựng, Cơ giới hóa xây dựng cầu đường, Cơ khí giao thông công chính.",Kỹ thuật,4,2020,2020
7520117,Kỹ thuật công nghiệp,Kỹ thuật,31,2018,2023
7520117V,Kỹ thuật công nghiệp (đào tạo bằng tiếng Việt),Ô tô - Cơ khí - Chế tạo,4,2024,2024
7520118,Kỹ thuật hệ thống công nghiệp,Kỹ thuật,149,2018,2023
7520118,Kỹ thuật hệ thống công nghiệp,Ô tô - Cơ khí - Chế tạo,15,2024,2024
7520118,Kỹ thuật hệ thống công nghiệp (Chương trình liên kết với ĐH SUNY Binghamton) (2+2),Ô tô - Cơ khí - Chế tạo,3,2024,2024
7520119,Cơ điện tử,Ô tô - Cơ khí - Chế tạo,4,2024,2024
7520119,Kỹ thuật chế tạo máy và công nghiệp,Kỹ thuật,5,2020,2021
7520119,Kỹ thuật điện tử truyền thông,Kỹ thuật,4,2021,2021
7520119,Robot và trí tuệ nhân tạo,Máy tính và công nghệ thông tin,27,2022,2022
7520120,Kỹ thuật Hàng không,Kỹ thuật,51,2018,2023
7520120,Kỹ thuật hàng không,Công an - Quân đội,7,2024,2024
7520120E,Kỹ thuật hàng không - Chương trình học Tiếng Anh,Công an - Quân đội,3,2024,2024
7520121,Khoa học Vũ trụ và Công nghệ Vệ tinh,Công nghệ vật liệu,4,2024,2024
7520121,Kỹ thuật không gian,Kỹ thuật,20,2018,2023
7520121,Kỹ thuật không gian (Phân tích và ứng dụng dữ liệu lớn),Công nghệ vật liệu,4,2024,2024
7520121,Kỹ thuật tàu thuỷ,Kỹ thuật,2,2020,2020
7520121,Vũ trụ và Ứng dụng,Kỹ thuật,2,2021,2021
7520122,Kỹ thuật Tàu thủy,Hàng hải - Thủy lợi - Thời tiết,2,2024,2024
7520122,Kỹ thuật tàu thuỷ,Kỹ thuật,72,2018,2023
7520122,Kỹ thuật tàu thủy,Hàng hải - Thủy lợi - Thời tiết,8,2024,2024
7520122,Máy tàu thủy,Kỹ thuật,20,2018,2021
7520122,Thiết kế tàu và công trình ngoài khơi,Kỹ thuật,20,2018,2021
7520122,Đóng tàu và công trình ngoài khơi,Kỹ thuật,20,2018,2021
7520130,Công nghệ kỹ thuật ô tô,Kỹ thuật,4,2023,2023
7520130,Kỹ thuật Ô tô,Ô tô - Cơ khí - Chế tạo,8,2024,2024
7520130,Kỹ thuật ô tô,Kỹ thuật,158,2018,2023
7520130,Kỹ thuật ô tô,Ô tô - Cơ khí - Chế tạo,28,2024,2024
7520130A,Kỹ thuật ô tô - Chương trình tiên tiến,Ô tô - Cơ khí - Chế tạo,4,2024,2024
7520139,Kỹ thuật hệ thống công nghiệp,Kỹ thuật,7,2023,2023
7520141,Công nghệ kỹ thuật ô tô,Kỹ thuật,8,2023,2023
7520141,Công nghệ ô tô điện,Ô tô - Cơ khí - Chế tạo,4,2024,2024
7520201,Kĩ thuật điện,Điện lạnh - Điện tử - Điện - Tự động hóa,2,2024,2024
7520201,Kỳ thuật điện (chuyên ngành Kỹ thuật điện; điện tử),Điện lạnh - Điện tử - Điện - Tự động hóa,4,2024,2024
7520201,Kỹ thuật Điện,Điện lạnh - Điện tử - Điện - Tự động hóa,2,2024,2024
7520201,Kỹ thuật điện,Kỹ thuật,515,2018,2023
7520201,Kỹ thuật điện,Điện lạnh - Điện tử - Điện - Tự động hóa,68,2024,2024
7520201,Kỹ thuật điện và Năng lượng tái tạo,Điện lạnh - Điện tử - Điện - Tự động hóa,4,2024,2024
7520201,Năng lượng,Kỹ thuật,8,2019,2021
7520201C,Kỹ thuật điện (CTCLC),Điện lạnh - Điện tử - Điện - Tự động hóa,3,2024,2024
7520202,"Công nghệ kỹ thuật điện, điện tử",Kỹ thuật,12,2020,2020
7520202,Kỹ thuật Y sinh,Công nghệ sinh - Hóa,4,2024,2024
7520202,"Kỹ thuật điện, điện tử",Kỹ thuật,3,2021,2021
7520206,Kỹ thuật biển,Hàng hải - Thủy lợi - Thời tiết,4,2024,2024
7520207,Công nghệ kỹ thuật điện tử - viễn thông,Kỹ thuật,4,2023,2023
7520207,Kĩ thuật điện tử - viễn thông (Thiết kế vi mạch),Công nghệ thông tin - Tin học,2,2024,2024
7520207,Kỹ thuật Điện tử viễn thông,Công nghệ thông tin - Tin học,4,2024,2024
7520207,Kỹ thuật điện tử - viễn thông,Công nghệ thông tin - Tin học,2,2024,2024
7520207,Kỹ thuật điện tử (Chương trình liên kết với ĐH SUNY Binghamton) (2+2),Công nghệ thông tin - Tin học,4,2024,2024
7520207,Kỹ thuật điện tử - viễn thông,Công nghệ thông tin - Tin học,34,2024,2024
7520207,Kỹ thuật điện tử - viễn thông,Kỹ thuật,501,2018,2023
7520207,Kỹ thuật điện tử - viễn thông (Chương trình tăng cường tiếng Anh),Công nghệ thông tin - Tin học,4,2024,2024
7520207,Kỹ thuật điện tử truyền thông,Kỹ thuật,6,2018,2020
7520207,Kỹ thuật điện tử viễn thông,Công nghệ thông tin - Tin học,9,2024,2024
7520207,Kỹ thuật điện tử – viễn thông,Công nghệ thông tin - Tin học,4,2024,2024
7520207,Kỹ thuật điện tử – viễn thông (Chương trình liên kết với ĐH West of England) (2+2),Công nghệ thông tin - Tin học,4,2024,2024
7520207,"Nhóm ngành Kỹ thuật điện tử -viễn thông, Thiết kế vi mạch",Công nghệ thông tin - Tin học,4,2024,2024
7520207,Điện tử viễn thông,Kỹ thuật,20,2018,2021
7520207A,"Kỹ thuật điện tử - viễn thông, chuyên ngành vi điện tử - thiết kế vi mạch",Công nghệ thông tin - Tin học,2,2024,2024
7520207A,Kỹ thuật điện tử - viễn thông - Chương trình tiên tiến,Công nghệ thông tin - Tin học,4,2024,2024
7520207VM,Chương trình tiên tiến Việt - Mỹ ngành Kỹ thuật Điện tử viễn thông,Công nghệ thông tin - Tin học,2,2024,2024
7520208,Công nghệ Inernet vạn vật (IoT),Công nghệ thông tin - Tin học,2,2024,2024
7520208,IoT (Internet vạn vật),Kỹ thuật,9,2022,2023
7520208,Kỹ thuật điện và công nghệ thông tin,Kỹ thuật,5,2018,2023
7520208,Kỹ thuật điện và máy tính (ECE),Công nghệ thông tin - Tin học,4,2024,2024
7520212,Kiến trúc,Kiến trúc và xây dựng,8,2019,2020
7520212,Kỹ thuật Y sinh,Công nghệ sinh - Hóa,6,2024,2024
7520212,Kỹ thuật y sinh,Công nghệ sinh - Hóa,16,2024,2024
7520212,Kỹ thuật y sinh,Kỹ thuật,180,2018,2023
7520212V,Kỹ thuật y sinh (Điện tử y sinh) (đào tạo bằng tiếng Việt),Công nghệ sinh - Hóa,4,2024,2024
7520216,Kỹ thuật diều khiển và tự động hóa,Điện lạnh - Điện tử - Điện - Tự động hóa,3,2024,2024
7520216,Kỹ thuật Điều khiển - Tự động hóa,Kỹ thuật,8,2018,2023
7520216,Kỹ thuật Điều khiển và Tự động hóa,Điện lạnh - Điện tử - Điện - Tự động hóa,2,2024,2024
7520216,Kỹ thuật Điều khiển và tự động hóa,Điện lạnh - Điện tử - Điện - Tự động hóa,4,2024,2024
7520216,Kỹ thuật Điện và Tự động hóa,Điện lạnh - Điện tử - Điện - Tự động hóa,4,2024,2024
7520216,Kỹ thuật điều khiến và tự động hóa,Điện lạnh - Điện tử - Điện - Tự động hóa,4,2024,2024
7520216,Kỹ thuật điều khiển và Tự động hóa,Điện lạnh - Điện tử - Điện - Tự động hóa,7,2024,2024
7520216,Kỹ thuật điều khiển và tự động hoá,Kỹ thuật,484,2018,2023
7520216,Kỹ thuật điều khiển và tự động hoá,Điện lạnh - Điện tử - Điện - Tự động hóa,26,2024,2024
7520216,Kỹ thuật điều khiển và tự động hóa,Điện lạnh - Điện tử - Điện - Tự động hóa,36,2024,2024
7520216,Tự động hóa hệ thống điện,Kỹ thuật,20,2018,2021
7520216,Điện tự động công nghiệp,Kỹ thuật,40,2018,2021
7520216,Điện tự động giao thông vận tải,Kỹ thuật,8,2020,2021
7520216,Điện tự động tàu thủy,Kỹ thuật,12,2018,2019
7520216A,Kỹ thuật điều khiển và tự động hóa - Chương trình tiên tiến,Điện lạnh - Điện tử - Điện - Tự động hóa,4,2024,2024
7520216C,Kỹ thuật điều khiển và tự dộng hóa (CTCLC),Điện lạnh - Điện tử - Điện - Tự động hóa,3,2024,2024
7520218,Kỹ thuật Robot và Trí tuệ nhân tạo,Công nghệ thông tin - Tin học,4,2024,2024
7520218,Kỹ thuật robot và trí tuệ nhân tạo,Công nghệ thông tin - Tin học,4,2024,2024
7520218,Robot và trí tuệ nhân tạo,Máy tính và công nghệ thông tin,19,2022,2023
7520219,Hệ thống giao thông thông minh,Kinh tế - Quản trị kinh doanh - Thương Mại,4,2024,2024
7520219,Hệ thống giao thông thông minh,Kỹ thuật,16,2022,2023
7520226,Kỹ thuật điều khiển và tự động hoá,Kỹ thuật,5,2023,2023
75202A1,Thiết kế vi mạch,Thiết kế đồ họa - Game - Đa phương tiện,2,2024,2024
7520301,Công nghệ kỹ thuật hoá học,Kỹ thuật,4,2018,2018
7520301,Kỹ thuật Hóa dược,Kỹ thuật,4,2021,2021
7520301,Kỹ thuật Hóa học (Lọc-Hóa dầu),Công nghệ sinh - Hóa,3,2024,2024
7520301,Kỹ thuật hoá học,Công nghệ sinh - Hóa,4,2024,2024
7520301,Kỹ thuật hoá học,Kỹ thuật,129,2018,2023
7520301,Kỹ thuật hoá học Chương trình tiên tiến,Công nghệ sinh - Hóa,4,2024,2024
7520301,Kỹ thuật hóa học,Công nghệ sinh - Hóa,13,2024,2024
7520301,Kỹ thuật môi trường,Kỹ thuật,4,2021,2021
7520309,Kỹ thuật vật liệu,Công nghệ thông tin - Tin học,12,2024,2024
7520309,Kỹ thuật vật liệu,Kỹ thuật,71,2018,2023
7520311,Kỹ thuật hóa phân tích,Kỹ thuật,5,2021,2021
7520320,Kỹ thuật môi trường,Tài nguyên - Môi trường,3,2024,2024
7520320,Kĩ thuật môi trường,Tài nguyên - Môi trường,4,2024,2024
7520320,Kỹ thuật Môi trường,Tài nguyên - Môi trường,4,2024,2024
7520320,Kỹ thuật công nghệ hóa học,Kỹ thuật,20,2018,2021
7520320,Kỹ thuật môi trường,Kỹ thuật,451,2018,2023
7520320,Kỹ thuật môi trường,Tài nguyên - Môi trường,36,2024,2024
7520320,Kỹ thuật môi trường (02 chuyên ngành: Kỹ thuật mỏi trường; Quản lý môi trường và an toàn vệ sinh lao động),Tài nguyên - Môi trường,4,2024,2024
7520320,Kỹ thuật môi trường (Kỹ sư),Tài nguyên - Môi trường,4,2024,2024
7520401,Công nghệ vi mạch bán dẫn,Ô tô - Cơ khí - Chế tạo,4,2024,2024
7520401,Vật lý Kỹ thuật,Ô tô - Cơ khí - Chế tạo,4,2024,2024
7520401,Vật lý kỹ thuật,Kỹ thuật,46,2018,2023
7520401,Vật lý kỹ thuật,Ô tô - Cơ khí - Chế tạo,3,2024,2024
7520401,Vật lý kỹ thuật và điện tử,Kỹ thuật,12,2019,2021
7520402,Kỳ thuật hạt nhân,Hàng không - Vũ trụ - Hạt nhân,4,2024,2024
7520402,Kỹ thuật hạt nhân,Hàng không - Vũ trụ - Hạt nhân,4,2024,2024
7520402,Kỹ thuật hạt nhân,Kỹ thuật,63,2018,2023
7520403,Vật lý Y khoa,Y - Dược,4,2024,2024
7520403,Vật lý y khoa,Kỹ thuật,44,2018,2023
7520403,Vật lý y khoa,Y - Dược,4,2024,2024
7520501,Kỹ thuật Địa chất (Địa chất - Địa vật lý Dầu khí),Mỏ - Địa chất,3,2024,2024
7520501,Kỹ thuật địa chất,Kỹ thuật,88,2018,2023
7520501,Kỹ thuật địa chất,Mỏ - Địa chất,12,2024,2024
7520502,Kỹ thuật địa vật lý,Kỹ thuật,27,2018,2023
7520502,Kỹ thuật địa vật lý,Mỏ - Địa chất,4,2024,2024
7520503,Kỹ thuật Trắc địa - Bản đồ,Công nghệ thông tin - Tin học,4,2024,2024
7520503,Kỹ thuật Trắc địa xây dựng - Địa chính,Kỹ thuật,5,2018,2018
7520503,Kỹ thuật trắc địa - Bản đồ,Công nghệ thông tin - Tin học,4,2024,2024
7520503,Kỹ thuật trắc địa - Bản đồ,Kỹ thuật,15,2018,2023
7520503,Kỹ thuật trắc địa - bản đồ,Công nghệ thông tin - Tin học,8,2024,2024
7520503,Kỹ thuật trắc địa - bản đồ,Kỹ thuật,137,2018,2023
7520503PH,Kỹ thuật Trắc địa -Bản đồ,Công nghệ thông tin - Tin học,4,2024,2024
7520505,Đá quý Đá mỹ nghệ,Kỹ thuật,16,2022,2023
7520505,Đá quý Đá mỹ nghệ,Mỏ - Địa chất,4,2024,2024
7520600,Ngành Dầu khí,Kỹ thuật,1,2019,2019
7520601,Kỹ thuật mỏ,Kỹ thuật,68,2018,2023
7520601,Kỹ thuật mỏ,Mỏ - Địa chất,8,2024,2024
7520604,Kỹ thuật Dầu khí (Khoan-Khai thác Mỏ Dầu khí),Mỏ - Địa chất,3,2024,2024
7520604,Kỹ thuật dầu khí,Kỹ thuật,31,2018,2023
7520604,Kỹ thuật dầu khí,Mỏ - Địa chất,4,2024,2024
7520605,Kỹ thuật khí thiên nhiên,Kỹ thuật,17,2022,2023
7520605,Kỹ thuật khí thiên nhiên,Tài nguyên - Môi trường,4,2024,2024
7520606,Công nghệ số trong thăm dò và khai thác tài nguyên thiên,Công nghệ thông tin - Tin học,4,2024,2024
7520606,Công nghệ số trong thăm dò và khai thác tài nguyên thiên nhiên,Kỹ thuật,17,2022,2023
7520607,Kỹ thuật tuyển khoáng,Kỹ thuật,68,2018,2023
7520607,Kỹ thuật tuyển khoáng,Mỏ - Địa chất,4,2024,2024
7540101,Công nghệ thực phẩm,Công nghệ thông tin - Tin học,4,2024,2024
7540101,Công nghệ Thực phẩm,Công nghệ thông tin - Tin học,8,2024,2024
7540101,Công nghệ thực phẩm,Công nghệ thông tin - Tin học,167,2024,2024
7540101,Công nghệ thực phẩm,Sản xuất và chế biến,1367,2018,2023
7540101,Công nghệ thực phẩm (03 chuyên ngành: Công nghệ thực phẩm; Đảm bảo chất lượng và an toàn thực phẩm; Khoa học dinh dưỡng và ẩm thực),Công nghệ thông tin - Tin học,4,2024,2024
7540101,Khoa học và Công nghệ Thực phẩm,Sản xuất và chế biến,12,2019,2021
7540101,Khoa học và Công nghệ thực phẩm,Công nghệ thông tin - Tin học,4,2024,2024
7540101A,Công nghệ thực phẩm (đào tạo bằng tiếng Anh),Công nghệ thông tin - Tin học,4,2024,2024
7540101C,Công nghệ thực phẩm,Công nghệ thông tin - Tin học,4,2024,2024
7540101C,Công nghệ thực phẩm (CTCLC),Công nghệ thông tin - Tin học,3,2024,2024
7540101C,Công nghệ thực phẩm (CTNC),Công nghệ thông tin - Tin học,4,2024,2024
7540101DKD,Công nghệ thực phẩm,Công nghệ thông tin - Tin học,4,2024,2024
7540101DKK,Công nghệ thực phẩm,Công nghệ thông tin - Tin học,4,2024,2024
7540101DL,Công nghệ thực phẩm,Công nghệ thông tin - Tin học,4,2024,2024
7540101T,Công nghệ thực phẩm (CTTT),Công nghệ thông tin - Tin học,4,2024,2024
7540101V,Công nghệ thực phẩm (đào tạo bằng tiếng Việt),Công nghệ thông tin - Tin học,4,2024,2024
7540102,Kỹ thuật Thực phẩm,Sản xuất và chế biến,36,2018,2023
7540102,Kỹ thuật thực phẩm,Công nghệ chế biến thực phẩm,4,2024,2024
7540102A,Kỹ thuật thực phẩm (chuyên ngành Kỹ thuật sinh học thực phẩm),Công nghệ thông tin - Tin học,4,2024,2024
7540103,Công nghệ hóa thực phẩm,Công nghệ thông tin - Tin học,4,2024,2024
7540103,Công nghệ thực phẩm,Sản xuất và chế biến,8,2023,2023
7540103,Sư phạm Tiếng Anh,Khoa học giáo dục và đào tạo giáo viên,4,2020,2020
7540104,Công nghệ Sau thu hoạch,Thủy sản - Lâm Nghiệp - Nông nghiệp,4,2024,2024
7540104,Công nghệ sau thu hoạch,Sản xuất và chế biến,150,2018,2023
7540104,Công nghệ sau thu hoạch,Thủy sản - Lâm Nghiệp - Nông nghiệp,8,2024,2024
7540105,Công nghệ chế biến thuỷ sản,Sản xuất và chế biến,138,2018,2023
7540105,Công nghệ chế biến thuỷ sản,Thủy sản - Lâm Nghiệp - Nông nghiệp,4,2024,2024
7540105,Công nghệ chế biến thuỷ sản (02 chuyên ngành: Công nghệ chế biến thủy sản; Công nghệ sau thu hoạch),Thủy sản - Lâm Nghiệp - Nông nghiệp,4,2024,2024
7540105,Công nghệ chế biến thủy sản,Thủy sản - Lâm Nghiệp - Nông nghiệp,8,2024,2024
7540105MP,Công nghệ chế biến thuỷ sản (Chương trình Minh Phú - NTU),Thủy sản - Lâm Nghiệp - Nông nghiệp,4,2024,2024
7540106,Đảm bảo chất lượng và an toàn thực phẩm,Công nghệ chế biến thực phẩm,4,2024,2024
7540106,Đàm bảo chất lượng và An toàn thực phẩm,Công nghệ chế biến thực phẩm,4,2024,2024
7540106,Đảm bảo chất lượng & ATTP,Công nghệ chế biến thực phẩm,4,2024,2024
7540106,Đảm bảo chất lượng và An toàn thực phẩm,Công nghệ chế biến thực phẩm,8,2024,2024
7540106,Đảm bảo chất lượng và an toàn thực phẩm,Công nghệ chế biến thực phẩm,4,2024,2024
7540106,Đảm bảo chất lượng và an toàn thực phẩm,Sản xuất và chế biến,136,2018,2023
7540108,Công nghệ và kinh doanh thực phẩm,Sản xuất và chế biến,8,2018,2019
7540110,Đảm bảo chất lượng và an toàn thực phẩm,Sản xuất và chế biến,38,2019,2023
7540118QTD,Công nghệ thực phẩm và sức khỏe,Công nghệ thông tin - Tin học,6,2024,2024
7540202,Công nghệ sợi dệt,Thời trang - May mặc,4,2024,2024
7540202,"Công nghệ sợi, dệt",Sản xuất và chế biến,56,2018,2023
7540202DKD,"Công nghệ sợi, dệt",Thời trang - May mặc,4,2024,2024
7540202DKK,"Công nghệ sợi, dệt",Thời trang - May mặc,4,2024,2024
7540203,"Công nghệ vật liệu dệt, may",Công nghệ thông tin - Tin học,3,2024,2024
7540203,"Công nghệ vật liệu dệt, may",Sản xuất và chế biến,17,2019,2023
7540204,"Công nghệ dệt, may",Sản xuất và chế biến,194,2018,2023
7540204,"Công nghệ dệt, may",Thời trang - May mặc,11,2024,2024
7540204,Công nghệ dệt; may,Thời trang - May mặc,4,2024,2024
7540204,Công nghệ may,Sản xuất và chế biến,15,2018,2019
7540204,Công nghệ may,Thời trang - May mặc,3,2024,2024
7540204DKD,"Công nghệ dệt, may",Công nghệ thông tin - Tin học,4,2024,2024
7540204DKK,"Công nghệ dệt, may",Công nghệ thông tin - Tin học,4,2024,2024
7540205,Công nghệ may,Sản xuất và chế biến,32,2018,2023
7540209,Công nghệ may,Sản xuất và chế biến,94,2018,2023
7540209,Công nghệ may,Thời trang - May mặc,8,2024,2024
7540209V,Công nghệ may (đào tạo bằng tiếng Việt),Thời trang - May mặc,4,2024,2024
7540301,Công nghệ chế biến lâm sản,Sản xuất và chế biến,16,2018,2023
7549001,Công nghệ Chế biến lâm sản,Thủy sản - Lâm Nghiệp - Nông nghiệp,4,2024,2024
7549001,Công nghệ chế biến gỗ,Sản xuất và chế biến,8,2020,2021
7549001,Công nghệ chế biến lâm sản,Sản xuất và chế biến,109,2018,2023
7549001,Công nghệ chế biến lâm sản,Thủy sản - Lâm Nghiệp - Nông nghiệp,8,2024,2024
7549001,Kỹ nghệ gỗ và nội thất,Sản xuất và chế biến,9,2021,2022
7549002,Dược liệu và Hợp chất thiên nhiên,Sản xuất và chế biến,9,2022,2022
7549002,Dược liệu và hợp chất thiên nhiên,Y - Dược,3,2024,2024
7549002,Kỹ nghệ gỗ và nội thất,Sản xuất và chế biến,31,2018,2023
7549002V,Kỹ nghệ gỗ và nội thất (đào tạo bằng tiếng Việt),Thủy sản - Lâm Nghiệp - Nông nghiệp,4,2024,2024
7580101,Kiến Trúc,Xây dựng - Kiến trúc - Giao thông,4,2024,2024
7580101,Kiến trúc,Kiến trúc và xây dựng,778,2018,2023
7580101,Kiến trúc,Xây dựng - Kiến trúc - Giao thông,102,2024,2024
7580101,Kiến trúc (ARC),Xây dựng - Kiến trúc - Giao thông,4,2024,2024
7580101,Kiến trúc nội thất,Xây dựng - Kiến trúc - Giao thông,2,2024,2024
7580101,Kiến trúc/ Kiến trúc công nghệ,Xây dựng - Kiến trúc - Giao thông,2,2024,2024
7580101-DN,Kiến trúc,Xây dựng - Kiến trúc - Giao thông,4,2024,2024
75801011,Chương trình tiên tiến ngành Kiến trúc,Kế toán - Kiểm toán,3,2024,2024
7580101CLC,Kiến trúc (CLC),Xây dựng - Kiến trúc - Giao thông,3,2024,2024
7580101CT,Kiến trúc (CT),Xây dựng - Kiến trúc - Giao thông,3,2024,2024
7580101DL,Kiến trúc (DL),Xây dựng - Kiến trúc - Giao thông,3,2024,2024
7580101V,Kiến trúc (đào tạo bằng tiếng Việt),Xây dựng - Kiến trúc - Giao thông,4,2024,2024
7580102,Kiến trúc,Kiến trúc và xây dựng,69,2018,2023
7580102,Kiến trúc cảnh quan,Xây dựng - Kiến trúc - Giao thông,13,2024,2024
7580103,Kiến trúc,Kiến trúc và xây dựng,2,2023,2023
7580103,Kiến trúc Nội thất,Kiến trúc và xây dựng,33,2018,2023
7580103,Kiến trúc nội thất,Xây dựng - Kiến trúc - Giao thông,8,2024,2024
7580103,Quản lý đất đai,Kiến trúc và xây dựng,8,2020,2021
7580103V,Kiến trúc nội thất (đào tạo bằng tiếng Việt),Xây dựng - Kiến trúc - Giao thông,4,2024,2024
7580104,Kiến trúc,Kiến trúc và xây dựng,14,2021,2022
7580104,Kiến trúc và thiết kế đô thị thông minh,Xây dựng - Kiến trúc - Giao thông,4,2024,2024
7580105,Quy hoạch vùng và đô thị,Kiến trúc và xây dựng,144,2018,2023
7580105,Quy hoạch vùng và đô thị,Xây dựng - Kiến trúc - Giao thông,23,2024,2024
75801051,Quy hoạch vùng và đô thị (Chuyên ngành Thiết kế đô thị),Xây dựng - Kiến trúc - Giao thông,3,2024,2024
7580105CLC,Quy hoạch vùng và đô thị (CLC),Xây dựng - Kiến trúc - Giao thông,3,2024,2024
7580106,Quàn lý đô thị và công trình,Xây dựng - Kiến trúc - Giao thông,4,2024,2024
7580106,Quản lý Đô thị và Công trình,Kiến trúc và xây dựng,74,2019,2023
7580106,Quản lý đô thị và công trình,Xây dựng - Kiến trúc - Giao thông,12,2024,2024
7580107,Quản lý Đô thị và Công trình,Kiến trúc và xây dựng,12,2020,2021
7580108,Thiết kế Nội thất,Xây dựng - Kiến trúc - Giao thông,9,2024,2024
7580108,Thiết kế nội thất,Kiến trúc và xây dựng,362,2018,2023
7580108,Thiết kế nội thất,Xây dựng - Kiến trúc - Giao thông,54,2024,2024
7580108CT,Thiết kế nội thất (CT),Xây dựng - Kiến trúc - Giao thông,3,2024,2024
7580109,Quản lí phát triển đô thị và bất động sản,Kiến trúc và xây dựng,16,2022,2023
7580109,Quản lý phát triển đô thị và Bất động sản,Xây dựng - Kiến trúc - Giao thông,8,2024,2024
7580112,Đô thị học,Kiến trúc và xây dựng,37,2018,2023
7580112,Đô thị học,Xây dựng - Kiến trúc - Giao thông,4,2024,2024
7580199,Thiết kế đô thị,Kiến trúc và xây dựng,11,2019,2023
7580199,Thiết kế đô thị (CT tiên tiến),Thiết kế đồ họa - Game - Đa phương tiện,3,2024,2024
7580201,Kiến trúc và nội thất,Kiến trúc và xây dựng,20,2018,2021
7580201,Kỹ thuật Xây dựng,Kiến trúc và xây dựng,26,2018,2023
7580201,Kỹ thuật Xây dựng,Xây dựng - Kiến trúc - Giao thông,40,2024,2024
7580201,Kỹ thuật công trình xây dựng,Kiến trúc và xây dựng,4,2018,2018
7580201,Kỹ thuật và quản lý xây dựng (BCE),Xây dựng - Kiến trúc - Giao thông,4,2024,2024
7580201,Kỹ thuật xây dựng,Kiến trúc và xây dựng,1299,2018,2023
7580201,Kỹ thuật xây dựng,Xây dựng - Kiến trúc - Giao thông,144,2024,2024
7580201,Kỹ thuật xây dựng (02 chuyên ngành: Kỹ thuật xây dựng; Quản lý xây dựng),Xây dựng - Kiến trúc - Giao thông,4,2024,2024
7580201,Kỹ thuật xây dựng (Chuyên ngành Xây dựng dán dụng và công nghiệp),Xây dựng - Kiến trúc - Giao thông,4,2024,2024
7580201,Kỹ thuật xây dựng (Chương trình liên kết với ĐH Deakin) (2+2),Xây dựng - Kiến trúc - Giao thông,3,2024,2024
7580201,Kỹ thuật xây dựng (Chương trình đào tạo kỹ sư Việt - Pháp PFIEV),Xây dựng - Kiến trúc - Giao thông,4,2024,2024
7580201,Kỹ thuật xây dựng (Chương trình đào tạo liên kết với Đại học Mississippi - Hoa Kỳ),Công nghệ thông tin - Tin học,4,2024,2024
7580201,Kỹ thuật xây dựng (chuyên ngành: Xây dựng công trình dân dụng và công nghiệp; Kết cấu công trình; Công nghệ kỹ thuật xây dựng),Xây dựng - Kiến trúc - Giao thông,4,2024,2024
7580201,"Kỹ thuật xây dựng, chuyên ngành Xây dựng dân dụng và công nghiệp",Xây dựng - Kiến trúc - Giao thông,2,2024,2024
7580201,Kỹ thuật xây dựng/ Hệ thống kỹ thuật trong công trình,Xây dựng - Kiến trúc - Giao thông,3,2024,2024
7580201,Kỹ thuật xây dựng/ Kỹ thuật công trình biển,Xây dựng - Kiến trúc - Giao thông,4,2024,2024
7580201,Kỹ thuật xây dựng/ Tin học xây dựng,Xây dựng - Kiến trúc - Giao thông,4,2024,2024
7580201,Kỹ thuật xây dựng/ Xây dựng Dân dụng và Công nghiệp,Xây dựng - Kiến trúc - Giao thông,5,2024,2024
7580201,Kỹ thuật xây dựng/Kỹ thuật công trình thủy,Xây dựng - Kiến trúc - Giao thông,4,2024,2024
7580201,Quản lý công trình xây dựng,Kiến trúc và xây dựng,16,2019,2021
7580201,Xây dựng công trình ngầm đô thị,Kiến trúc và xây dựng,4,2019,2020
7580201,Xây dựng dân dụng và công nghiệp,Kiến trúc và xây dựng,20,2018,2021
7580201-1,Kỹ thuật xây dựng (Chuyên ngành Xây dựng công trình ngầm đô thị),Công nghệ thông tin - Tin học,4,2024,2024
7580201-2,Kỹ thuật xây dựng (Chuyên ngành Quản lý dự án xây dựng),Công nghệ thông tin - Tin học,4,2024,2024
7580201-DN,Kỹ thuật xây dựng,Công nghệ thông tin - Tin học,4,2024,2024
7580201A,"Kỹ thuật xây dựng, chuyên ngành Tin học xây dựng",Xây dựng - Kiến trúc - Giao thông,2,2024,2024
7580201B,"Kỹ thuật xây dựng, chuyên ngành Kỹ thuật và quản lý xây dựng đô thị thông minh",Xây dựng - Kiến trúc - Giao thông,2,2024,2024
7580201C,"Kỹ thuật xây dựng, chuyên ngành Mô hình thông tin và trí tuệ nhân tạo trong xây dựng",Xây dựng - Kiến trúc - Giao thông,2,2024,2024
7580201C,Kỹ thuật xây dựng (CTCLC),Xây dựng - Kiến trúc - Giao thông,3,2024,2024
7580201CLC,Kỹ thuật xây dựng (CLC),Xây dựng - Kiến trúc - Giao thông,4,2024,2024
7580201CT,Kỹ thuật xây dựng (CT),Xây dựng - Kiến trúc - Giao thông,4,2024,2024
7580201DL,Kỹ thuật xây dựng (DL),Xây dựng - Kiến trúc - Giao thông,4,2024,2024
7580201QT,Kỹ thuật xây dựng (Chương trình tiên tiến Kỹ thuật xây dựng công trình giao thông),Xây dựng - Kiến trúc - Giao thông,4,2024,2024
7580202,Kỹ thuật xây dựng,Kiến trúc và xây dựng,53,2018,2023
7580202,Kỹ thuật xây dựng công trình thuỷ,Xây dựng - Kiến trúc - Giao thông,4,2024,2024
7580202,Kỹ thuật xây dựng công trình thủy,Xây dựng - Kiến trúc - Giao thông,8,2024,2024
7580202,Xây dựng công trình thủy,Kiến trúc và xây dựng,34,2020,2023
7580203,Kỹ thuật an toàn hàng hải,Kiến trúc và xây dựng,20,2018,2021
7580203,Kỹ thuật xây dựng,Kiến trúc và xây dựng,5,2018,2018
7580203,Xây dựng công trình thủy,Kiến trúc và xây dựng,20,2018,2021
7580204,Xây dựng công trình ngầm thành phố và hệ thống tàu điện ngầm,Kiến trúc và xây dựng,18,2021,2023
7580204,Xây dựng công trình ngắm thành phố và Hệ thống tàu điện,Xây dựng - Kiến trúc - Giao thông,4,2024,2024
7580205,Công nghệ kỹ thuật giao thông,Kiến trúc và xây dựng,4,2022,2022
7580205,Cầu đường bộ,Kiến trúc và xây dựng,4,2020,2020
7580205,Kỹ thuật xây dựng công trình giao thông,Xây dựng - Kiến trúc - Giao thông,2,2024,2024
7580205,Kỳ thuật xây dựng công trình giao thông,Xây dựng - Kiến trúc - Giao thông,4,2024,2024
7580205,Kỹ thuật Cấp thoát nước/ Kỹ thuật nước - Môi trường nước,Tài nguyên - Môi trường,4,2024,2024
7580205,Kỹ thuật cầu đường,Kiến trúc và xây dựng,20,2018,2021
7580205,Kỹ thuật xây dựng,Kiến trúc và xây dựng,311,2018,2023
7580205,Kỹ thuật xây dựng công trình Giao thông/ Xây dựng Cầu đường,Xây dựng - Kiến trúc - Giao thông,4,2024,2024
7580205,Kỹ thuật xây dựng công trình giao thông,Xây dựng - Kiến trúc - Giao thông,61,2024,2024
7580205,Kỹ thuật xây dựng công trình giao thông (chuyên ngành: Kỹ thuật xây dựng cầu đường; Kỹ thuật xây dựng công trình ngầm; Kỹ thuật hạ tầng đô thị),Xây dựng - Kiến trúc - Giao thông,4,2024,2024
7580205,"Nhóm chuyên ngành: Công trình giao thông công chính, Công trình giao thông đô thị",Kiến trúc và xây dựng,4,2020,2020
7580205,"Nhóm chuyên ngành: Cầu hầm, Đường hầm và metro",Kiến trúc và xây dựng,4,2020,2020
7580205,"Nhóm chuyên ngành: Đường bộ, Kỹ thuật giao thông đường bộ",Kiến trúc và xây dựng,4,2020,2020
7580205,"Nhóm chuyên ngành: Đường sắt, Cầu-Đường sắt, Đường sắt đô thị",Kiến trúc và xây dựng,4,2020,2020
7580205,"Nhóm chuyên ngành: Đường ô tô và Sân bay, Cầu - Đường ô tô và Sân bay",Kiến trúc và xây dựng,4,2020,2020
7580205,"Nhóm chuyên ngành: Địa kỹ thuật, Kỹ thuật GIS và trắc địa công trình",Kiến trúc và xây dựng,4,2020,2020
7580205,Tự động hóa thiết kế cầu đường,Kiến trúc và xây dựng,4,2020,2020
7580205,Xây dựng cầu đường,Kiến trúc và xây dựng,15,2020,2023
7580205,kỹ thuật xây dựng công trình giao thông,Kiến trúc và xây dựng,269,2018,2023
7580205-DN,Kỹ thuật xây dựng công trình giao thông,Công nghệ thông tin - Tin học,4,2024,2024
7580205QT,"Kỹ thuật xây dựng công trình giao thông (gồm các Chương trình chất lượng cao: Cầu • Đường bộ Việt • Pháp, Cầu - Đường bộ Việt - Anh, Công trình giao thông đô thị Việt -Nhật)",Công nghệ thông tin - Tin học,5,2024,2024
7580205V,Kỹ thuật xây dựng công trình giao thông (đào tạo bằng tiếng Việt),Xây dựng - Kiến trúc - Giao thông,4,2024,2024
7580210,Kỹ thuật cơ sở hạ tầng,Kiến trúc và xây dựng,202,2018,2023
7580210,Kỹ thuật cơ sở hạ tầng,Xây dựng - Kiến trúc - Giao thông,14,2024,2024
7580210,Kỹ thuật cơ sở hạ tầng (Chuyên ngành Kỹ thuật hạ tầng đô thị),Xây dựng - Kiến trúc - Giao thông,4,2024,2024
7580210,Kỹ thuật cơ sở hạ tầng (Chuyên ngành Kỹ thuật môi trường đô thị),Xây dựng - Kiến trúc - Giao thông,4,2024,2024
7580210,Kỹ thuật cơ sở hạ tầng (chuyên ngành Xây dựng hạ tầng đô thị),Xây dựng - Kiến trúc - Giao thông,4,2024,2024
7580210,Kỹ thuật hạ tầng đô thị,Kiến trúc và xây dựng,6,2019,2020
7580210,Kỹ thuật môi trường,Kiến trúc và xây dựng,6,2019,2020
7580210,Xây dựng dân dụng và công nghiệp,Kiến trúc và xây dựng,4,2020,2020
75802102,Kỹ thuật cơ sở hạ tầng (Chuyên ngành Công nghệ cơ điện công trình),Công nghệ thông tin - Tin học,4,2024,2024
7580211,Địa kỹ thuật xây dựng,Kiến trúc và xây dựng,60,2018,2023
7580211,Địa kỹ thuật xây dựng,Xây dựng - Kiến trúc - Giao thông,8,2024,2024
7580212,Kỹ thuật tài nguyên nước,Hàng hải - Thủy lợi - Thời tiết,4,2024,2024
7580212,Kỹ thuật tài nguyên nước,Kiến trúc và xây dựng,39,2018,2023
7580213,Kỹ thuật cấp thoát nước,Kiến trúc và xây dựng,134,2018,2023
7580213,Kỹ thuật cấp thoát nước,Tài nguyên - Môi trường,16,2024,2024
7580213,Kỹ thuật cấp thoát nước (Kỹ sư),Tài nguyên - Môi trường,4,2024,2024
7580213-DN,Kỹ thuật Cấp thoát nước,Công nghệ thông tin - Tin học,4,2024,2024
7580301,"Công nghệ kỹ thuật điện, điện tử",Xây dựng - Kiến trúc - Giao thông,4,2024,2024
7580301,Kinh tế xây dựng,Xây dựng - Kiến trúc - Giao thông,2,2024,2024
7580301,Kinh tế,Kiến trúc và xây dựng,234,2018,2023
7580301,Kinh tế Xây dựng,Xây dựng - Kiến trúc - Giao thông,4,2024,2024
7580301,Kinh tế Xây dựng (Chuyên ngành Kinh tế đầu tư),Kinh tế - Quản trị kinh doanh - Thương Mại,4,2024,2024
7580301,Kinh tế xây dựng,Kiến trúc và xây dựng,144,2019,2023
7580301,Kinh tế xây dựng,Xây dựng - Kiến trúc - Giao thông,33,2024,2024
7580301,Kinh tế xây dựng (Chuyên ngành : Kinh tế đầu tư xây dựng; Kinh tế vận tải và logistic; Quản lý dự án công trình xây dựng),Xây dựng - Kiến trúc - Giao thông,4,2024,2024
758030101A,Kinh tế xây dựng (chuyên ngành Kinh tế xây dựng) - Chương trình tiên tiến,Xây dựng - Kiến trúc - Giao thông,4,2024,2024
758030103A,Kinh tế xây dựng (chuyên ngành Kinh tế và quản lý bất động sản) - Chương trình tiên tiến,Xây dựng - Kiến trúc - Giao thông,4,2024,2024
7580301QT,Kinh tế xây dựng (Chương trình chất lượng cao Kinh tế xây dựng công trình Giao thông Việt - Anh),Xây dựng - Kiến trúc - Giao thông,4,2024,2024
7580302,Quán lý xây dựng,Xây dựng - Kiến trúc - Giao thông,4,2024,2024
7580302,Quản lý xây dựng,Kiến trúc và xây dựng,454,2018,2023
7580302,Quản lý xây dựng,Xây dựng - Kiến trúc - Giao thông,55,2024,2024
7580302,Quản lý xây dựng/ Kinh tế và quản lý bất động sản,Kinh tế - Quản trị kinh doanh - Thương Mại,4,2024,2024
7580302,Quản lý xây dựng/ Kinh tế và quản lý đô thị,Kinh tế - Quản trị kinh doanh - Thương Mại,4,2024,2024
7580302,Quản lý xây dựng/ Kiểm toán đầu tư xây dựng,Kinh tế - Quản trị kinh doanh - Thương Mại,4,2024,2024
7580302,Quản lý xây dựng/ Quản lý hạ tầng. đất đai đô thị,Xây dựng - Kiến trúc - Giao thông,4,2024,2024
7580302-1,Quản lý xây dựng (Chuyên ngành Quản lý bất động sản),Kinh tế - Quản trị kinh doanh - Thương Mại,4,2024,2024
7580302-2,Quản lý xây dựng (Chuyên ngành Quản lý vận tải và Logistics),Kinh tế - Quản trị kinh doanh - Thương Mại,4,2024,2024
7580302-3,Quản lý xây dựng (Chuyên ngành Kinh tề phát triển),Kinh tế - Quản trị kinh doanh - Thương Mại,4,2024,2024
7580302-DN,Quản lý xây dựng,Kinh tế - Quản trị kinh doanh - Thương Mại,4,2024,2024
7580302A,Quản lý xây dựng - Chương trình tiên tiến,Xây dựng - Kiến trúc - Giao thông,4,2024,2024
7580302QT,Quản lý xây dựng (Chương trình chất lượng cao Quản lý xây dựng Việt - Anh),Xây dựng - Kiến trúc - Giao thông,4,2024,2024
7580302V,Quản lý xây dựng (đào tạo bằng tiếng Việt),Xây dựng - Kiến trúc - Giao thông,4,2024,2024
7589001,Thiết kế xanh,Kiến trúc và xây dựng,17,2020,2022
75I0406PH,Công nghệ kỹ thuật môi trường,Công nghệ thông tin - Tin học,4,2024,2024
7620101,Nông nghiệp,"Nông, lâm nghiệp và thủy sản",70,2018,2023
7620101,Nông nghiệp,Thủy sản - Lâm Nghiệp - Nông nghiệp,20,2024,2024
7620101,Nông nghiệp công nghệ cao,"Nông, lâm nghiệp và thủy sản",9,2022,2022
7620101,Nông nghiệp công nghệ cao,Thủy sản - Lâm Nghiệp - Nông nghiệp,3,2024,2024
7620101DL,Nông nghiệp,Thủy sản - Lâm Nghiệp - Nông nghiệp,4,2024,2024
7620102,Khuyến nông,Thủy sản - Lâm Nghiệp - Nông nghiệp,4,2024,2024
7620102,Khuyến nông,"Nông, lâm nghiệp và thủy sản",47,2018,2023
7620103,Khoa học đất,"Nông, lâm nghiệp và thủy sản",52,2018,2023
7620103,Khoa học đất (Quản lý đất và công nghệ phân bón),Thủy sản - Lâm Nghiệp - Nông nghiệp,4,2024,2024
7620105,Chăn nuôi,"Nông, lâm nghiệp và thủy sản",419,2018,2023
7620105,Chăn nuôi,Thủy sản - Lâm Nghiệp - Nông nghiệp,56,2024,2024
7620105,Chăn nuôi thú y,Thủy sản - Lâm Nghiệp - Nông nghiệp,4,2024,2024
7620105,Khoa học cây trồng,"Nông, lâm nghiệp và thủy sản",12,2021,2022
7620105C,Chăn nuôi (CTNC),Thủy sản - Lâm Nghiệp - Nông nghiệp,4,2024,2024
7620106,Chăn nuôi,"Nông, lâm nghiệp và thủy sản",4,2019,2019
7620106,Chăn nuôi - Thú y,Bác sĩ thú y,4,2024,2024
7620108,Phân bón và dinh dưỡng cây trồng,"Nông, lâm nghiệp và thủy sản",4,2019,2019
7620109,Nông học,"Nông, lâm nghiệp và thủy sản",283,2018,2023
7620109,Nông học,Thủy sản - Lâm Nghiệp - Nông nghiệp,27,2024,2024
7620109,Nông học (Bảo vệ thực vật; Trồng trọt; Chăn nuôi thú y và thủy sản),Thủy sản - Lâm Nghiệp - Nông nghiệp,4,2024,2024
7620109G,Nông học,Thủy sản - Lâm Nghiệp - Nông nghiệp,4,2024,2024
7620110,Chăn nuôi,"Nông, lâm nghiệp và thủy sản",8,2022,2022
7620110,Khoa học cây trồng,Thủy sản - Lâm Nghiệp - Nông nghiệp,4,2024,2024
7620110,Khoa học cây trồng,"Nông, lâm nghiệp và thủy sản",383,2018,2023
7620110,Khoa học cây trồng,Thủy sản - Lâm Nghiệp - Nông nghiệp,47,2024,2024
7620110,"Khoa học cây trồng, 2 chuyên ngành: - Khoa học cây trồng; - Nông nghiệp công nghệ cao.",Thủy sản - Lâm Nghiệp - Nông nghiệp,4,2024,2024
7620111,Khoa học cây trồng,"Nông, lâm nghiệp và thủy sản",4,2018,2018
7620112,Bảo vệ thực vật,"Nông, lâm nghiệp và thủy sản",329,2018,2023
7620112,Bảo vệ thực vật,Thủy sản - Lâm Nghiệp - Nông nghiệp,55,2024,2024
7620113,Công nghệ rau hoa quả và cảnh quan,"Nông, lâm nghiệp và thủy sản",65,2018,2023
7620113,Công nghệ rau hoa quả và cảnh quan,Thủy sản - Lâm Nghiệp - Nông nghiệp,4,2024,2024
7620114,Kinh doanh nông nghiệp,Kinh tế - Quản trị kinh doanh - Thương Mại,19,2024,2024
7620114,Kinh doanh nông nghiệp,"Nông, lâm nghiệp và thủy sản",131,2018,2023
7620114,Kinh tế nông nghiệp,"Nông, lâm nghiệp và thủy sản",8,2021,2023
7620114,Quản lý và kinh doanh nông nghiệp,"Nông, lâm nghiệp và thủy sản",3,2018,2018
7620114H,Kinh doanh nông nghiệp (Khu Hòa An),Kinh tế - Quản trị kinh doanh - Thương Mại,4,2024,2024
7620115,Kinh tế,"Nông, lâm nghiệp và thủy sản",198,2018,2023
7620115,Kinh tế Nông nghiệp,Kinh tế - Quản trị kinh doanh - Thương Mại,4,2024,2024
7620115,Kinh tế nông nghiệp,Kinh tế - Quản trị kinh doanh - Thương Mại,26,2024,2024
7620115,Kinh tế nông nghiệp,"Nông, lâm nghiệp và thủy sản",45,2018,2023
7620115H,Kinh tế nông nghiệp (Khu Hòa An),Kinh tế - Quản trị kinh doanh - Thương Mại,4,2024,2024
7620116,Phát triển nông thôn,Thủy sản - Lâm Nghiệp - Nông nghiệp,4,2024,2024
7620116,Phát triển nông thôn,"Nông, lâm nghiệp và thủy sản",118,2018,2023
7620116,Phát triển nông thôn,Thủy sản - Lâm Nghiệp - Nông nghiệp,7,2024,2024
7620118,Bảo vệ thực vật,"Nông, lâm nghiệp và thủy sản",4,2018,2018
7620118,Nông nghiệp,"Nông, lâm nghiệp và thủy sản",4,2019,2019
7620118,Nông nghiệp công nghệ cao,"Nông, lâm nghiệp và thủy sản",41,2020,2023
7620118,Nông nghiệp công nghệ cao,Thủy sản - Lâm Nghiệp - Nông nghiệp,8,2024,2024
7620119,Kinh doanh và khởi nghiệp nông thôn,Kinh tế - Quản trị kinh doanh - Thương Mại,4,2024,2024
7620119,Kinh doanh và khởi nghiệp nông thôn,"Nông, lâm nghiệp và thủy sản",16,2020,2023
7620122,Nông nghiệp,"Nông, lâm nghiệp và thủy sản",6,2022,2022
7620122,Nông nghiệp thông minh và bền vững,Thủy sản - Lâm Nghiệp - Nông nghiệp,6,2024,2024
7620201,Lâm học,"Nông, lâm nghiệp và thủy sản",107,2018,2023
7620201,Lâm học,Thủy sản - Lâm Nghiệp - Nông nghiệp,12,2024,2024
7620201,Lâm nghiệp,"Nông, lâm nghiệp và thủy sản",8,2018,2020
7620202,Lâm nghiệp,"Nông, lâm nghiệp và thủy sản",6,2022,2023
7620202,Lâm nghiệp đô thị,"Nông, lâm nghiệp và thủy sản",55,2018,2023
7620202,Lâm nghiệp đô thị,Thủy sản - Lâm Nghiệp - Nông nghiệp,4,2024,2024
7620202G,Lâm nghiệp đô thị,Thủy sản - Lâm Nghiệp - Nông nghiệp,4,2024,2024
7620205,Lâm nghiệp,"Nông, lâm nghiệp và thủy sản",4,2023,2023
7620205,Lâm nghiệp,Thủy sản - Lâm Nghiệp - Nông nghiệp,4,2024,2024
7620205,Lâm sinh,"Nông, lâm nghiệp và thủy sản",161,2018,2023
7620205,Lâm sinh,Thủy sản - Lâm Nghiệp - Nông nghiệp,23,2024,2024
7620210,Lâm nghiệp,"Nông, lâm nghiệp và thủy sản",4,2023,2023
7620211,Quản lý tài nguyên rừng,Tài nguyên - Môi trường,4,2024,2024
7620211,Quản lí tài nguyên rừng,"Nông, lâm nghiệp và thủy sản",4,2019,2019
7620211,Quản lí tài nguyên rừng,Tài nguyên - Môi trường,4,2024,2024
7620211,Quản lý tài nguyên rừng,"Nông, lâm nghiệp và thủy sản",200,2018,2023
7620211,Quản lý tài nguyên rừng,Tài nguyên - Môi trường,20,2024,2024
7620301,Nuôi trồng thủy sản,Thủy sản - Lâm Nghiệp - Nông nghiệp,4,2024,2024
7620301,Nuôi trồng thuỷ sản,"Nông, lâm nghiệp và thủy sản",411,2018,2023
7620301,Nuôi trồng thuỷ sản,Thủy sản - Lâm Nghiệp - Nông nghiệp,12,2024,2024
7620301,Nuôi trồng thủy sản,Thủy sản - Lâm Nghiệp - Nông nghiệp,40,2024,2024
7620301MP,Nuôi trồng thuỷ sản (Chương trình Minh Phú - NTU),Thủy sản - Lâm Nghiệp - Nông nghiệp,4,2024,2024
7620301T,Nuôi trồng thủy sản (CTTT),Thủy sản - Lâm Nghiệp - Nông nghiệp,3,2024,2024
7620302,Bệnh học thủy sản,Thủy sản - Lâm Nghiệp - Nông nghiệp,4,2024,2024
7620302,Bệnh học thủy sản,"Nông, lâm nghiệp và thủy sản",69,2018,2023
7620302,Bệnh học thủy sản,Thủy sản - Lâm Nghiệp - Nông nghiệp,4,2024,2024
7620303,Khoa hoc thủy sản (02 chuyên ngành: Khoa hoc thủy sản; Khai thác thủy sản),Thủy sản - Lâm Nghiệp - Nông nghiệp,4,2024,2024
7620303,Khoa học thủy sản,"Nông, lâm nghiệp và thủy sản",26,2019,2023
7620304,Khai thác thuỷ sản,"Nông, lâm nghiệp và thủy sản",23,2018,2022
7620305,Quản lý thủy sản,Thủy sản - Lâm Nghiệp - Nông nghiệp,4,2024,2024
7620305,Quản lý nguồn lợi thủy sản,"Nông, lâm nghiệp và thủy sản",4,2018,2018
7620305,Quản lý thuỷ sản,Thủy sản - Lâm Nghiệp - Nông nghiệp,4,2024,2024
7620305,Quản lý thủy sản,"Nông, lâm nghiệp và thủy sản",98,2018,2023
7620305,Quản lý thủy sản,Thủy sản - Lâm Nghiệp - Nông nghiệp,4,2024,2024
7640101,Bác sĩ thú y,Khác,3,2024,2024
7640101,Công nghệ sinh học,Khoa học sự sống,2,2019,2020
7640101,Thú y,Khác,80,2024,2024
7640101,Thú y,Thú y,513,2018,2023
7640101,Thú y (Bác sĩ Thú y),Khác,4,2024,2024
7640101G,Thú y,Khác,4,2024,2024
7640101N,Thú y,Khác,4,2024,2024
7640101T,Thú y (CTTT),Khác,4,2024,2024
7720101,Bác sĩ đa khoa,Y - Dược,2,2024,2024
7720101,Gửi đào tạo ngoài ngành Y,Sức khỏe,1,2020,2020
7720101,Gửi đào tạo ngành Y,Sức khỏe,1,2020,2020
7720101,Ngành Y khoa (gửi đào tạo tại Học viện Quân y),Y - Dược,2,2024,2024
7720101,Y Khoa,Y - Dược,8,2024,2024
7720101,Y khoa,Công nghệ thông tin - Tin học,1,2024,2024
7720101,Y khoa,Sức khỏe,490,2018,2023
7720101,Y khoa,Y - Dược,62,2024,2024
7720101,Y khoa (Bác sĩ Đa khoa),Y - Dược,3,2024,2024
7720101,Y khoa (Bác sĩ đa khoa),Y - Dược,3,2024,2024
7720101,Y khoa (Xét kết hợp CC tiếng Anh quốc tế),Công nghệ thông tin - Tin học,1,2024,2024
7720101,Y khoa phục vụ ngành hiếm,Sức khỏe,1,2020,2020
7720101,Y Đa Khoa,Sức khỏe,18,2018,2021
7720101A,Y khoa (A),Công nghệ thông tin - Tin học,1,2024,2024
7720101B,Y khoa (B),Công nghệ thông tin - Tin học,1,2024,2024
7720101YHT,Y khoa Phân hiệu Thanh Hóa,Y - Dược,1,2024,2024
7720110,Y học dự phòng,Sức khỏe,84,2018,2023
7720110,Y học dự phòng,Y - Dược,21,2024,2024
7720115,Y học cố truyền,Y - Dược,1,2024,2024
7720115,Y học cổ truyền,Sức khỏe,77,2018,2023
7720115,Y học cổ truyền,Y - Dược,32,2024,2024
7720201,Dược,Y - Dược,8,2024,2024
7720201,Dược học,Sức khỏe,741,2018,2023
7720201,Dược học,Y - Dược,138,2024,2024
7720201,Dược học (Xét kết hợp CC tiếng Anh quốc tế),Y - Dược,2,2024,2024
7720201,Dược đại hoc,Sức khỏe,2,2018,2018
7720201,Y khoa,Y - Dược,4,2024,2024
7720201,Điều dưỡng,Sức khỏe,1,2018,2018
7720201A,Dược học (A),Y - Dược,1,2024,2024
7720201B,Dược học (B),Y - Dược,1,2024,2024
7720201D,Dược học (D),Y - Dược,1,2024,2024
7720203,Hoá dược,Sức khỏe,117,2018,2023
7720203,Hóa Dược,Y - Dược,4,2024,2024
7720203,Hóa dược,Y - Dược,20,2024,2024
7720203,Hóa dược - Phân tích và kiểm nghiệm - Bào chế và phát triển thuốc,Y - Dược,4,2024,2024
7720204,Ngôn ngữ Trung Quốc,Nhân văn,12,2020,2022
7720208,Quản trị bệnh viện,Sức khỏe,4,2021,2021
7720301,Diều dưỡng,Y - Dược,4,2024,2024
7720301,Điều Dưỡng,Y - Dược,4,2024,2024
7720301,Điều Dưỡng,Điện lạnh - Điện tử - Điện - Tự động hóa,1,2024,2024
7720301,Điều duỡng,Y - Dược,4,2024,2024
7720301,Điều dưỡng,Sức khỏe,726,2018,2023
7720301,Điều dưỡng,Y - Dược,131,2024,2024
7720301,Điều dưỡng chuyên ngành Gây mê hồi sức,Sức khỏe,5,2018,2022
7720301,Điều dưỡng chuyên ngành Gây mê hồi sức,Y - Dược,2,2024,2024
7720301,Điều dưỡng chuyên ngành Hộ sinh,Sức khỏe,4,2018,2021
7720301,Điều dưỡng chương trình tiên tiến,Y - Dược,1,2024,2024
7720301,Điều dưỡng gây mê hồi sức,Sức khỏe,9,2018,2023
7720301,Điều dưỡng nha khoa,Sức khỏe,9,2018,2023
7720301,Điều dưỡng phụ sản,Sức khỏe,5,2018,2023
7720301,Điều dưỡng đa khoa,Sức khỏe,9,2018,2023
7720301A,Điều dưỡng đa khoa,Y - Dược,7,2024,2024
7720301B,Điều dưỡng nha khoa,Y - Dược,7,2024,2024
7720301C,Điều dưỡng gây mê hồi sức,Y - Dược,4,2024,2024
7720301DL,Điều dưỡng,Điện lạnh - Điện tử - Điện - Tự động hóa,4,2024,2024
7720301NB,Điều dưỡng,Y - Dược,4,2024,2024
7720301YHT,Điều dưỡng Phân hiệu Thanh Hóa,Y - Dược,1,2024,2024
7720302,Hộ Sinh,Y - Dược,4,2024,2024
7720302,Hộ sinh,Sức khỏe,68,2018,2023
7720302,Hộ sinh,Y - Dược,22,2024,2024
7720302,Điều dưỡng chuyên ngành Hộ sinh,Sức khỏe,1,2022,2022
7720399,Dụng cụ chỉnh hình chân tay giả,Sức khỏe,8,2019,2020
7720401,Dinh dưỡng,Sức khỏe,139,2018,2023
7720401,Dinh dưỡng,Y - Dược,33,2024,2024
7720401,Dinh dưỡng học,Sức khỏe,6,2018,2019
7720497,Dinh dưỡng và Khoa học thực phẩm,Y - Dược,4,2024,2024
7720497,Dinh dưỡng và khoa học thực phẩm,Sức khỏe,43,2018,2023
7720498,Khoa học chế biến món ăn,Sức khỏe,30,2019,2023
7720499,Khoa học dinh dưỡng và ẩm thực,Sức khỏe,29,2019,2022
7720501,Bác sĩ Răng - Hàm - Mặt,Sức khỏe,4,2018,2018
7720501,Bác sĩ Răng Hàm Mặt,Y - Dược,4,2024,2024
7720501,Răng - Hàm - Mặt,Sức khỏe,214,2018,2023
7720501,Răng - Hàm - Mặt,Y - Dược,29,2024,2024
7720501,Răng - Hàm - Mặt (Xét kết hợp CC tiếng Anh quốc tế),Y - Dược,1,2024,2024
7720501,Răng Hàm Mặt,Y - Dược,2,2024,2024
7720501,Răng hàm mặt,Y - Dược,7,2024,2024
7720501,Răng – Hàm – Mặt,Y - Dược,4,2024,2024
7720502,Kỹ thuật phục hình răng,Sức khỏe,6,2018,2022
7720502,Kỹ thuật phục hình răng,Y - Dược,2,2024,2024
7720502,Kỹ thuật phục hồi hình răng,Y - Dược,1,2024,2024
7720601,Khoa học và Công nghệ Y khoa,Sức khỏe,12,2019,2021
7720601,Khoa học và Công nghệ y khoa,Y - Dược,4,2024,2024
7720601,Kĩ thuật Xét nghiệm y học,Y - Dược,1,2024,2024
7720601,Kỹ thuật Xét nghiệm Y học,Y - Dược,4,2024,2024
7720601,Kỹ thuật Xét nghiệm y học,Y - Dược,5,2024,2024
7720601,Kỹ thuật xét nghiệm,Y - Dược,2,2024,2024
7720601,Kỹ thuật xét nghiệm Y học,Y - Dược,1,2024,2024
7720601,Kỹ thuật xét nghiệm y học,Sức khỏe,411,2018,2023
7720601,Kỹ thuật xét nghiệm y học,Y - Dược,67,2024,2024
7720601,Xét nghiệm,Sức khỏe,1,2018,2018
7720601,Xét nghiệm Y học,Sức khỏe,1,2018,2018
7720601YHT,Kỹ thuật Xét nghiệm y học Phân hiệu Thanh Hóa,Y - Dược,1,2024,2024
7720602,Kĩ thuật Hình ảnh y học,Y - Dược,1,2024,2024
7720602,Kỹ thuật Hình ảnh y học,Y - Dược,7,2024,2024
7720602,Kỹ thuật hình ảnh y học,Sức khỏe,98,2018,2023
7720602,Kỹ thuật hình ảnh y học,Y - Dược,26,2024,2024
7720603,Kỹ thuật Phục hồi chức năng,Y - Dược,4,2024,2024
7720603,Kỹ thuật phục hồi chức năng,Sức khỏe,102,2018,2023
7720603,Kỹ thuật phục hồi chức năng,Y - Dược,31,2024,2024
7720603YHT,Kỹ thuật Phục hồi chức năng Phân hiệu Thanh Hóa,Y - Dược,1,2024,2024
7720606,Kỹ thuật hình ảnh y học,Sức khỏe,1,2022,2022
7720699,Khúc xạ nhãn khoa,Sức khỏe,14,2018,2023
7720699,Khúc xạ nhãn khoa,Y - Dược,3,2024,2024
7720701,Y tế Công cộng,Y - Dược,4,2024,2024
7720701,Y tế công cộng,Sức khỏe,122,2018,2023
7720701,Y tế công cộng,Y - Dược,25,2024,2024
7720801,Y tế công cộng,Sức khỏe,1,2022,2022
7720802,Quản lý bệnh viện,Kinh tế - Quản trị kinh doanh - Thương Mại,12,2024,2024
7720802,Quản trị bệnh viện,Sức khỏe,41,2021,2023
7720802,Quản trị khách sạn,"Du lịch, khách sạn, thể thao và dịch vụ cá nhân",18,2018,2021
7729001,Y sinh học TDTT,Y - Dược,4,2024,2024
7729001,Y sinh học thể dục thể thao,Sức khỏe,8,2019,2019
7729001,Y sinh học thể dục thể thao,Y - Dược,4,2024,2024
7760101,Công tác Xã hội,Văn hóa - Chính trị - Khoa học Xã hội,8,2024,2024
7760101,Công tác xã hội,Dịch vụ xã hội,919,2018,2023
7760101,Công tác xã hội,Văn hóa - Chính trị - Khoa học Xã hội,117,2024,2024
7760101,Quản lý tài nguyên và môi trường,Môi trường và bảo vệ môi trường,4,2018,2018
7760101C,Công tác xã hội,Công nghệ thông tin - Tin học,1,2024,2024
7760101D,Công tác xã hội,Công nghệ thông tin - Tin học,3,2024,2024
7760102,Công tác Thanh thiếu niên,Văn hóa - Chính trị - Khoa học Xã hội,4,2024,2024
7760102,Công tác thanh thiếu niên,Dịch vụ xã hội,32,2018,2023
7760103,Giáo dục Đặc biệt,Dịch vụ xã hội,5,2020,2021
7760103,Hỗ trợ giáo dục người khuyết tật,Dịch vụ xã hội,15,2021,2023
7760103,Hỗ trợ giáo dục người khuyết tật,Sư phạm - Giáo dục,3,2024,2024
7760103C,Hỗ trợ giáo dục người khuyết tật,Sư phạm - Giáo dục,1,2024,2024
7760103D,Hỗ trợ giáo dục người khuyết tật,Sư phạm - Giáo dục,3,2024,2024
7760104,Dân số và phát triển,Dịch vụ xã hội,25,2020,2023
7810101,Du lịch,"Du lịch, khách sạn, thể thao và dịch vụ cá nhân",560,2018,2023
7810101,Du lịch,Du lịch-Khách sạn,103,2024,2024
7810101,Ngành Du lịch,Du lịch-Khách sạn,4,2024,2024
7810101A,Du lịch - Văn hóa du lịch,Du lịch-Khách sạn,6,2024,2024
7810101B,"Du lịch - Lữ hành, hướng dẫn du lịch",Du lịch-Khách sạn,6,2024,2024
7810101C,Du lịch - Hướng dẫn du lịch quốc tế,Du lịch-Khách sạn,5,2024,2024
7810101H,Du lịch (Khu Hòa An),Du lịch-Khách sạn,4,2024,2024
7810102,Du lịch,"Du lịch, khách sạn, thể thao và dịch vụ cá nhân",4,2019,2019
7810102,Du lịch điện tử,"Du lịch, khách sạn, thể thao và dịch vụ cá nhân",28,2020,2023
7810102,Du lịch điện tử,Du lịch-Khách sạn,4,2024,2024
7810102,Quản trị khách sạn,"Du lịch, khách sạn, thể thao và dịch vụ cá nhân",4,2021,2021
7810103,Du lịch,"Du lịch, khách sạn, thể thao và dịch vụ cá nhân",11,2022,2023
7810103,QTDV Du lịch và Lữ hành,Du lịch-Khách sạn,4,2024,2024
7810103,Quản trị DV Du lịch và Lữ hành,Du lịch-Khách sạn,4,2024,2024
7810103,Quản trị Dịch vụ Du lịch & Lữ hành,Du lịch-Khách sạn,4,2024,2024
7810103,Quản trị Dịch vụ Du lịch và Lữ hành,Du lịch-Khách sạn,4,2024,2024
7810103,Quản trị Khách sạn và Khu nghỉ dưỡng (Resort & Spa),"Du lịch, khách sạn, thể thao và dịch vụ cá nhân",25,2020,2023
7810103,Quản trị du lịch và khách sạn,"Du lịch, khách sạn, thể thao và dịch vụ cá nhân",9,2022,2022
7810103,Quản trị du lịch và lữ hành,"Du lịch, khách sạn, thể thao và dịch vụ cá nhân",37,2018,2023
7810103,Quản trị dv du lịch và lữ hành,Du lịch-Khách sạn,4,2024,2024
7810103,Quản trị dịch vụ Du lịch & Lữ hành,Du lịch-Khách sạn,5,2024,2024
7810103,Quản trị dịch vụ Du lịch và lữ hành,Du lịch-Khách sạn,4,2024,2024
7810103,Quản trị dịch vụ du lịch & lữ hành,Du lịch-Khách sạn,12,2024,2024
7810103,Quản trị dịch vụ du lịch và Lữ hành,Du lịch-Khách sạn,4,2024,2024
7810103,Quản trị dịch vụ du lịch và lữ hàng,Du lịch-Khách sạn,4,2024,2024
7810103,Quản trị dịch vụ du lịch và lữ hành,"Du lịch, khách sạn, thể thao và dịch vụ cá nhân",1952,2018,2023
7810103,Quản trị dịch vụ du lịch và lữ hành,Du lịch-Khách sạn,264,2024,2024
7810103,Quản trị dịch vụ du lịch và lữ hành (chuẩn quốc tế),Du lịch-Khách sạn,4,2024,2024
7810103,Quản trị dịch vụ du lịch và lữ hành (dạy bằng tiếng Anh),Du lịch-Khách sạn,1,2024,2024
7810103,Quản trị khách sạn,"Du lịch, khách sạn, thể thao và dịch vụ cá nhân",4,2023,2023
7810103,Quản trị lữ hành,"Du lịch, khách sạn, thể thao và dịch vụ cá nhân",4,2018,2018
7810103,Quản trị nhà hàng khách sạn,"Du lịch, khách sạn, thể thao và dịch vụ cá nhân",8,2020,2021
7810103-TA,Quản trị du lịch và khách sạn,Du lịch-Khách sạn,4,2024,2024
7810103A,"Ngành Quản trị dịch vụ du lịch và lữ hành, chuyên ngành Quản trị lữ hành",Du lịch-Khách sạn,4,2024,2024
7810103A,Quản trị dịch vụ du lịch lữ hành (Chương trình đặc biệt),Du lịch-Khách sạn,4,2024,2024
7810103A,Quản trị dịch vụ du lịch và lữ hành,Du lịch-Khách sạn,6,2024,2024
7810103B,"Ngành Quản trị dịch vụ du lịch và lữ hành, chuyên ngành Hướng dẫn du lịch",Du lịch-Khách sạn,4,2024,2024
7810103B,Quản trị dịch vụ du lịch và lữ hành - Quản trị du lịch cộng đồng,Du lịch-Khách sạn,6,2024,2024
7810103C,Quản trị dịch vụ du lịch và lữ hành,Du lịch-Khách sạn,5,2024,2024
7810103C,Quản trị dịch vụ du lịch và lữ hành (CTCLC),Du lịch-Khách sạn,3,2024,2024
7810103D,Quản trị dịch vụ du lịch và lữ hành,Kinh tế - Quản trị kinh doanh - Thương Mại,1,2024,2024
7810103DA,Quản trị dịch vụ du lịch và lữ hành & Ngôn ngữ Anh,Du lịch-Khách sạn,4,2024,2024
7810103DKD,Quản trị dịch vụ du lịch và lữ hành,Du lịch-Khách sạn,4,2024,2024
7810103DKK,Quản trị dịch vụ du lịch và lữ hành,Du lịch-Khách sạn,4,2024,2024
7810103DL,Quản trị DV Du lịch và Lữ hành,Kinh tế - Quản trị kinh doanh - Thương Mại,4,2024,2024
7810103LKĐTNN,Quản trị dịch vụ du lịch và lữ hành (Liên kết với Đài Loan),Kinh tế - Quản trị kinh doanh - Thương Mại,4,2024,2024
7810103P,Quản trị dịch vụ du lịch và lữ hành (Chương trình song ngữ Pháp-Việt),Du lịch-Khách sạn,4,2024,2024
7810103PH,Quản trị dịch vụ du lịch và Lữ hành,Kinh tế - Quản trị kinh doanh - Thương Mại,4,2024,2024
7810103T,Quản trị dịch vụ du lịch và lữ hành (CN: Quản trị dịch vụ thương mại hàng không),Du lịch-Khách sạn,4,2024,2024
7810103TT,Quản tri dịch vụ du lịch và lữ hành (dạy bằng tiếng Anh) - TT,Du lịch-Khách sạn,1,2024,2024
7810104,Quản trị du lịch và khách sạn,"Du lịch, khách sạn, thể thao và dịch vụ cá nhân",28,2020,2023
7810104,Quản trị du lịch và khách sạn,Du lịch-Khách sạn,4,2024,2024
7810105,Du lịch địa chất,"Du lịch, khách sạn, thể thao và dịch vụ cá nhân",21,2021,2023
7810105,Du lịch địa chất,Du lịch-Khách sạn,4,2024,2024
7810106,Văn hóa Du lịch,"Du lịch, khách sạn, thể thao và dịch vụ cá nhân",23,2021,2023
7810106,Văn hóa Du lịch,Du lịch-Khách sạn,4,2024,2024
7810201,Quản trị Khách sạn,Du lịch-Khách sạn,4,2024,2024
7810201,"Quản trị Khách sạn (khu nghỉ dưỡng, resort & spa)",Du lịch-Khách sạn,4,2024,2024
7810201,Quản trị Khách sạn và Khu nghỉ dưỡng (Resort & Spa),"Du lịch, khách sạn, thể thao và dịch vụ cá nhân",4,2020,2020
7810201,Quản trị du lịch và khách sạn,"Du lịch, khách sạn, thể thao và dịch vụ cá nhân",12,2021,2022
7810201,Quản trị dịch vụ du lịch và lữ hành,"Du lịch, khách sạn, thể thao và dịch vụ cá nhân",4,2023,2023
7810201,Quản trị khách sạn,"Du lịch, khách sạn, thể thao và dịch vụ cá nhân",984,2018,2023
7810201,Quản trị khách sạn,Du lịch-Khách sạn,183,2024,2024
7810201,Quản trị nhà hàng và dịch vụ ăn uống,"Du lịch, khách sạn, thể thao và dịch vụ cá nhân",16,2020,2022
7810201,Quản trị sự kiện và dịch vụ giải trí,"Du lịch, khách sạn, thể thao và dịch vụ cá nhân",4,2018,2018
7810201,Quản trị sự kiện và dịch vụ giải trí,Du lịch-Khách sạn,4,2024,2024
78102010,Quản trị nhà hàng - khách sạn và dịch vụ ăn uống (ngành Quản trị khách sạn),Du lịch-Khách sạn,4,2024,2024
7810201A,Quản trị khách sạn (Chương trình đặc biệt),Du lịch-Khách sạn,4,2024,2024
7810201C2,Quản trị du lịch - nhà hàng - khách sạn (ngành Quản trị khách sạn),Du lịch-Khách sạn,4,2024,2024
7810201DKD,Quản trị khách sạn,Du lịch-Khách sạn,4,2024,2024
7810201DKK,Quản trị khách sạn,Du lịch-Khách sạn,4,2024,2024
7810201DL,Quản trị khách sạn,Kinh tế - Quản trị kinh doanh - Thương Mại,4,2024,2024
7810201E,Quản trị khách sạn – Chương trình Elite,Du lịch-Khách sạn,5,2024,2024
7810201QA,Quản trị khách sạn & Ngôn ngữ Anh,Du lịch-Khách sạn,4,2024,2024
7810202,Quản trị Nhà hàng và DV Ăn uống,Du lịch-Khách sạn,4,2024,2024
7810202,Quản trị Nhà hàng và Dịch vụ Ăn uống,Du lịch-Khách sạn,4,2024,2024
7810202,Quản trị nhà hàng & Dịch vụ ăn uống,Du lịch-Khách sạn,5,2024,2024
7810202,Quản trị nhà hàng và Dịch vụ ăn uống,Du lịch-Khách sạn,4,2024,2024
7810202,Quản trị nhà hàng và dịch vụ ăn uống,"Du lịch, khách sạn, thể thao và dịch vụ cá nhân",398,2018,2023
7810202,Quản trị nhà hàng và dịch vụ ăn uống,Du lịch-Khách sạn,45,2024,2024
7810202E,Quản trị nhà hàng & Dịch vụ ăn uống – Chương trình Elite,Du lịch-Khách sạn,5,2024,2024
7810202V,Quản trị nhà hàng và dịch vụ ăn uống (đào tạo bằng tiếng Việt),Du lịch-Khách sạn,4,2024,2024
7810203,Quản trị Khách sạn - Nhà hàng,Du lịch-Khách sạn,4,2024,2024
7810203,Quản trị kinh doanh khách sạn - Nhà hàng,"Du lịch, khách sạn, thể thao và dịch vụ cá nhân",9,2022,2023
7810204,Quản lý du lịch Quốc tế,Kinh tế - Quản trị kinh doanh - Thương Mại,4,2024,2024
7810301,Quản lý TDTT,Thể dục - Thể thao,6,2024,2024
7810301,Quản lý Thể dục thể thao,Thể dục - Thể thao,8,2024,2024
7810301,Quản lý thể dục thể thao,"Du lịch, khách sạn, thể thao và dịch vụ cá nhân",119,2018,2023
7810301,Quản lý thể dục thể thao,Thể dục - Thể thao,21,2024,2024
7810301,Quản lý thể dục thể thao (Chuyên ngành kinh doanh thể thao và tổ chức sự kiện),Thể dục - Thể thao,4,2024,2024
7810301G,Quản lý thể dục thể thao (Chuyên ngành Golf),Thể dục - Thể thao,4,2024,2024
7810302,Golf,"Du lịch, khách sạn, thể thao và dịch vụ cá nhân",13,2019,2021
7810302,Huấn luyện thể thao,Thể dục - Thể thao,16,2024,2024
7810501,Kinh tế gia đình,Kinh tế - Quản trị kinh doanh - Thương Mại,4,2024,2024
7810502,Kỹ thuật nữ công,"Du lịch, khách sạn, thể thao và dịch vụ cá nhân",4,2019,2019
7811103,Quản trị dịch vụ du lịch và lữ hành,"Du lịch, khách sạn, thể thao và dịch vụ cá nhân",4,2023,2023
7819009,Khoa học dinh dưỡng và ẩm thực,Sức khỏe,9,2023,2023
7819009,Khoa học dinh dưỡng và ẩm thực,Y - Dược,4,2024,2024
7819010,Khoa học chế biến món ăn,Công nghệ chế biến thực phẩm,4,2024,2024
7819010,Khoa học chế biến món ăn,Sức khỏe,8,2023,2023
7840101,Khai thác vận tải,Dịch vụ vận tải,118,2018,2023
7840101,Khai thác vận tải,Xây dựng - Kiến trúc - Giao thông,8,2024,2024
7840101,Logistics và vận tải đa phương thức (TN),Dịch vụ vận tải,4,2019,2019
784010101A,Khai thác vận tải (chuyên ngành Quản trị logistics và vận tải đa phương thức) - Chương trình tiên tiến,Xây dựng - Kiến trúc - Giao thông,4,2024,2024
784010102A,Khai thác vận tải - Chương trình tiên tiến,Xây dựng - Kiến trúc - Giao thông,4,2024,2024
7840102,Quản lý hoạt động bay,Dịch vụ vận tải,29,2018,2023
7840102,Quản lý hoạt động bay,Hàng không - Vũ trụ - Hạt nhân,4,2024,2024
7840102E,Quản lý hoạt động bay - Chương trình học Tiếng Anh,Hàng không - Vũ trụ - Hạt nhân,4,2024,2024
7840104,Kinh tế,Dịch vụ vận tải,128,2018,2023
7840104,Kinh tế vận tải,Dịch vụ vận tải,43,2020,2023
7840104,Kinh tế vận tải,Kinh tế - Quản trị kinh doanh - Thương Mại,4,2024,2024
7840104,Logistics và Quản lý chuỗi cung ứng,Dịch vụ vận tải,16,2018,2021
784010401A,Kinh tế vận tải (chuyên ngành Kinh tế vận tải biển) - Chương trình tiên tiến,Kinh tế - Quản trị kinh doanh - Thương Mại,4,2024,2024
784010402A,Kinh tế vận tải (chuyên ngành Kinh tế vận tải hàng không) - Chương trình tiên tiến,Kinh tế - Quản trị kinh doanh - Thương Mại,4,2024,2024
7840104E,Kinh tế vận tải - Chương trình học bằng Tiếng Anh (CN: Logistics và vận tải đa phương thức),Kinh tế - Quản trị kinh doanh - Thương Mại,4,2024,2024
7840104K,Kinh tế vận tải (CN: Kinh tế hàng không),Kinh tế - Quản trị kinh doanh - Thương Mại,4,2024,2024
7840104L,Kinh tế vận tải (CN: Logistics và quản lý chuỗi cung ứng; Logistics và vận tải đa phương thức),Kinh tế - Quản trị kinh doanh - Thương Mại,4,2024,2024
7840106,Khai thác máy tàu biển,Dịch vụ vận tải,28,2018,2021
7840106,Khoa học hàng hải,Dịch vụ vận tải,202,2018,2023
7840106,Khoa học hàng hải (02 chuyên ngành: Khoa học hàng hải; Quản lý hàng hải và Logistics),Hàng hải - Thủy lợi - Thời tiết,4,2024,2024
7840106,Khoa học hàng hải (chuyên ngành Kỹ thuật điện; điện tử và điều khiển; Cơ điện tử),Hàng hải - Thủy lợi - Thời tiết,4,2024,2024
7840106,Quản lý hàng hải,Dịch vụ vận tải,16,2019,2021
7840106,Điều khiển tàu biển,Dịch vụ vận tải,28,2018,2021
784010604A,Khoa học hàng hải (chuyên ngành Quản lý hàng hải) - Chương trình tiên tiến,Hàng hải - Thủy lợi - Thời tiết,4,2024,2024
784010606,Khoa học hàng hải (chuyên ngành Điều khiển và quản lý tàu biển),Hàng hải - Thủy lợi - Thời tiết,4,2024,2024
784010607,Khoa học hàng hải (chuyên ngành Khai thác máy tàu thủy và quản lý kỹ thuật),Hàng hải - Thủy lợi - Thời tiết,4,2024,2024
784010609A,Khoa học hàng hải (chuyên ngành Quản lý cảng và logistics) - Chương trình tiên tiến,Hàng hải - Thủy lợi - Thời tiết,4,2024,2024
7840110,Quản lý và vận hành hạ tầng,Dịch vụ vận tải,26,2018,2023
7840110V,Quản lý và vận hành hạ tầng (đào tạo bằng tiếng Việt),Xây dựng - Kiến trúc - Giao thông,4,2024,2024
7840161,Khoa học hàng hải,Dịch vụ vận tải,6,2018,2018
7850101,Quán lý tài nguyên và môi trường,Tài nguyên - Môi trường,4,2024,2024
7850101,Quản lí tài nguyên & môi trường,Tài nguyên - Môi trường,4,2024,2024
7850101,Quản lí tài nguyên và môi trường,Môi trường và bảo vệ môi trường,12,2019,2021
7850101,Quản lý Tài nguyên môi trường,Môi trường và bảo vệ môi trường,10,2018,2019
7850101,Quản lý Tài nguyên và Môi trường,Tài nguyên - Môi trường,8,2024,2024
7850101,Quản lý tài nguyên và môi trường,Tài nguyên - Môi trường,3,2024,2024
7850101,Quản lý tài nguyên môi trường,Môi trường và bảo vệ môi trường,4,2021,2022
7850101,Quản lý tài nguyên môi trường,Tài nguyên - Môi trường,4,2024,2024
7850101,Quản lý tài nguyên và Môi trường,Tài nguyên - Môi trường,8,2024,2024
7850101,Quản lý tài nguyên và môi trường,Môi trường và bảo vệ môi trường,904,2018,2023
7850101,Quản lý tài nguyên và môi trường,Tài nguyên - Môi trường,100,2024,2024
7850101,Quản lý tài nguyên và môi trường (Chương trình tiên tiến),Tài nguyên - Môi trường,4,2024,2024
7850101PH,Quản lý tài nguyên và Môi trường,Kinh tế - Quản trị kinh doanh - Thương Mại,4,2024,2024
7850102,Kinh tế,Môi trường và bảo vệ môi trường,68,2018,2023
7850102,Kinh tế Tài nguyên thiên nhiên,Kinh tế - Quản trị kinh doanh - Thương Mại,4,2024,2024
7850102,Kinh tế Tài nguyên thiên nhiên,Môi trường và bảo vệ môi trường,40,2020,2023
7850102,Kinh tế tài nguyên thiên nhiên,Kinh tế - Quản trị kinh doanh - Thương Mại,16,2024,2024
7850102,Quản lý tài nguyên thiên nhiên,Môi trường và bảo vệ môi trường,4,2022,2022
7850103,Ngành Quản lý đất đai gồm 02 chuyên ngành: Quán lý đất đai; Kinh tế tài nguyên thiên nhiên.,Tài nguyên - Môi trường,4,2024,2024
7850103,Quản lý đất đai,Tài nguyên - Môi trường,4,2024,2024
7850103,Quản lý đất đai,Môi trường và bảo vệ môi trường,630,2018,2023
7850103,Quản lý đất đai,Tài nguyên - Môi trường,80,2024,2024
7850103,Quản lý đất đai (Chuyên ngành: Quản lý đất đai; Quản lý phát triển đô thị và bất động sán),Tài nguyên - Môi trường,4,2024,2024
7850103PH,Quản lý đất đai,Tài nguyên - Môi trường,4,2024,2024
7850104,Du lịch,Môi trường và bảo vệ môi trường,4,2019,2019
7850104,Du lịch sinh thái,Du lịch-Khách sạn,4,2024,2024
7850104,Du lịch sinh thái,Môi trường và bảo vệ môi trường,28,2020,2023
7850104,"Quản lý an toàn, sức khỏe và môi trường",Môi trường và bảo vệ môi trường,24,2018,2023
7850105,"Quản lý an toàn, sức khỏe và môi trường",Tài nguyên - Môi trường,4,2024,2024
7850106,Quản lý tài nguyên thiên nhiên,Môi trường và bảo vệ môi trường,8,2023,2023
7850106,Quản lý tài nguyên thiên nhiên,Tài nguyên - Môi trường,4,2024,2024
7850195,Quản lý tổng hợp tài nguyên nước,Môi trường và bảo vệ môi trường,16,2018,2021
7850195,Quản lý tổng hợp tài nguyên nước,Tài nguyên - Môi trường,4,2024,2024
7850196,Quản lý tài nguyên khoáng sản,Môi trường và bảo vệ môi trường,16,2018,2021
7850197,Quản lý tài nguyên và môi trường,Môi trường và bảo vệ môi trường,16,2018,2021
7850197,Quản lý tài nguyên và môi trường biển đảo,Tài nguyên - Môi trường,4,2024,2024
7850198,Quản lý tài nguyên nước,Môi trường và bảo vệ môi trường,20,2018,2021
7850198,Quản lý tài nguyên nước,Tài nguyên - Môi trường,4,2024,2024
7850199,Quản lý biển,Môi trường và bảo vệ môi trường,20,2018,2021
7850199,Quản lý biển,Tài nguyên - Môi trường,4,2024,2024
7850201,Bảo hộ lao động,Môi trường và bảo vệ môi trường,55,2018,2023
7850201,Bảo hộ lao động,Tài nguyên - Môi trường,11,2024,2024
7850202,"An toàn, Vệ sinh lao động",Môi trường và bảo vệ môi trường,4,2023,2023
7850202,"An toàn, Vệ sinh lao động",Tài nguyên - Môi trường,4,2024,2024
7850202,Bảo hộ lao động,Môi trường và bảo vệ môi trường,13,2022,2023
7859002,Tài nguyên và du lịch sinh thái,Du lịch-Khách sạn,4,2024,2024
7859002,Tài nguyên và du lịch sinh thái,Môi trường và bảo vệ môi trường,50,2020,2023
7859002G,Tài nguyên và du lịch sinh thái,Du lịch-Khách sạn,4,2024,2024
7859007,Cảnh quan và kỹ thuật hoa viên,Môi trường và bảo vệ môi trường,16,2020,2023
7859007,Cảnh quan và kỹ thuật hoa viên,Xây dựng - Kiến trúc - Giao thông,4,2024,2024
7860100,Gửi đào tạo ngoài ngành,"An ninh, Quốc phòng",4,2018,2018
7860100,Gửi đào tạo ngành Y,"An ninh, Quốc phòng",5,2019,2021
7860100,Gửi đào tạo ngành y (nam),"An ninh, Quốc phòng",1,2018,2018
7860100,Nghiệp vụ An ninh,"An ninh, Quốc phòng",107,2018,2022
7860100,Nghiệp vụ An ninh,Kinh tế - Quản trị kinh doanh - Thương Mại,4,2024,2024
7860100,Nghiệp vụ cảnh sát,"An ninh, Quốc phòng",63,2018,2022
7860100,Ngành Nghiệp vụ an ninh,Văn hóa - Chính trị - Khoa học Xã hội,4,2024,2024
7860100,Nhóm ngành nghiệp vụ Cảnh sát,Công nghệ thông tin - Tin học,8,2024,2024
7860100,Y khoa,"An ninh, Quốc phòng",2,2022,2022
7860100,Điều tra trinh sát,"An ninh, Quốc phòng",6,2018,2018
7860113,Công an,"An ninh, Quốc phòng",16,2018,2018
7860113,Hệ dân sự,"An ninh, Quốc phòng",4,2018,2018
7860113,"Phòng cháy chữa cháy và cứu nạn, cứu hộ","An ninh, Quốc phòng",19,2019,2022
7860113,"Phòng cháy chữa cháy và cứu nạn, cứu hộ",Nhân sự - Hành chính,2,2024,2024
7860114,Ngành An ninh mạng và phòng chống tội phạm công nghệ cao,Văn hóa - Chính trị - Khoa học Xã hội,2,2024,2024
7860201,Chỉ huy tham mưu Lục quân,Công an - Quân đội,2,2024,2024
7860201,Chỉ huy tham mưu lục quân,"An ninh, Quốc phòng",70,2018,2023
7860201,Ngành Chỉ huy tham mưu Lục quân,Công an - Quân đội,2,2024,2024
7860202,Chỉ huy tham mưu Hải quân,"An ninh, Quốc phòng",27,2018,2023
7860202,Chỉ huy tham mưu Hải quân,Công an - Quân đội,2,2024,2024
7860203,Chỉ huy tham mưu Không quân,"An ninh, Quốc phòng",12,2018,2023
7860203,Chỉ huy tham mưu không quân (Phi công quân sự),Công an - Quân đội,2,2024,2024
7860205,Chỉ huy tham mưu Pháo binh,"An ninh, Quốc phòng",26,2018,2023
7860205,Ngành Chỉ huy tham mưu Pháo binh,Công an - Quân đội,2,2024,2024
7860206,Chỉ huy tham mưu Tăng - Thiết giáp,"An ninh, Quốc phòng",26,2018,2023
7860206,Ngành Chỉ huy tham mưu Tăng Thiết giáp,Văn hóa - Chính trị - Khoa học Xã hội,2,2024,2024
7860207,Chỉ huy tham mưu Đặc công,"An ninh, Quốc phòng",24,2018,2023
7860207,Ngành Chỉ huy tham mưu Đặc công,Công an - Quân đội,2,2024,2024
7860210,Thí sinh Nam Quân khu 4 (Quảng Trị và TT-Huế),Công nghệ sinh - Hóa,1,2024,2024
7860214,Biên phòng,"An ninh, Quốc phòng",58,2018,2023
7860214,Ngành Biên phòng,Công an - Quân đội,2,2024,2024
7860218,Hậu cần quân sự,"An ninh, Quốc phòng",29,2018,2023
7860218,Hậu cần quân sự,Công an - Quân đội,2,2024,2024
7860218,Thí sinh Nam miền Bắc,"An ninh, Quốc phòng",4,2023,2023
7860218,Thí sinh Nam miền Nam,"An ninh, Quốc phòng",2,2023,2023
7860220,Chỉ huy tham mưu thông tin,"An ninh, Quốc phòng",78,2018,2023
7860220,Chỉ huy tham mưu thông tin - Thí sinh Nam miền Bắc,Công an - Quân đội,1,2024,2024
7860220,Thí sinh Nam miền Bắc,"An ninh, Quốc phòng",2,2018,2018
7860220,Thí sinh Nam miền Nam,"An ninh, Quốc phòng",2,2018,2018
7860220,Đào tạo kỹ sư quân sự,Công an - Quân đội,2,2024,2024
7860221,Chỉ huy tham mưu thông tin,"An ninh, Quốc phòng",24,2019,2023
7860221,Ngành Chỉ huy tham mưu thông tin,Công an - Quân đội,2,2024,2024
7860221,Thí sinh Nam miền Bắc,"An ninh, Quốc phòng",2,2018,2018
7860221,Thí sinh Nam miền Nam,"An ninh, Quốc phòng",2,2018,2018
7860226,"Chỉ huy Tham mưu Phòng không, Không quân và Tác chiến điện tử",Công an - Quân đội,2,2024,2024
7860226,Chỉ huy kỹ thuật Phòng không,"An ninh, Quốc phòng",22,2019,2023
7860226,Chỉ huy tham mưu Phòng không-không quân,"An ninh, Quốc phòng",4,2018,2018
7860228,Chỉ huy kỹ thuật Công binh,"An ninh, Quốc phòng",22,2019,2023
7860228,Ngành Chỉ huy kỹ thuật Công binh,Văn hóa - Chính trị - Khoa học Xã hội,2,2024,2024
7860228,Thí sinh Nam miền Bắc,"An ninh, Quốc phòng",2,2018,2018
7860228,Thí sinh Nam miền Nam,"An ninh, Quốc phòng",2,2018,2018
7860229,Chỉ huy kỹ thuật Hoá học,"An ninh, Quốc phòng",20,2019,2023
7860229,Ngành Chỉ huy Kỹ thuật hóa học,Văn hóa - Chính trị - Khoa học Xã hội,2,2024,2024
7860229,Thí sinh Nam miền Bắc,"An ninh, Quốc phòng",2,2018,2018
7860229,Thí sinh Nam miền Nam,"An ninh, Quốc phòng",2,2018,2018
7860231,Trinh sát kỹ thuật,"An ninh, Quốc phòng",24,2019,2023
7860231,Trinh sát kỹ thuật,Công an - Quân đội,2,2024,2024
7860231,Điều tra Trinh sát Kỹ thuật,"An ninh, Quốc phòng",4,2018,2018
7900101,Quản trị Doanh nghiệp và Công nghệ,Kinh tế - Quản trị kinh doanh - Thương Mại,4,2024,2024
7900101,Quản trị doanh nghiệp và công nghệ,Khác,28,2019,2023
7900102,Marketing và Truyền thông,Báo chí - Marketing - Quảng cáo - PR,4,2024,2024
7900102,Marketing và Truyền thông,Khác,16,2020,2023
7900103,Quản trị Nhân lực và Nhân tài,Nhân sự - Hành chính,4,2024,2024
7900103,Quản trị nhân lực,Kinh doanh và quản lý,12,2021,2023
7900189,Quản trị mạng và An ninh mạng,Máy tính và công nghệ thông tin,4,2021,2021
7900189,Quản trị và An ninh,Khác,8,2022,2023
7900189,Quản trị và An ninh,Kinh tế - Quản trị kinh doanh - Thương Mại,4,2024,2024
7900204,Quản trị đô thị thông minh và bền vững,Kiến trúc và xây dựng,12,2022,2023
7900204,Quản trị đô thị thông minh và bền vững,Xây dựng - Kiến trúc - Giao thông,6,2024,2024
7900205,Quản lý tài nguyên di sản,Kinh doanh và quản lý,1,2023,2023
7900205,Quản trị tài nguyên di sản,Tài nguyên - Môi trường,6,2024,2024
7903124,Kinh tế,Khoa học xã hội và hành vi,16,2019,2023
7903124,Kinh tế - Tài chính,Kinh tế - Quản trị kinh doanh - Thương Mại,4,2024,2024
7903124,Song ngành Kinh tế - Tài chính,Khác,28,2018,2023
7903124,Song ngành Kinh tế - Tài chính (CT tiên tiến),Kinh tế - Quản trị kinh doanh - Thương Mại,4,2024,2024
7904492,Khoa học & Quản lý môi trường,Khác,29,2018,2022
7904492,Khoa học và quản lý môi trường (Chương trình tiên tiến),Công nghệ thông tin - Tin học,4,2024,2024
7905206,Điện tử viễn thông,Kỹ thuật,14,2018,2022
7905218,Kỹ thuật cơ khí - Chương trình tiên tiến,Ô tô - Cơ khí - Chế tạo,4,2024,2024
7905228,Kỹ thuật điện,Kỹ thuật,24,2019,2023
7905228,Kỹ thuật điện - Chương trình tiên tiến,Điện lạnh - Điện tử - Điện - Tự động hóa,4,2024,2024
7905419,Công nghệ thực phẩm,Sản xuất và chế biến,64,2018,2022
7905419,Công nghệ thực phẩm (Chương trình tiên tiến),Công nghệ thông tin - Tin học,4,2024,2024
7906425,Kinh tế,"Nông, lâm nghiệp và thủy sản",20,2018,2020
7906425,Kinh tế nông nghiệp,"Nông, lâm nghiệp và thủy sản",13,2021,2022
7906425,Kinh tế nông nghiệp (Chương trình tiên tiến),Kinh tế - Quản trị kinh doanh - Thương Mại,4,2024,2024
7908532,Quản lý tài nguyên thiên nhiên,Môi trường và bảo vệ môi trường,24,2019,2021
801,Xuất bản,Báo chí và thông tin,24,2019,2023
801,"Xuất bản, chuyên ngành Biên tập xuất bản",Báo chí - Marketing - Quảng cáo - PR,4,2024,2024
802,Xuất bản,Báo chí và thông tin,24,2019,2023
802,"Xuất bản, chuyên ngành Xuất bản điện tử",Báo chí - Marketing - Quảng cáo - PR,4,2024,2024
A403,Quản lý kinh doanh & Marketing,Kinh tế - Quản trị kinh doanh - Thương Mại,4,2024,2024
A403,Quản lý kinh doanh và marketing,Kinh doanh và quản lý,4,2022,2022
A404,Quản lý kinh doanh TMĐT,Kinh tế - Quản trị kinh doanh - Thương Mại,4,2024,2024
A408,Kinh tế,Khoa học xã hội và hành vi,4,2022,2022
A408,Kinh tế Hàng hải,Kinh tế - Quản trị kinh doanh - Thương Mại,4,2024,2024
A409,Kinh doanh quốc tế & Logistics,Kinh tế - Quản trị kinh doanh - Thương Mại,4,2024,2024
A409,Kinh doanh quốc tế và logistics,Kinh doanh và quản lý,4,2022,2022
ACT01,Kế toán,Kinh doanh và quản lý,9,2023,2023
ACT01,Kế toán (Chương trình Chất lượng cao),Kế toán - Kiểm toán,4,2024,2024
ACT02,Kế toán,Kinh doanh và quản lý,17,2023,2023
ACT02,Kế toán,Kế toán - Kiểm toán,12,2024,2024
ACT03,Kế toán,Kinh doanh và quản lý,9,2023,2023
ACT03,"Kế toán (Liên kết với ĐH Sunderland, Anh quốc. Cấp song bằng)",Kế toán - Kiểm toán,4,2024,2024
ACT04,Kiểm toán,Kế toán - Kiểm toán,4,2024,2024
ASA,Cử nhân ISB ASEAN Co-op,Nhân sự - Hành chính,4,2024,2024
BA,Quản trị Kinh doanh,Kinh tế - Quản trị kinh doanh - Thương Mại,4,2024,2024
BANK01,Ngân hàng,Kinh doanh và quản lý,9,2023,2023
BANK01,Ngân hàng (Chương trình Chất lượng cao),Tài chính - Ngân hàng - Bảo hiểm,4,2024,2024
BANK02,Ngân hàng,Kinh doanh và quản lý,17,2023,2023
BANK02,Ngân hàng,Tài chính - Ngân hàng - Bảo hiểm,12,2024,2024
BANK03,Ngân hàng,Kinh doanh và quản lý,9,2023,2023
BANK03,Ngân hàng số,Tài chính - Ngân hàng - Bảo hiểm,4,2024,2024
BANK04,Ngân hàng,Kinh doanh và quản lý,5,2023,2023
BANK04,Tài chính,Kinh doanh và quản lý,4,2023,2023
BANK04,"Tài chính-Ngân hàng (Liên kết với ĐH Sunderland, Anh quốc. Cấp song bằng)",Tài chính - Ngân hàng - Bảo hiểm,4,2024,2024
BANK05,Ngân hàng,Kinh doanh và quản lý,9,2023,2023
BANK05,"Ngân hàng và Tài chính quốc té (Liên kết với ĐH Coventry, Anh quốc. Cấp song bằng)",Tài chính - Ngân hàng - Bảo hiểm,4,2024,2024
BANK06,Ngân hàng và Tài chính quốc tế (Chương trình Chất lượng cao),Tài chính - Ngân hàng - Bảo hiểm,4,2024,2024
BF-E12,Kỹ thuật Thực phẩm,Sản xuất và chế biến,13,2019,2023
BF-E12,Kỹ thuật Thực phẩm (CT tiên tiến),Công nghệ chế biến thực phẩm,3,2024,2024
BF-E12Y,Kỹ thuật Thực phẩm,Sản xuất và chế biến,3,2022,2022
BF-E19,Kỹ thuật Sinh học,Khoa học sự sống,4,2023,2023
BF-E19,Kỹ thuật sinh học (CT tiên tiến),Công nghệ sinh - Hóa,3,2024,2024
BF1,Kỹ thuật Sinh học,Công nghệ sinh - Hóa,3,2024,2024
BF1,Kỹ thuật Sinh học,Khoa học sự sống,16,2018,2023
BF1Y,Kỹ thuật Sinh học,Khoa học sự sống,3,2022,2022
BF2,Kỹ thuật Thực phẩm,Công nghệ chế biến thực phẩm,3,2024,2024
BF2,Kỹ thuật Thực phẩm,Sản xuất và chế biến,16,2018,2023
BF2Y,Kỹ thuật Thực phẩm,Sản xuất và chế biến,3,2022,2022
BI01,Công nghệ sinh học,Công nghệ sinh - Hóa,4,2024,2024
BIO1,Công nghệ sinh học,Khoa học sự sống,24,2020,2023
BUS01,Quản trị kinh doanh,Kinh doanh và quản lý,9,2023,2023
BUS01,Quản trị kinh doanh (Chương trình Chất lượng cao),Kinh tế - Quản trị kinh doanh - Thương Mại,4,2024,2024
BUS02,Quản trị kinh doanh,Kinh doanh và quản lý,9,2023,2023
BUS02,Quản trị kinh doanh,Kinh tế - Quản trị kinh doanh - Thương Mại,4,2024,2024
BUS03,Quản trị du lịch,Du lịch-Khách sạn,4,2024,2024
BUS03,Quản trị kinh doanh,"Du lịch, khách sạn, thể thao và dịch vụ cá nhân",9,2023,2023
BUS04,Quản trị kinh doanh,Kinh doanh và quản lý,9,2023,2023
BUS04,"Quản trị kinh doanh (Liên kết với ĐH CityU, Hoa kỳ. Cấp song bằng)",Kinh tế - Quản trị kinh doanh - Thương Mại,4,2024,2024
BUS05,Marketing,Kinh doanh và quản lý,4,2023,2023
BUS05,"Marketing số (Liên kết với ĐH Coventry, Anh quốc. Cấp một bằng của đối tác)",Báo chí - Marketing - Quảng cáo - PR,4,2024,2024
BUS05,Quản trị kinh doanh,Kinh doanh và quản lý,5,2023,2023
BUS06,Marketing số (Chương trình Chất lượng cao),Báo chí - Marketing - Quảng cáo - PR,4,2024,2024
C220201,Ngôn Ngữ Anh,Công an - Quân đội,1,2024,2024
C340101,Quản trị kinh doanh,Kinh tế - Quản trị kinh doanh - Thương Mại,2,2024,2024
C340201,Tài Chính ngân hàng,Tài chính - Ngân hàng - Bảo hiểm,2,2024,2024
C340301,Kế toán,Kế toán - Kiểm toán,2,2024,2024
C480202,Tin học ứng dụng,Toán học và thống kê,2,2024,2024
C510103,Công nghệ kỹ thuật xây dựng,Công nghệ thông tin - Tin học,1,2024,2024
C510202,Công nghệ chế tạo máy,Công nghệ thông tin - Tin học,1,2024,2024
C510301,"Công nghệ kỹ thuật điện, điện tử",Công nghệ thông tin - Tin học,1,2024,2024
C510303,Công nghệ kt điều khiển và tự động hóa,Công nghệ thông tin - Tin học,1,2024,2024
CH-E11,Kỹ thuật Hóa dược,Kỹ thuật,13,2019,2023
CH-E11,Kỹ thuật Hóa dược (CT tiên tiến),Y - Dược,3,2024,2024
CH-E11Y,Kỹ thuật Hóa dược,Sức khỏe,3,2022,2022
CH1,Kỹ thuật Hóa học,Công nghệ sinh - Hóa,3,2024,2024
CH1,Kỹ thuật hoá học,Kỹ thuật,16,2018,2023
CH1Y,Kỹ thuật hoá học,Kỹ thuật,3,2022,2022
CH2,Hoá học,Khoa học tự nhiên,16,2018,2023
CH2,Hóa học,Công nghệ sinh - Hóa,3,2024,2024
CH2Y,Hoá học,Khoa học tự nhiên,3,2022,2022
CH3,Kỹ thuật in,Kỹ thuật,18,2018,2023
CH3Y,Kỹ thuật in,Kỹ thuật,4,2022,2022
CHE1,Kỹ thuật hoá học,Kỹ thuật,24,2020,2023
CHE1,Kỹ thuật hóa học,Công nghệ sinh - Hóa,4,2024,2024
CHƯƠNGTRÌNHLIÊNKẾT2+2,Ngôn ngữ Anh,Nhân văn,3,2022,2022
CHƯƠNGTRÌNHLIÊNKẾT2+2,Ngôn ngữ Trung Quốc,Nhân văn,6,2022,2022
CHƯƠNGTRÌNHLIÊNKẾT2+2,Quan hệ quốc tế,Khoa học xã hội và hành vi,2,2022,2022
CHƯƠNGTRÌNHLIÊNKẾT2+2,Truyền thông đa phương tiện,Báo chí và thông tin,4,2022,2022
CM14,Hệ thống thông tin,Máy tính và công nghệ thông tin,2,2022,2022
CN1,Công nghệ thông tin,Công nghệ thông tin - Tin học,3,2024,2024
CN1,Công nghệ thông tin,Máy tính và công nghệ thông tin,20,2018,2023
CN10,Công nghệ nông nghiệp,"Nông, lâm nghiệp và thủy sản",12,2019,2023
CN10,Công nghệ nông nghiệp,Thủy sản - Lâm Nghiệp - Nông nghiệp,3,2024,2024
CN11,Kỹ thuật điều khiển và tự động hoá,Kỹ thuật,12,2019,2023
CN11,Kỹ thuật điều khiển và tự động hoá,Điện lạnh - Điện tử - Điện - Tự động hóa,3,2024,2024
CN12,Trí tuệ nhân tạo,Công nghệ thông tin - Tin học,3,2024,2024
CN12,Trí tuệ nhân tạo,Máy tính và công nghệ thông tin,6,2022,2023
CN13,Công nghệ kỹ thuật năng lượng,Công nghệ kỹ thuật,4,2022,2023
CN13,Kỹ thuật năng lượng,Điện lạnh - Điện tử - Điện - Tự động hóa,3,2024,2024
CN14,Hệ thống thông tin,Công nghệ thông tin - Tin học,3,2024,2024
CN14,Hệ thống thông tin,Máy tính và công nghệ thông tin,4,2022,2023
CN15,Mạng máy tính và Truyền thông dữ liệu,Máy tính và công nghệ thông tin,6,2022,2023
CN15,Mạng máy tính và truyền thông dữ liệu,Công nghệ thông tin - Tin học,3,2024,2024
CN16,Công nghệ thông tin,Máy tính và công nghệ thông tin,6,2022,2023
CN17,Kỹ thuật Robot,Điện lạnh - Điện tử - Điện - Tự động hóa,3,2024,2024
CN17,Máy tính và Robot,Máy tính và công nghệ thông tin,4,2022,2023
CN18,Thiết kế công nghiệp và đồ họa,Thiết kế đồ họa - Game - Đa phương tiện,3,2024,2024
CN2,Kỹ thuật máy tính,Công nghệ thông tin - Tin học,3,2024,2024
CN2,Kỹ thuật máy tính,Máy tính và công nghệ thông tin,8,2021,2023
CN2,Máy tính và Robot,Máy tính và công nghệ thông tin,14,2018,2022
CN3,Công nghệ kỹ thuật năng lượng,Kỹ thuật,4,2021,2022
CN3,Vật lý kỹ thuật,Kỹ thuật,18,2018,2023
CN3,Vật lý kỹ thuật,Ô tô - Cơ khí - Chế tạo,3,2024,2024
CN4,Cơ Kỹ thuật,Kỹ thuật,18,2018,2023
CN4,Cơ kỹ thuật,Ô tô - Cơ khí - Chế tạo,3,2024,2024
CN5,Công nghệ kỹ thuật xây dựng,Công nghệ kỹ thuật,18,2018,2023
CN5,Công nghệ kỹ thuật xây dựng,Xây dựng - Kiến trúc - Giao thông,3,2024,2024
CN6,Công nghệ kỹ thuật cơ điện tử,Công nghệ kỹ thuật,18,2018,2023
CN6,Công nghệ kỹ thuật cơ – điện tử,Ô tô - Cơ khí - Chế tạo,3,2024,2024
CN7,Công nghệ Hàng không vũ trụ,Kỹ thuật,18,2018,2023
CN7,Công nghệ hàng không vũ trụ,Công an - Quân đội,3,2024,2024
CN8,Công nghệ thông tin,Kiến trúc và xây dựng,4,2019,2020
CN8,Hệ thống thông tin,Máy tính và công nghệ thông tin,2,2021,2021
CN8,Khoa học máy tính,Công nghệ thông tin - Tin học,3,2024,2024
CN8,Khoa học máy tính,Máy tính và công nghệ thông tin,8,2021,2023
CN8,Kỹ thuật xây dựng,Kiến trúc và xây dựng,6,2018,2018
CN8,Mạng máy tính và Truyền thông dữ liệu,Máy tính và công nghệ thông tin,2,2021,2021
CN9,Công nghệ kỹ thuật điện tử - viễn thông,Công nghệ kỹ thuật,18,2018,2023
CN9,Công nghệ kỹ thuật điện tử – viễn thông,Công nghệ thông tin - Tin học,3,2024,2024
CS,Khoa học Máy tính,Công nghệ thông tin - Tin học,4,2024,2024
CT1,Ngân hàng,Kinh doanh và quản lý,4,2021,2021
CT2,Tài chính công,Kinh doanh và quản lý,4,2021,2021
CT3,Tài chính doanh nghiệp,Kinh doanh và quản lý,4,2021,2021
D101,Điều khiển tàu biển,Dịch vụ vận tải,8,2022,2022
D101,Điều khiển tàu biển,Hàng hải - Thủy lợi - Thời tiết,4,2024,2024
D102,Khai thác máy tàu biển,Hàng hải - Thủy lợi - Thời tiết,4,2024,2024
D102,Khai thác máy tàu biển,Kỹ thuật,8,2022,2022
D103,Điện tự động giao thông vận tải,Công nghệ kỹ thuật,8,2022,2022
D103,Điện tự động giao thông vận tải,Điện lạnh - Điện tử - Điện - Tự động hóa,4,2024,2024
D104,Điện tử viễn thông,Công nghệ kỹ thuật,8,2022,2022
D104,Điện tử viễn thông,Công nghệ thông tin - Tin học,4,2024,2024
D105,Điện tự động công nghiệp,Kỹ thuật,8,2022,2022
D105,Điện tự động công nghiệp,Điện lạnh - Điện tử - Điện - Tự động hóa,4,2024,2024
D106,Máy tàu thủy,Kỹ thuật,8,2022,2022
D106,Máy tàu thủy,Thủy sản - Lâm Nghiệp - Nông nghiệp,4,2024,2024
D107,Thiết kế tàu & công trình ngoài khơi,Hàng hải - Thủy lợi - Thời tiết,4,2024,2024
D107,Thiết kế tàu và công trình ngoài khơi,Kỹ thuật,8,2022,2022
D108,Đóng tàu & công trình ngoài khơi,Hàng hải - Thủy lợi - Thời tiết,4,2024,2024
D108,Đóng tàu và công trình ngoài khơi,Kỹ thuật,8,2022,2022
D109,Máy & tự động hóa xếp dỡ,Ô tô - Cơ khí - Chế tạo,4,2024,2024
D109,Máy và tự động hóa xếp dỡ,Kỹ thuật,8,2022,2022
D110,Xây dựng công trình thủy,Kiến trúc và xây dựng,8,2022,2022
D110,Xây dựng công trình thủy,Xây dựng - Kiến trúc - Giao thông,4,2024,2024
D111,Kỹ thuật an toàn hàng hải,Hàng hải - Thủy lợi - Thời tiết,4,2024,2024
D111,Kỹ thuật an toàn hàng hải,Kỹ thuật,8,2022,2022
D112,Xây dựng dân dụng & công nghiệp,Xây dựng - Kiến trúc - Giao thông,4,2024,2024
D112,Xây dựng dân dụng và công nghiệp,Công nghệ kỹ thuật,8,2022,2022
D113,Công trình giao thông & cơ sở hạ tầng,Xây dựng - Kiến trúc - Giao thông,4,2024,2024
D113,Công trình giao thông và cơ sở hạ tầng,Kiến trúc và xây dựng,8,2022,2022
D114,Công nghệ thông tin,Công nghệ thông tin - Tin học,4,2024,2024
D114,Công nghệ thông tin,Máy tính và công nghệ thông tin,8,2022,2022
D115,Kỹ thuật môi trường,Kỹ thuật,8,2022,2022
D115,Kỹ thuật môi trường,Tài nguyên - Môi trường,4,2024,2024
D116,Kỹ thuật cơ khí,Kỹ thuật,8,2022,2022
D116,Kỹ thuật cơ khí,Ô tô - Cơ khí - Chế tạo,4,2024,2024
D117,Kỹ thuật cơ điện tử,Kỹ thuật,8,2022,2022
D117,Kỹ thuật cơ điện tử,Ô tô - Cơ khí - Chế tạo,4,2024,2024
D118,Công nghệ phần mềm,Công nghệ thông tin - Tin học,4,2024,2024
D118,Công nghệ phần mềm,Máy tính và công nghệ thông tin,8,2022,2022
D119,Kỹ thuật truyền thông & mạng máy tính,Công nghệ thông tin - Tin học,4,2024,2024
D119,Truyền thông và mạng máy tính,Báo chí và thông tin,8,2022,2022
D120,Luật,Pháp luật,4,2022,2022
D120,Luật hàng hải,Luật - Tòa án,4,2024,2024
D121,Tự động hóa hệ thống điện,Công nghệ kỹ thuật,8,2022,2022
D121,Tự động hóa hệ thống điện,Điện lạnh - Điện tử - Điện - Tự động hóa,4,2024,2024
D122,Kỹ thuật ô tô,Kỹ thuật,8,2022,2022
D122,Kỹ thuật ô tô,Ô tô - Cơ khí - Chế tạo,4,2024,2024
D123,Kỹ thuật nhiệt lạnh,Kỹ thuật,8,2022,2022
D123,Kỹ thuật nhiệt lạnh,Điện lạnh - Điện tử - Điện - Tự động hóa,4,2024,2024
D124,Tiếng Anh thương mại,Nhân văn,4,2022,2022
D124,Tiếng Anh thương mại (TA hệ số 2),Ngoại giao - Ngoại ngữ,4,2024,2024
D125,Ngôn ngữ Anh,Nhân văn,4,2022,2022
D125,Ngôn ngữ Anh (TA hệ số 2),Công an - Quân đội,4,2024,2024
D126,Kỹ thuật công nghệ hóa học,Công nghệ kỹ thuật,8,2022,2022
D126,Kỹ thuật công nghệ hóa học,Công nghệ sinh - Hóa,4,2024,2024
D127,Kiến trúc & nội thất,Xây dựng - Kiến trúc - Giao thông,4,2024,2024
D127,Kiến trúc và nội thất,Kiến trúc và xây dựng,8,2022,2022
D128,Máy & tự động công nghiệp,Ô tô - Cơ khí - Chế tạo,4,2024,2024
D128,Máy và tự động công nghiệp,Kỹ thuật,8,2022,2022
D129,Quản lý hàng hải,Dịch vụ vận tải,8,2022,2022
D129,Quản lý hàng hải,Hàng hải - Thủy lợi - Thời tiết,4,2024,2024
D130,Quản lý công trình xây dựng,Kiến trúc và xây dựng,8,2022,2022
D130,Quản lý công trình xây dựng,Xây dựng - Kiến trúc - Giao thông,4,2024,2024
D131,Quản lý kỹ thuật công nghiệp,Công nghệ kỹ thuật,8,2022,2022
D131,Quản lý kỹ thuật công nghiệp,Ô tô - Cơ khí - Chế tạo,4,2024,2024
D132,Luật kinh doanh,Luật - Tòa án,4,2024,2024
D401,Kinh tế,Khoa học xã hội và hành vi,4,2022,2022
D401,Kinh tế vận tải biển,Kinh tế - Quản trị kinh doanh - Thương Mại,4,2024,2024
D402,Kinh tế,Khoa học xã hội và hành vi,4,2022,2022
D402,Kinh tế ngoại thương,Kinh tế - Quản trị kinh doanh - Thương Mại,4,2024,2024
D403,Quản trị kinh doanh,Kinh doanh và quản lý,4,2022,2022
D403,Quản trị kinh doanh,Kinh tế - Quản trị kinh doanh - Thương Mại,4,2024,2024
D404,Quản trị tài chính kế toán,Kinh doanh và quản lý,4,2022,2022
D404,Quản trị tài chính kế toán,Kinh tế - Quản trị kinh doanh - Thương Mại,4,2024,2024
D407,Logistics & chuỗi cung ứng,Kinh tế - Quản trị kinh doanh - Thương Mại,4,2024,2024
D407,Logistics và Quản lý chuỗi cung ứng,Công nghệ kỹ thuật,4,2022,2022
D410,Kinh tế,Khoa học xã hội và hành vi,4,2022,2022
D410,Kinh tế vận tải thủy,Kinh tế - Quản trị kinh doanh - Thương Mại,4,2024,2024
D411,Quản trị tài chính ngân hàng,Kinh doanh và quản lý,4,2022,2022
D411,Quản trị tài chính ngân hàng,Tài chính - Ngân hàng - Bảo hiểm,4,2024,2024
D7310630Q,Việt Nam học (Chuyên ngành Du lịch và Quản lý du lịch) - Chương trình dự bị đại học bằng tiếng Anh,Văn hóa - Chính trị - Khoa học Xã hội,2,2024,2024
D7340101N,Quản trị kinh doanh (Chuyên ngành Quản trị nhà hàng - khách sạn) - Chương trình dự bị đại học bằng tiếng Anh,Kinh tế - Quản trị kinh doanh - Thương Mại,2,2024,2024
D7340115,Marketing - Chương trình dự bị đại học bằng tiếng Anh,Báo chí - Marketing - Quảng cáo - PR,2,2024,2024
D7340120,Kinh doanh quốc tế - Chương trình dự bị đại học bằng tiếng Anh,Kinh tế - Quản trị kinh doanh - Thương Mại,2,2024,2024
D7340201,Tài chính - Ngân hàng - Chương trình dự bị đại học bằng tiếng Anh,Tài chính - Ngân hàng - Bảo hiểm,2,2024,2024
D7340301,Kế toán (Chuyên ngành Kế toán quốc tế) - Chương trình dự bị đại học bằng tiếng Anh,Kế toán - Kiểm toán,2,2024,2024
D7420201,Công nghệ sinh học - Chương trình dự bị đại học bằng tiếng Anh,Công nghệ sinh - Hóa,2,2024,2024
D7480101,Khoa học máy tính - Chương trình dự bị đại học bằng tiếng Anh,Công nghệ thông tin - Tin học,2,2024,2024
D7480103,Kỹ thuật phần mềm - Chương trình dự bị đại học bằng tiếng Anh,Công nghệ thông tin - Tin học,2,2024,2024
D7520216,Kỹ thuật điều khiển và tự động hóa - Chương trình dự bị đại học bằng tiếng Anh,Điện lạnh - Điện tử - Điện - Tự động hóa,2,2024,2024
D7580201,Kỹ thuật xây dựng - Chương trình dự bị đại học bằng tiếng Anh,Xây dựng - Kiến trúc - Giao thông,2,2024,2024
DEN1,Răng - Hàm - Mặt,Sức khỏe,8,2023,2023
DEN1,Răng - Hàm - Mặt,Y - Dược,4,2024,2024
DK7340101E,Quản trị kinh doanh toàn cầu (đơn bằng 2+2) - Chương trình dự bị liên kết Đại học Emlyon (Pháp),Kinh tế - Quản trị kinh doanh - Thương Mại,2,2024,2024
DK7340101L,Quản trị kinh doanh (đơn bằng 3+1) – Chương trình dự bị liên kết Đại học Lunghwa (Đài Loan),Kinh tế - Quản trị kinh doanh - Thương Mại,2,2024,2024
DK7340101N,Quản trị nhà hàng - khách sạn (song bằng 2.5+1.5) - Chương trình dự bị liên kết Đại học Taylor's (Malaysia),Kinh tế - Quản trị kinh doanh - Thương Mại,2,2024,2024
DK7340120L,Kinh doanh quốc tế (song bằng 3+1) – Chương trình dự bị liên kết Đại học La Trobe (Úc),Kinh tế - Quản trị kinh doanh - Thương Mại,2,2024,2024
DK7340201M,"Kinh doanh (Tài chính, Kinh doanh quốc tế, Marketing, Kế toán, Quản trị nguồn nhân lực & Quan hệ lao động) (đơn bằng 2+1,5) - Chương trình dự bị liên kết Đại học Massey (New Zealand)",Kinh tế - Quản trị kinh doanh - Thương Mại,2,2024,2024
DK7340201X,Tài chính và kiểm soát (song bằng 3+1) - Chương trình dự bị liên kết Đại học Khoa học ứng dụng Saxion (Hà Lan),Tài chính - Ngân hàng - Bảo hiểm,2,2024,2024
DK7340301,"Kế toán (song bằng 3+1) - Chương trình dự bị liên kết Đại học West of England, Bristol (Vương quốc Anh)",Kế toán - Kiểm toán,2,2024,2024
DK7480101L,Công nghệ thông tin (song bằng 2+2) - Chương trình dự bị liên kết Đại học La Trobe (Úc),Công nghệ thông tin - Tin học,2,2024,2024
DK7520201,Kỹ thuật điện – điện tử (song bằng 2.5+1.5) - Chương trình dự bị liên kết Đại học Khoa học ứng dụng Saxion (Hà Lan),Điện lạnh - Điện tử - Điện - Tự động hóa,2,2024,2024
DK7580201,Kỹ thuật xây dựng (song bằng 2+2) - Chương trình dự bị liên kết Đại học La Trobe (Úc),Xây dựng - Kiến trúc - Giao thông,2,2024,2024
EBBA,Quản trị kinh doanh,Kinh doanh và quản lý,28,2018,2023
EBBA,Quản trị kinh doanh (E-BBA),Kinh tế - Quản trị kinh doanh - Thương Mại,4,2024,2024
EC,Công nghệ kỹ thuật Điện tử - Viễn thông,Công nghệ thông tin - Tin học,4,2024,2024
ECON01,Kinh tế,Khoa học xã hội và hành vi,9,2023,2023
ECON01,Kinh tế đầu tư,Kinh tế - Quản trị kinh doanh - Thương Mại,4,2024,2024
ECON02,Kinh tế đầu tư (Chương trình Chất lượng cao),Kinh tế - Quản trị kinh doanh - Thương Mại,4,2024,2024
ED2,Công nghệ Giáo dục,Công nghệ thông tin - Tin học,3,2024,2024
ED2,Công nghệ giáo dục,Khoa học giáo dục và đào tạo giáo viên,13,2019,2023
ED2Y,Công nghệ giáo dục,Khoa học giáo dục và đào tạo giáo viên,3,2022,2022
ED3,Quản lý giáo dục,Sư phạm - Giáo dục,3,2024,2024
EE-E18,Hệ thống điện và năng lượng tái tạo (CT tiên tiến),Điện lạnh - Điện tử - Điện - Tự động hóa,2,2024,2024
EE-E18,Năng lượng tái tạo,Kỹ thuật,5,2021,2023
EE-E18Y,Năng lượng tái tạo,Môi trường và bảo vệ môi trường,2,2022,2022
EE-E8,Kỹ thuật Điều khiển - Tự động hoá (CT tiên tiến),Điện lạnh - Điện tử - Điện - Tự động hóa,2,2024,2024
EE-E8,Kỹ thuật Điều khiển - Tự động hóa,Kỹ thuật,5,2021,2023
EE-E8,Điều khiển - Tự động hóa và Hệ thống điện,Kỹ thuật,8,2018,2020
EE-E8Y,Kỹ thuật Điều khiển - Tự động hóa,Kỹ thuật,2,2022,2022
EE-EP,Tin học công nghiệp,Kỹ thuật,10,2020,2023
EE-EP,Tin học công nghiệp và Tự động hóa (Chương trình Việt - Pháp PFIEV),Điện lạnh - Điện tử - Điện - Tự động hóa,3,2024,2024
EE-EPY,Tin học công nghiệp,Máy tính và công nghệ thông tin,3,2022,2022
EE1,Kỹ thuật điện,Kỹ thuật,11,2018,2023
EE1,Kỹ thuật điện,Điện lạnh - Điện tử - Điện - Tự động hóa,2,2024,2024
EE1Y,Kỹ thuật điện,Kỹ thuật,2,2022,2022
EE2,Kỹ thuật Điều khiển - Tự động hóa,Kỹ thuật,11,2018,2023
EE2,Kỹ thuật điều khiển - Tự động hóa,Điện lạnh - Điện tử - Điện - Tự động hóa,2,2024,2024
EEE-A1,Kỹ thuật điều khiển và tự động hoá,Kỹ thuật,8,2021,2022
EEE-A1,Robot và trí tuệ nhân tạo,Máy tính và công nghệ thông tin,4,2020,2020
EEE-AI,Kỹ thuật robot và Trí tuệ nhân tạo (Một số học phần Chuyên ngành học bằng tiếng Anh),Công nghệ thông tin - Tin học,4,2024,2024
EEE-AI,Robot và trí tuệ nhân tạo,Máy tính và công nghệ thông tin,12,2022,2023
EEE1,Kỹ thuật điều khiển và Tự động hóa,Điện lạnh - Điện tử - Điện - Tự động hóa,4,2024,2024
EEE1,Kỹ thuật điều khiển và tự động hoá,Kỹ thuật,24,2020,2023
EEE2,Kỹ thuật y sinh,Kỹ thuật,24,2020,2023
EEE2,Kỹ thuật y sinh (Điện tử y sinh),Công nghệ sinh - Hóa,4,2024,2024
EEE3,Kỹ thuật điện tử - viễn thông,Kỹ thuật,24,2020,2023
EEE3,Kỹ thuật điện tử - viễn thông (Hệ thống nhúng thông minh và Iot),Công nghệ thông tin - Tin học,4,2024,2024
EEE4,Kỹ thuật điện tử - viễn thông (thiết kế vi mạch bán dẫn),Công nghệ thông tin - Tin học,4,2024,2024
EM-E13,Phân tích kinh doanh,Kinh doanh và quản lý,10,2019,2023
EM-E13,Phân tích kinh doanh (CT tiên tiến),Kinh tế - Quản trị kinh doanh - Thương Mại,3,2024,2024
EM-E13Y,Phân tích kinh doanh,Kinh doanh và quản lý,2,2022,2022
EM-E14,Logistics và Quản lý chuỗi cung ứng,Công nghệ kỹ thuật,10,2020,2023
EM-E14,Logistics và Quản lý chuỗi cung ứng (CT tiên tiến),Kinh tế - Quản trị kinh doanh - Thương Mại,3,2024,2024
EM-E14Y,Logistics và Quản lý chuỗi cung ứng,Công nghệ kỹ thuật,3,2022,2022
EM-NU,Quản lý công nghiệp,Công nghệ kỹ thuật,8,2018,2019
EM-VUW,Quản trị kinh doanh,Kinh doanh và quản lý,12,2018,2020
EM1,Kinh tế,Công nghệ kỹ thuật,6,2018,2019
EM1,Kinh tế công nghiệp,Công nghệ kỹ thuật,6,2020,2021
EM1,Quản lý năng lượng,Công nghệ kỹ thuật,4,2023,2023
EM1,Quản lý năng lượng,Điện lạnh - Điện tử - Điện - Tự động hóa,3,2024,2024
EM1Y,Kinh tế công nghiệp,Công nghệ kỹ thuật,3,2022,2022
EM2,Quản lý Công nghiệp,Kinh tế - Quản trị kinh doanh - Thương Mại,3,2024,2024
EM2,Quản lý công nghiệp,Công nghệ kỹ thuật,16,2018,2023
EM2Y,Quản lý công nghiệp,Công nghệ kỹ thuật,3,2022,2022
EM3,Quản trị Kinh doanh,Kinh tế - Quản trị kinh doanh - Thương Mại,3,2024,2024
EM3,Quản trị kinh doanh,Kinh doanh và quản lý,17,2018,2023
EM3Y,Quản trị kinh doanh,Kinh doanh và quản lý,3,2022,2022
EM4,Kế toán,Kinh doanh và quản lý,16,2018,2023
EM4,Kế toán,Kế toán - Kiểm toán,3,2024,2024
EM4Y,Kế toán,Kinh doanh và quản lý,3,2022,2022
EM5,Tài chính - Ngân hàng,Kinh doanh và quản lý,16,2018,2023
EM5,Tài chính - Ngân hàng,Tài chính - Ngân hàng - Bảo hiểm,3,2024,2024
EM5Y,Tài chính - Ngân hàng,Kinh doanh và quản lý,3,2022,2022
ENV1,Khoa học môi trường,Khoa học tự nhiên,4,2021,2021
EP01,Khởi nghiệp và phát triển kinh doanh,Kinh doanh và quản lý,28,2018,2023
EP01,Khởi nghiệp và phát triển kinh doanh (BBAE)/ngành QTKD,Kinh tế - Quản trị kinh doanh - Thương Mại,4,2024,2024
EP02,Định phí Bảo hiểm & Quản trị rủi ro,Kinh doanh và quản lý,28,2018,2023
EP02,Định phí Bảo hiểm & Quản trị rủi ro (Actuary),Tài chính - Ngân hàng - Bảo hiểm,4,2024,2024
EP03,Khoa học dữ liệu,Toán và thống kê,24,2019,2023
EP03,Khoa học dữ liệu trong Kinh tế & Kinh doanh (DSEB),Công nghệ thông tin - Tin học,4,2024,2024
EP04,Kế toán,Kinh doanh và quản lý,24,2019,2023
EP04,Kế toán tích hợp chứng chỉ quốc tế (ICAEW CFAB),Kế toán - Kiểm toán,4,2024,2024
EP05,Kinh doanh số,Kinh doanh và quản lý,23,2019,2023
EP05,Kinh doanh số (E-BDB)/ngành QTKD,Kinh tế - Quản trị kinh doanh - Thương Mại,4,2024,2024
EP06,Phân tích kinh doanh,Kinh doanh và quản lý,24,2019,2023
EP06,Phân tích kinh doanh (BA)/ngành QTKD,Kinh tế - Quản trị kinh doanh - Thương Mại,4,2024,2024
EP07,Quản trị điều hành thông minh,Kinh doanh và quản lý,24,2019,2023
EP07,Quản trị điều hành thông minh (E-SOM)/ngành QTKD,Kinh tế - Quản trị kinh doanh - Thương Mại,4,2024,2024
EP08,Quản trị chất lượng và Đổi mới,Kinh doanh và quản lý,24,2019,2023
EP08,Quản trị chất lượng và Đổi mới (E-MQI)/ngành QTKD,Kinh tế - Quản trị kinh doanh - Thương Mại,4,2024,2024
EP09,Công nghệ tài chính,Kinh doanh và quản lý,24,2019,2023
EP09,Công nghệ tài chính (BFT)/ngành TC-NH,Tài chính - Ngân hàng - Bảo hiểm,4,2024,2024
EP10,Tài chính và Đầu tư (BFI)/ngành TC-NH,Tài chính - Ngân hàng - Bảo hiểm,4,2024,2024
EP10,Đầu tư tài chính,Kinh doanh và quản lý,24,2019,2023
EP11,Quản trị khách sạn,"Du lịch, khách sạn, thể thao và dịch vụ cá nhân",23,2019,2023
EP11,Quản trị khách sạn quốc tế (IHME),Du lịch-Khách sạn,4,2024,2024
EP12,Kiểm toán,Kinh doanh và quản lý,16,2021,2023
EP12,Kiểm toán tích hợp chứng chỉ quốc tế (ICAEW CFAB),Kế toán - Kiểm toán,4,2024,2024
EP13,Kinh tế,Khoa học xã hội và hành vi,15,2021,2023
EP13,Kinh tế tài chính (FE)/ngành Kinh tế,Kinh tế - Quản trị kinh doanh - Thương Mại,4,2024,2024
EP14,Logistics và Quản lý CCU tích hợp chứng chỉ Logistic quốc tế (LSIC),Kinh tế - Quản trị kinh doanh - Thương Mại,4,2024,2024
EP14,Logistics và Quản lý chuỗi cung ứng,Công nghệ kỹ thuật,16,2021,2023
EP15,Khoa học dữ liệu,Công nghệ thông tin - Tin học,4,2024,2024
EP16,Trí tuệ nhân tạo,Công nghệ thông tin - Tin học,4,2024,2024
EP17,Kỹ thuật phần mềm,Công nghệ thông tin - Tin học,4,2024,2024
EP18,Quản trị giải trí và sự kiện,Kinh tế - Quản trị kinh doanh - Thương Mại,4,2024,2024
EPMP,Quản lý công và Chính sách,Kinh doanh và quản lý,28,2018,2023
EPMP,Quản lý công và Chính sách (E-PMP)/ngành Kinh tế,Văn hóa - Chính trị - Khoa học Xã hội,4,2024,2024
ET-E16,Truyền thông số và Kỹ thuật đa phương tiện (CT tiên tiến),Báo chí - Marketing - Quảng cáo - PR,2,2024,2024
ET-E16,Truyền thông số và kỹ thuật đa phương tiện,Kỹ thuật,5,2021,2023
ET-E16Y,Truyền thông số và kỹ thuật đa phương tiện,Báo chí và thông tin,2,2022,2022
ET-E4,Kỹ thuật Điện tử - Viễn thông (CT tiên tiến),Công nghệ thông tin - Tin học,2,2024,2024
ET-E4,Kỹ thuật điện tử - viễn thông,Kỹ thuật,3,2023,2023
ET-E4,Điện tử viễn thông,Kỹ thuật,8,2018,2021
ET-E4Y,Điện tử viễn thông,Công nghệ kỹ thuật,2,2022,2022
ET-E5,Kỹ thuật Y sinh (CT tiên tiến),Công nghệ sinh - Hóa,2,2024,2024
ET-E5,Kỹ thuật y sinh,Kỹ thuật,11,2018,2023
ET-E5Y,Kỹ thuật y sinh,Kỹ thuật,2,2022,2022
ET-E9,Hệ thống nhúng thông minh và IoT,Kỹ thuật,12,2019,2023
ET-E9,Hệ thống nhúng thông minh và IoT (CT tiên tiến),Công nghệ thông tin - Tin học,3,2024,2024
ET-E9Y,Hệ thống nhúng thông minh và IoT,Máy tính và công nghệ thông tin,2,2022,2022
ET-LUH,Điện tử - Viễn thông - ĐH Leibniz Hannover (CHLB Đức),Công nghệ thông tin - Tin học,3,2024,2024
ET-LUH,Điện tử viễn thông,Kỹ thuật,15,2018,2023
ET-LUHY,Điện tử viễn thông,Công nghệ kỹ thuật,3,2022,2022
ET1,Kỹ thuật Điện tử - Viễn thông,Công nghệ thông tin - Tin học,2,2024,2024
ET1,Kỹ thuật điện tử - viễn thông,Kỹ thuật,11,2018,2023
ET1Y,Kỹ thuật điện tử - viễn thông,Kỹ thuật,2,2022,2022
ET2,Kỹ thuật Y sinh,Công nghệ sinh - Hóa,3,2024,2024
ET2,Kỹ thuật y sinh,Kỹ thuật,4,2023,2023
ET2Y,Kỹ thuật y sinh,Kỹ thuật,3,2022,2022
EV1,Kỹ thuật Môi trường,Tài nguyên - Môi trường,3,2024,2024
EV1,Kỹ thuật môi trường,Kỹ thuật,16,2018,2023
EV1Y,Kỹ thuật môi trường,Kỹ thuật,3,2022,2022
EV2,Quản lý Tài nguyên môi trường,Môi trường và bảo vệ môi trường,3,2021,2021
EV2,Quản lý Tài nguyên và Môi trường,Tài nguyên - Môi trường,3,2024,2024
EV2,Quản lý tài nguyên và môi trường,Môi trường và bảo vệ môi trường,4,2023,2023
EV2Y,Quản lý Tài nguyên môi trường,Môi trường và bảo vệ môi trường,3,2022,2022
F0S1,Đông phương học,Văn hóa - Chính trị - Khoa học Xã hội,4,2024,2024
F7210403,Thiết kế đồ họa,Nghệ thuật,2,2023,2023
F7210403,Thiết kế đồ họa - Chất lượng cao,Thiết kế đồ họa - Game - Đa phương tiện,4,2024,2024
F7220201,Ngôn ngữ Anh,Nhân văn,3,2021,2023
F7220201,Ngôn ngữ Anh - Chất lượng cao,Công an - Quân đội,2,2024,2024
F7310630Q,Việt Nam học,Khoa học xã hội và hành vi,3,2021,2023
F7310630Q,Việt Nam học (Chuyên ngành Du lịch và Quản lý du lịch) - Chất lượng cao,Văn hóa - Chính trị - Khoa học Xã hội,4,2024,2024
F7340101,Quản trị kinh doanh,Kinh doanh và quản lý,3,2021,2023
F7340101,Quản trị kinh doanh (Chuyên ngành Quản trị nguồn nhân lực) - Chất lượng cao,Kinh tế - Quản trị kinh doanh - Thương Mại,3,2024,2024
F7340101N,Quản trị kinh doanh,Kinh doanh và quản lý,3,2021,2023
F7340101N,Quản trị kinh doanh (Chuyên ngành Quản trị nhà hàng - khách sạn) - Chất lượng cao,Kinh tế - Quản trị kinh doanh - Thương Mại,3,2024,2024
F7340115,Marketing,Kinh doanh và quản lý,3,2021,2023
F7340115,Marketing - Chất lượng cao,Báo chí - Marketing - Quảng cáo - PR,3,2024,2024
F7340120,Kinh doanh quốc tế,Kinh doanh và quản lý,3,2021,2023
F7340120,Kinh doanh quốc tế - Chất lượng cao,Kinh tế - Quản trị kinh doanh - Thương Mại,3,2024,2024
F7340201,Tài chính - Ngân hàng,Kinh doanh và quản lý,3,2021,2023
F7340201,Tài chính - Ngân hàng - Chất lượng cao,Tài chính - Ngân hàng - Bảo hiểm,4,2024,2024
F7340301,Kế toán,Kinh doanh và quản lý,3,2021,2023
F7340301,Kế toán - Chất lượng cao,Kế toán - Kiểm toán,4,2024,2024
F7380101,Luật,Pháp luật,4,2021,2023
F7380101,Luật - Chất lượng cao,Công an - Quân đội,4,2024,2024
F7420201,Công nghệ sinh học,Khoa học sự sống,3,2021,2023
F7420201,Công nghệ sinh học - Chất lượng cao,Công nghệ sinh - Hóa,3,2024,2024
F7480101,Khoa học máy tính,Máy tính và công nghệ thông tin,3,2021,2023
F7480101,Khoa học máy tính - Chất lượng cao,Công nghệ thông tin - Tin học,3,2024,2024
F7480103,Kỹ thuật phần mềm,Máy tính và công nghệ thông tin,3,2021,2023
F7480103,Kỹ thuật phần mềm - Chất lượng cao,Công nghệ thông tin - Tin học,3,2024,2024
F7520201,Kỹ thuật điện,Kỹ thuật,3,2021,2023
F7520201,Kỹ thuật điện - Chất lượng cao,Điện lạnh - Điện tử - Điện - Tự động hóa,3,2024,2024
F7520207,Kỹ thuật điện tử - viễn thông,Kỹ thuật,3,2021,2023
F7520207,Kỹ thuật điện tử - viễn thông - Chất lượng cao,Công nghệ thông tin - Tin học,3,2024,2024
F7520216,Kỹ thuật điều khiển và tự động hoá,Kỹ thuật,3,2021,2023
F7520216,Kỹ thuật điều khiển và tự động hóa - Chất lượng cao,Điện lạnh - Điện tử - Điện - Tự động hóa,3,2024,2024
F7520301,Kỹ thuật hoá học,Kỹ thuật,4,2023,2023
F7520301,Kỹ thuật hóa học - Chất lượng cao,Công nghệ sinh - Hóa,3,2024,2024
F7580101,Kiến trúc,Kiến trúc và xây dựng,5,2023,2023
F7580101,Kiến trúc - Chất lượng cao,Xây dựng - Kiến trúc - Giao thông,4,2024,2024
F7580201,Kỹ thuật xây dựng,Kiến trúc và xây dựng,3,2021,2023
F7580201,Kỹ thuật xây dựng - Chất lượng cao,Xây dựng - Kiến trúc - Giao thông,3,2024,2024
FA7220201,Ngôn ngữ Anh,Nhân văn,2,2023,2023
FA7220201,Ngôn ngữ Anh - Chương trình đại học bằng tiếng Anh,Công an - Quân đội,2,2024,2024
FA7310630Q,Việt Nam học,Khoa học xã hội và hành vi,2,2023,2023
FA7310630Q,Việt Nam học (Chuyên ngành Du lịch và Quản lý du lịch) - Chương trình đại học bằng tiếng Anh,Văn hóa - Chính trị - Khoa học Xã hội,4,2024,2024
FA7340101N,Quản trị kinh doanh,Kinh doanh và quản lý,2,2023,2023
FA7340101N,Quản trị kinh doanh (Chuyên ngành Quản trị nhà hàng - khách sạn) - Chương trình đại học bằng tiếng Anh,Kinh tế - Quản trị kinh doanh - Thương Mại,4,2024,2024
FA7340115,Marketing,Kinh doanh và quản lý,2,2023,2023
FA7340115,Marketing - Chương trình đại học bằng tiếng Anh,Báo chí - Marketing - Quảng cáo - PR,4,2024,2024
FA7340120,Kinh doanh quốc tế,Kinh doanh và quản lý,3,2023,2023
FA7340120,Kinh doanh quốc tế - Chương trình đại học bằng tiếng Anh,Kinh tế - Quản trị kinh doanh - Thương Mại,4,2024,2024
FA7340201,Tài chính - Ngân hàng,Kinh doanh và quản lý,3,2023,2023
FA7340201,Tài chính - Ngân hàng - Chương trình đại học bằng tiếng Anh,Tài chính - Ngân hàng - Bảo hiểm,4,2024,2024
FA7340301,Kế toán,Kinh doanh và quản lý,2,2023,2023
FA7340301,Kế toán (Chuyên ngành Kế toán quốc tế) - Chương trình đại học bằng tiếng Anh,Kế toán - Kiểm toán,4,2024,2024
FA7420201,Công nghệ sinh học,Khoa học sự sống,2,2023,2023
FA7420201,Công nghệ sinh học - Chương trình đại học bằng tiếng Anh,Công nghệ sinh - Hóa,3,2024,2024
FA7480101,Khoa học máy tính,Máy tính và công nghệ thông tin,2,2023,2023
FA7480101,Khoa học máy tính - Chương trình đại học bằng tiếng Anh,Công nghệ thông tin - Tin học,4,2024,2024
FA7480103,Kỹ thuật phần mềm,Máy tính và công nghệ thông tin,2,2023,2023
FA7480103,Kỹ thuật phần mềm -Chương trình đại học bằng tiếng Anh,Công nghệ thông tin - Tin học,4,2024,2024
FA7520216,Kỹ thuật điều khiển và tự động hoá,Kỹ thuật,2,2023,2023
FA7520216,Kỹ thuật điều khiển và tự động hóa - Chương trình đại học bằng tiếng Anh,Điện lạnh - Điện tử - Điện - Tự động hóa,3,2024,2024
FA7580201,Kỹ thuật xây dựng,Kiến trúc và xây dựng,2,2023,2023
FA7580201,Kỹ thuật xây dựng - Chương trình đại học bằng tiếng Anh,Xây dựng - Kiến trúc - Giao thông,3,2024,2024
FBE1,Quản trị kinh doanh,Kinh doanh và quản lý,24,2020,2023
FBE1,Quản trị kinh doanh,Kinh tế - Quản trị kinh doanh - Thương Mại,4,2024,2024
FBE2,Kế toán,Kinh doanh và quản lý,24,2020,2023
FBE2,Kế toán,Kế toán - Kiểm toán,4,2024,2024
FBE3,Tài chính - Ngân hàng,Kinh doanh và quản lý,24,2020,2023
FBE3,Tài chính - Ngân hàng,Tài chính - Ngân hàng - Bảo hiểm,4,2024,2024
FBE4,Quản trị nhân lực,Kinh doanh và quản lý,20,2021,2023
FBE4,Quản trị nhân lực,Nhân sự - Hành chính,4,2024,2024
FBE5,Luật,Pháp luật,12,2022,2023
FBE5,Luật kinh tế,Luật - Tòa án,4,2024,2024
FBE6,Kinh doanh quốc tế,Kinh doanh và quản lý,16,2022,2023
FBE6,Kinh doanh quốc tế (các học phần chuyên ngành học bằng tiếng anh),Kinh tế - Quản trị kinh doanh - Thương Mại,4,2024,2024
FBE7,Logistics và Quản lý chuỗi cung ứng,Công nghệ kỹ thuật,8,2023,2023
FBE7,Logistics và quản lý chuỗi cung ứng (một số học phần chuyên ngành học bằng tiếng anh),Kinh tế - Quản trị kinh doanh - Thương Mại,4,2024,2024
FBE8,Marketing,Báo chí - Marketing - Quảng cáo - PR,4,2024,2024
FBE9,Công nghệ tài chính,Tài chính - Ngân hàng - Bảo hiểm,4,2024,2024
FBES,Luật,Pháp luật,8,2021,2022
FIDT1,Kinh tế số,Kinh tế - Quản trị kinh doanh - Thương Mại,4,2024,2024
FIDT2,Kinh doanh số,Kinh tế - Quản trị kinh doanh - Thương Mại,4,2024,2024
FIDT3,Thương mại điện tử,Kinh tế - Quản trị kinh doanh - Thương Mại,4,2024,2024
FIDT4,Logistics số,Ngoại thương - Xuất nhập khẩu - Kinh Tế quốc tế,4,2024,2024
FIDT5,Công nghệ marketing,Báo chí - Marketing - Quảng cáo - PR,4,2024,2024
FIN01,Tài chính,Kinh doanh và quản lý,9,2023,2023
FIN01,Tài chính (Chương trình Chất lượng cao),Tài chính - Ngân hàng - Bảo hiểm,4,2024,2024
FIN02,Tài chính,Kinh doanh và quản lý,17,2023,2023
FIN02,Tài chính,Tài chính - Ngân hàng - Bảo hiểm,12,2024,2024
FIN03,Công nghệ tài chính,Tài chính - Ngân hàng - Bảo hiểm,4,2024,2024
FIN03,Tài chính,Kinh doanh và quản lý,9,2023,2023
FL01,Ngôn ngữ Anh,Công an - Quân đội,4,2024,2024
FL01,Ngôn ngữ Anh,Nhân văn,9,2023,2023
FL1,Tiếng Anh KHKT và Công nghệ,Ngoại giao - Ngoại ngữ,1,2024,2024
FL1,Tiếng Anh Khoa học Kỹ thuật và Công nghệ,Nhân văn,2,2021,2023
FL1,Tiếng Anh Khoa học kỹ thuật và Công nghệ,Nhân văn,3,2018,2020
FL1Y,Tiếng Anh Khoa học Kỹ thuật và Công nghệ,Nhân văn,1,2022,2022
FL2,Tiếng Anh chuyên nghiệp quốc tế,Ngoại giao - Ngoại ngữ,1,2024,2024
FL2,Tiếng Anh chuyên nghiệp quốc tế,Nhân văn,5,2018,2023
FL2Y,Tiếng Anh chuyên nghiệp quốc tế,Nhân văn,1,2022,2022
FLC1,Ngôn ngữ Trung Quốc,Công an - Quân đội,4,2024,2024
FLC1,Ngôn ngữ Trung Quốc,Nhân văn,20,2021,2023
FLE1,Ngôn ngữ Anh,Công an - Quân đội,4,2024,2024
FLE1,Ngôn ngữ Anh,Nhân văn,24,2020,2023
FLF1,Ngôn ngữ Pháp,Ngoại giao - Ngoại ngữ,4,2024,2024
FLF1,Ngôn ngữ Pháp,Nhân văn,8,2023,2023
FLJ1,Ngôn ngữ Nhật,Ngoại giao - Ngoại ngữ,4,2024,2024
FLJ1,Ngôn ngữ Nhật,Nhân văn,16,2021,2023
FLK1,Ngôn ngữ Hàn Quốc,Ngoại giao - Ngoại ngữ,4,2024,2024
FLK1,Ngôn ngữ Hàn Quốc,Nhân văn,13,2022,2023
FOS1,Đông phương học,Khoa học xã hội và hành vi,8,2023,2023
FSP1,Vật lí,Khoa học tự nhiên,6,2022,2023
FTME,Y học cổ truyền,Y - Dược,4,2024,2024
FTS1,Du lịch,"Du lịch, khách sạn, thể thao và dịch vụ cá nhân",20,2021,2023
FTS1,Du lịch (định hướng quản trị du lịch),Du lịch-Khách sạn,4,2024,2024
FTS2,Quản trị khách sạn,"Du lịch, khách sạn, thể thao và dịch vụ cá nhân",20,2021,2023
FTS2,Quản trị khách sạn,Du lịch-Khách sạn,4,2024,2024
FTS3,Du lịch,"Du lịch, khách sạn, thể thao và dịch vụ cá nhân",16,2022,2023
FTS3,Kinh doanh du lịch số,Du lịch-Khách sạn,4,2024,2024
FTS4,Du lịch,"Du lịch, khách sạn, thể thao và dịch vụ cá nhân",16,2022,2023
FTS4,Hướng dẫn du lịch quốc tế,Du lịch-Khách sạn,4,2024,2024
GD,Thiết kế Đồ hoạ,Thiết kế đồ họa - Game - Đa phương tiện,4,2024,2024
GD1,Sư phạm Hóa học,Khoa học giáo dục và đào tạo giáo viên,4,2018,2018
GD1,Sư phạm Sinh học,Khoa học giáo dục và đào tạo giáo viên,4,2018,2018
GD1,Sư phạm Toán học,Khoa học giáo dục và đào tạo giáo viên,4,2018,2018
GD1,Sư phạm Toán và Khoa học Tự nhiên,Sư phạm - Giáo dục,4,2024,2024
GD1,Sư phạm Toán và Khoa học tự nhiên,Khoa học giáo dục và đào tạo giáo viên,16,2019,2023
GD1,Sư phạm Vật lý,Khoa học giáo dục và đào tạo giáo viên,4,2018,2018
GD2,Sư phạm Lịch sử,Khoa học giáo dục và đào tạo giáo viên,3,2018,2018
GD2,Sư phạm Ngữ văn,Khoa học giáo dục và đào tạo giáo viên,3,2018,2018
GD2,Sư phạm Ngữ văn và Lịch sử,Khoa học giáo dục và đào tạo giáo viên,16,2019,2023
GD2,"Sư phạm Ngữ văn, Lịch sử, Lịch sử và Địa lý",Sư phạm - Giáo dục,4,2024,2024
GD3,Khoa học Giáo dục và Khác,Sư phạm - Giáo dục,4,2024,2024
GD3,Khoa học giáo dục,Khoa học giáo dục và đào tạo giáo viên,8,2021,2023
GD3,Quản trị trường học,Khoa học giáo dục và đào tạo giáo viên,4,2018,2018
GD3,Sư phạm Toán và Khoa học tự nhiên,Khoa học giáo dục và đào tạo giáo viên,8,2019,2020
GD4,Giáo dục Tiểu học,Khoa học giáo dục và đào tạo giáo viên,12,2020,2023
GD4,Giáo dục tiểu học,Sư phạm - Giáo dục,4,2024,2024
GD5,Giáo dục Mầm non,Khoa học giáo dục và đào tạo giáo viên,12,2020,2023
GD5,Giáo dục mầm non,Sư phạm - Giáo dục,4,2024,2024
GHA-01,Kỹ thuật xây dựng,Kiến trúc và xây dựng,3,2018,2018
GHA-01,Kỹ thuật điều khiển và tự động hoá,Kỹ thuật,4,2019,2019
GHA-02,Kế toán,Kinh doanh và quản lý,4,2019,2019
GHA-02,Kỹ thuật xây dựng,Kiến trúc và xây dựng,3,2018,2018
GHA-03,Kinh tế,Khoa học xã hội và hành vi,4,2019,2019
GHA-03,Kỹ thuật xây dựng,Kiến trúc và xây dựng,3,2018,2018
GHA-04,Kỹ thuật xây dựng,Kiến trúc và xây dựng,3,2018,2018
GHA-04,Kỹ thuật điều khiển và tự động hoá,Kỹ thuật,4,2019,2019
GHA-05,Kinh tế,Khoa học xã hội và hành vi,4,2019,2019
GHA-05,Kỹ thuật xây dựng,Kiến trúc và xây dựng,3,2018,2018
GHA-06,Kỹ thuật xây dựng,Kiến trúc và xây dựng,3,2018,2018
GHA-06,Toán ứng dụng,Toán và thống kê,3,2019,2019
GHA-07,Công nghệ thông tin,Máy tính và công nghệ thông tin,3,2019,2019
GHA-07,Kỹ thuật xây dựng,Kiến trúc và xây dựng,3,2018,2018
GHA-08,Công nghệ kỹ thuật giao thông,Công nghệ kỹ thuật,4,2019,2019
GHA-08,Kỹ thuật xây dựng,Kiến trúc và xây dựng,3,2018,2018
GHA-09,Kỹ thuật môi trường,Kỹ thuật,4,2019,2019
GHA-09,Kỹ thuật xây dựng,Kiến trúc và xây dựng,3,2018,2018
GHA-10,Kỹ thuật cơ khí,Kỹ thuật,4,2019,2019
GHA-10,Kỹ thuật xây dựng,Kiến trúc và xây dựng,3,2018,2018
GHA-11,Kỹ thuật cơ điện tử,Kỹ thuật,4,2019,2019
GHA-11,Kỹ thuật xây dựng,Kiến trúc và xây dựng,3,2018,2018
GHA-12,Công nghệ Kỹ thuật Nhiệt (Cơ điện lạnh),Công nghệ kỹ thuật,4,2019,2019
GHA-12,Kỹ thuật xây dựng,Kiến trúc và xây dựng,3,2018,2018
GHA-13,Kỹ thuật cơ khí,Kỹ thuật,4,2019,2019
GHA-13,Quản lý xây dựng,Kiến trúc và xây dựng,3,2018,2018
GHA-14,Kỹ thuật xây dựng,Kiến trúc và xây dựng,3,2018,2018
GHA-14,Kỹ thuật điều khiển và tự động hoá,Kỹ thuật,4,2019,2019
GHA-15,Kỹ thuật xây dựng,Kiến trúc và xây dựng,4,2018,2018
GHA-15,Kỹ thuật ô tô,Kỹ thuật,4,2019,2019
GHA-16,Kỹ thuật cơ khí,Kỹ thuật,4,2018,2018
GHA-16,Kỹ thuật điện,Kỹ thuật,3,2019,2019
GHA-17,Kỹ thuật cơ khí,Kỹ thuật,4,2018,2018
GHA-17,Kỹ thuật điều khiển và tự động hoá,Kỹ thuật,3,2019,2019
GHA-18,Kỹ thuật xây dựng,Kiến trúc và xây dựng,2,2018,2018
GHA-18,Kỹ thuật điều khiển và tự động hoá,Kỹ thuật,3,2019,2019
GHA-19,Công nghệ Kỹ thuật Nhiệt (Cơ điện lạnh),Công nghệ kỹ thuật,2,2018,2018
GHA-19,Kỹ thuật điều khiển và tự động hoá,Kỹ thuật,4,2019,2019
GHA-20,Kỹ thuật xây dựng,Kiến trúc và xây dựng,4,2019,2019
GHA-20,Kỹ thuật điện tử - viễn thông,Kỹ thuật,3,2018,2018
GHA-21,Kỹ thuật xây dựng,Kiến trúc và xây dựng,4,2019,2019
GHA-21,Kỹ thuật điện,Kỹ thuật,3,2018,2018
GHA-22,Kỹ thuật xây dựng,Kiến trúc và xây dựng,4,2019,2019
GHA-22,Kỹ thuật điều khiển và tự động hoá,Kỹ thuật,3,2018,2018
GHA-23,Công nghệ thông tin,Máy tính và công nghệ thông tin,3,2018,2018
GHA-23,Kỹ thuật xây dựng,Kiến trúc và xây dựng,4,2019,2019
GHA-24,Kinh tế,Khoa học xã hội và hành vi,3,2018,2018
GHA-24,Kỹ thuật xây dựng,Kiến trúc và xây dựng,4,2019,2019
GHA-25,Kinh tế,Khoa học xã hội và hành vi,3,2018,2018
GHA-25,Kỹ thuật xây dựng,Kiến trúc và xây dựng,4,2019,2019
GHA-26,Khai thác vận tải,Dịch vụ vận tải,3,2018,2018
GHA-26,Kỹ thuật xây dựng,Kiến trúc và xây dựng,4,2019,2019
GHA-27,Kế toán,Kinh doanh và quản lý,3,2018,2018
GHA-27,Kỹ thuật điều khiển và tự động hoá,Kỹ thuật,4,2019,2019
GHA-28,Kinh tế,Khoa học xã hội và hành vi,7,2018,2019
GHA-29,Quản lý xây dựng,Kiến trúc và xây dựng,4,2019,2019
GHA-29,Quản trị kinh doanh,Kinh doanh và quản lý,3,2018,2018
GHA-30,Công nghệ kỹ thuật giao thông,Công nghệ kỹ thuật,3,2018,2018
GHA-30,Kỹ thuật xây dựng,Kiến trúc và xây dựng,4,2019,2019
GHA-31,Kỹ thuật môi trường,Kỹ thuật,3,2018,2018
GHA-31,Kỹ thuật xây dựng,Kiến trúc và xây dựng,4,2019,2019
GHA-32,Kỹ thuật xây dựng,Kiến trúc và xây dựng,4,2019,2019
GHA-33,Kỹ thuật xây dựng,Kiến trúc và xây dựng,7,2018,2019
GHA-34,Kinh tế,Khoa học xã hội và hành vi,3,2018,2018
GHA-34,Kỹ thuật xây dựng,Kiến trúc và xây dựng,4,2019,2019
GHA-35,Kinh tế,Khoa học xã hội và hành vi,4,2019,2019
GHA-35,Kế toán,Kinh doanh và quản lý,3,2018,2018
GHA-36,Kế toán,Kinh doanh và quản lý,4,2019,2019
GHA-36,Toán ứng dụng,Toán và thống kê,3,2018,2018
GSA-01,Kỹ thuật cơ khí,Kỹ thuật,3,2018,2018
GSA-01,"Nhóm ngành: Kỹ thuật cơ khí động lực, Kỹ thuật Cơ điện tử",Kỹ thuật,4,2019,2019
GSA-02,Kỹ thuật cơ khí,Kỹ thuật,1,2018,2018
GSA-02,Kỹ thuật ô tô,Kỹ thuật,4,2019,2019
GSA-03,Kỹ thuật điện,Kỹ thuật,7,2018,2019
GSA-04,Kỹ thuật điện tử - viễn thông,Kỹ thuật,7,2018,2019
GSA-05,Kỹ thuật điều khiển và tự động hoá,Kỹ thuật,7,2018,2019
GSA-06,Công nghệ thông tin,Máy tính và công nghệ thông tin,7,2018,2019
GSA-07,Kế toán,Kinh doanh và quản lý,8,2018,2019
GSA-08,Kinh tế,Khoa học xã hội và hành vi,8,2018,2019
GSA-09,Kinh tế,Khoa học xã hội và hành vi,8,2018,2019
GSA-10,Kinh tế,Khoa học xã hội và hành vi,8,2018,2019
GSA-11,Kỹ thuật xây dựng,Kiến trúc và xây dựng,7,2018,2019
GSA-12,Quản trị kinh doanh,Kinh doanh và quản lý,8,2018,2019
GSA-13,Khai thác vận tải,Dịch vụ vận tải,8,2018,2019
GSA-14,Kinh tế,Khoa học xã hội và hành vi,3,2018,2018
GSA-14,Kỹ thuật xây dựng,Kiến trúc và xây dựng,4,2019,2019
GSA-15,Kỹ thuật xây dựng,Kiến trúc và xây dựng,3,2018,2018
GSA-15,Quản lý xây dựng,Kiến trúc và xây dựng,4,2019,2019
GSA-16,Quản lý xây dựng,Kiến trúc và xây dựng,4,2018,2018
GTADCBG2,"Quản lý, khai thác và bảo trì đường cao tốc",Kinh tế - Quản trị kinh doanh - Thương Mại,4,2024,2024
GTADCBI2,Mô hình thông tin công trình (BIM) trong dự án HTGT,Y - Dược,4,2024,2024
GTADCCD1,CNKT XD Cầu đường bộ,Công nghệ thông tin - Tin học,4,2024,2024
GTADCCD1,Công nghệ kỹ thuật công trình xây dựng,Công nghệ kỹ thuật,9,2022,2023
GTADCCD121,Công nghệ kỹ thuật giao thông,Công nghệ kỹ thuật,4,2022,2022
GTADCCD2,Công nghệ kỹ thuật XD Cầu đường bộ,Công nghệ thông tin - Tin học,4,2024,2024
GTADCCD2,Công nghệ kỹ thuật giao thông,Công nghệ kỹ thuật,9,2022,2023
GTADCCD221,Công nghệ kỹ thuật giao thông,Công nghệ kỹ thuật,4,2022,2022
GTADCCD3,Công nghệ kỹ thuật công trình xây dựng,Công nghệ kỹ thuật,4,2022,2022
GTADCCD321,Công nghệ kỹ thuật giao thông,Công nghệ kỹ thuật,4,2022,2022
GTADCCH2,Công nghệ kỹ thuật giao thông,Công nghệ kỹ thuật,9,2022,2023
GTADCCH2,Hệ thống thông tin,Kinh tế - Quản trị kinh doanh - Thương Mại,4,2024,2024
GTADCCH221,Công nghệ kỹ thuật giao thông,Công nghệ kỹ thuật,4,2022,2022
GTADCCK2,Công nghệ kỹ thuật cơ khí,Công nghệ kỹ thuật,5,2023,2023
GTADCCM1,Công nghệ kỹ thuật cơ khí,Công nghệ kỹ thuật,4,2022,2022
GTADCCM121,Công nghệ kỹ thuật cơ khí,Công nghệ kỹ thuật,4,2022,2022
GTADCCM2,Công nghệ kỹ thuật cơ khí,Công nghệ kỹ thuật,4,2022,2022
GTADCCM221,Công nghệ kỹ thuật cơ khí,Công nghệ kỹ thuật,4,2022,2022
GTADCCN2,Công nghệ kỹ thuật cơ điện tử,Công nghệ kỹ thuật,9,2022,2023
GTADCCN2,Công nghệ kỹ thuật cơ điện tử,Công nghệ thông tin - Tin học,4,2024,2024
GTADCCN221,Công nghệ kỹ thuật cơ điện tử,Công nghệ kỹ thuật,4,2022,2022
GTADCCO2,Công nghệ kỹ thuật cơ điện tử,Công nghệ kỹ thuật,9,2022,2023
GTADCCO2,Công nghệ kỹ thuật cơ điện tử trên ô tô,Công nghệ thông tin - Tin học,4,2024,2024
GTADCCO221,Công nghệ kỹ thuật cơ điện tử,Công nghệ kỹ thuật,4,2022,2022
GTADCDD1,Công nghệ kỹ thuật công trình xây dựng,Công nghệ kỹ thuật,4,2022,2022
GTADCDD121,Công nghệ kỹ thuật công trình xây dựng,Công nghệ kỹ thuật,4,2022,2022
GTADCDD2,Công nghệ kỹ thuật công trình xây dựng,Công nghệ kỹ thuật,9,2022,2023
GTADCDD221,Công nghệ kỹ thuật công trình xây dựng,Công nghệ kỹ thuật,4,2022,2022
GTADCDD321,Công nghệ kỹ thuật công trình xây dựng,Công nghệ kỹ thuật,4,2022,2022
GTADCDM2,Công nghệ kỹ thuật cơ khí,Công nghệ kỹ thuật,4,2022,2022
GTADCDM221,Công nghệ kỹ thuật cơ khí,Công nghệ kỹ thuật,4,2022,2022
GTADCDT1,Công nghệ kỹ thuật điện tử - viễn thông,Công nghệ kỹ thuật,4,2022,2022
GTADCDT1,Công nghệ kỹ thuật điện tử - viễn thông,Công nghệ thông tin - Tin học,4,2024,2024
GTADCDT121,Công nghệ kỹ thuật điện tử - viễn thông,Công nghệ kỹ thuật,4,2022,2022
GTADCDT2,Công nghệ kỹ thuật ô tô,Công nghệ thông tin - Tin học,4,2024,2024
GTADCDT2,Công nghệ kỹ thuật điện tử - viễn thông,Công nghệ kỹ thuật,9,2022,2023
GTADCDT221,Công nghệ kỹ thuật điện tử - viễn thông,Công nghệ kỹ thuật,4,2022,2022
GTADCDX2,CNKT công trình XD dân dụng và công nghiệp,Công nghệ thông tin - Tin học,4,2024,2024
GTADCEN2,Ngôn ngữ Anh,Công an - Quân đội,4,2024,2024
GTADCGO2,Công nghệ kỹ thuật ô tô và giao thông thông minh,Công nghệ thông tin - Tin học,4,2024,2024
GTADCH2,Hải quan và Logistics,Báo chí - Marketing - Quảng cáo - PR,4,2024,2024
GTADCHL,Hải quan & Logistics,Công nghệ kỹ thuật,4,2023,2023
GTADCHL2,Hải quan & Logistics,Công nghệ kỹ thuật,1,2023,2023
GTADCHT2,Hệ thống thông tin,Máy tính và công nghệ thông tin,9,2022,2023
GTADCHT221,Hệ thống thông tin,Máy tính và công nghệ thông tin,4,2022,2022
GTADCIT2,Công nghệ thông tin (tăng cường tiếng Anh),Công nghệ thông tin - Tin học,4,2024,2024
GTADCKN2,Kiến trúc Nội thất,Kiến trúc và xây dựng,5,2023,2023
GTADCKN2,Kiến trúc nội thất,Xây dựng - Kiến trúc - Giao thông,4,2024,2024
GTADCKQ2,Xây dựng và quản lý hạ tầng đô thị,Xây dựng - Kiến trúc - Giao thông,4,2024,2024
GTADCKT1,Kế toán,Kinh doanh và quản lý,9,2022,2023
GTADCKT121,Kế toán,Kinh doanh và quản lý,4,2022,2022
GTADCKT2,Kế toán,Kinh doanh và quản lý,9,2022,2023
GTADCKT2,Kế toán doanh nghiệp,Kế toán - Kiểm toán,4,2024,2024
GTADCKT221,Kế toán,Kinh doanh và quản lý,4,2022,2022
GTADCKT321,Kế toán,Kinh doanh và quản lý,4,2022,2022
GTADCKTI,Kế toán doanh nghiệp,Kế toán - Kiểm toán,4,2024,2024
GTADCKX1,Kinh tế,Khoa học xã hội và hành vi,4,2022,2022
GTADCKX121,Kinh tế xây dựng,Kiến trúc và xây dựng,4,2022,2022
GTADCKX2,Kinh tế xây dựng,Kinh tế - Quản trị kinh doanh - Thương Mại,4,2024,2024
GTADCKX2,Kinh tế xây dựng,Kiến trúc và xây dựng,9,2022,2023
GTADCKX221,Kinh tế xây dựng,Kiến trúc và xây dựng,4,2022,2022
GTADCKX321,Kinh tế xây dựng,Kiến trúc và xây dựng,4,2022,2022
GTADCLA2,Luật,Công an - Quân đội,4,2024,2024
GTADCLG1,Logistics và Quản lý chuỗi cung ứng,Công nghệ kỹ thuật,4,2022,2022
GTADCLG121,Logistics và Quản lý chuỗi cung ứng,Công nghệ kỹ thuật,4,2022,2022
GTADCLG2,Logistics và Quản lý chuỗi cung ứng,Công nghệ kỹ thuật,9,2022,2023
GTADCLG2,Logistics và quản lý chuỗi cung ứng,Kinh tế - Quản trị kinh doanh - Thương Mại,4,2024,2024
GTADCLG221,Logistics và Quản lý chuỗi cung ứng,Công nghệ kỹ thuật,4,2022,2022
GTADCLH2,Logistics và Quản lý chuỗi cung ứng,Công nghệ kỹ thuật,9,2022,2023
GTADCLH2,Logistics và hạ tầng giao thông,Kinh tế - Quản trị kinh doanh - Thương Mại,4,2024,2024
GTADCLH221,Logistics và Quản lý chuỗi cung ứng,Công nghệ kỹ thuật,4,2022,2022
GTADCMN2,Công nghệ kỹ thuật môi trường,Công nghệ kỹ thuật,9,2022,2023
GTADCMN2,Công nghệ và quản lý môi trường,Công nghệ thông tin - Tin học,4,2024,2024
GTADCMN221,Công nghệ kỹ thuật môi trường,Công nghệ kỹ thuật,4,2022,2022
GTADCMT2,Công nghệ kỹ thuật cơ khí,Công nghệ kỹ thuật,4,2022,2022
GTADCMT221,Công nghệ kỹ thuật cơ khí,Công nghệ kỹ thuật,4,2022,2022
GTADCMX2,Công nghệ kỹ thuật cơ khí,Công nghệ kỹ thuật,4,2022,2022
GTADCMX221,Công nghệ kỹ thuật cơ khí,Công nghệ kỹ thuật,4,2022,2022
GTADCOG2,Công nghệ kỹ thuật ô tô,Công nghệ kỹ thuật,5,2023,2023
GTADCOT1,Công nghệ kỹ thuật ô tô,Công nghệ kỹ thuật,9,2022,2023
GTADCOT121,Công nghệ kỹ thuật ô tô,Công nghệ kỹ thuật,4,2022,2022
GTADCOT2,Công nghệ kỹ thuật ô tô,Công nghệ kỹ thuật,9,2022,2023
GTADCOT221,Công nghệ kỹ thuật ô tô,Công nghệ kỹ thuật,4,2022,2022
GTADCOT3,Công nghệ kỹ thuật ô tô,Công nghệ kỹ thuật,4,2022,2022
GTADCOT321,Công nghệ kỹ thuật ô tô,Công nghệ kỹ thuật,4,2022,2022
GTADCOTI,Công nghệ kỹ thuật Ô tô,Công nghệ thông tin - Tin học,4,2024,2024
GTADCQM2,Quản trị Marketing,Kinh tế - Quản trị kinh doanh - Thương Mại,4,2024,2024
GTADCQM2,Quản trị marketing,Kinh doanh và quản lý,9,2022,2023
GTADCQM221,Quản trị marketing,Kinh doanh và quản lý,4,2022,2022
GTADCQT2,Quản trị Doanh nghiệp,Kinh doanh và quản lý,9,2022,2023
GTADCQT2,Thanh tra và quản lý công trình giao thông,Mỹ thuật - Âm nhạc - Nghệ thuật,4,2024,2024
GTADCQT221,Quản trị kinh doanh,Kinh doanh và quản lý,4,2022,2022
GTADCQX2,Quản lý và điều hành vận tải đường sắt,Kinh tế - Quản trị kinh doanh - Thương Mại,4,2024,2024
GTADCQX2,Quản lý xây dựng,Kiến trúc và xây dựng,9,2022,2023
GTADCQX221,Quản lý xây dựng,Kiến trúc và xây dựng,4,2022,2022
GTADCSS2,CNKT xây dựng Đường sắt - Metro,Xây dựng - Kiến trúc - Giao thông,4,2024,2024
GTADCTD2,Thương mại điện tử,Kinh doanh và quản lý,9,2022,2023
GTADCTD2,Thương mại điện tử,Kinh tế - Quản trị kinh doanh - Thương Mại,4,2024,2024
GTADCTD221,Thương mại điện tử,Kinh doanh và quản lý,4,2022,2022
GTADCTG2,Công nghệ thông tin,Máy tính và công nghệ thông tin,9,2022,2023
GTADCTG2,Trí tuệ nhân tạo và giao thông thông minh,Nhân sự - Hành chính,4,2024,2024
GTADCTG221,Công nghệ thông tin,Máy tính và công nghệ thông tin,4,2022,2022
GTADCTM2,Mạng máy tính và Truyền thông dữ liệu,Máy tính và công nghệ thông tin,4,2022,2022
GTADCTM221,Mạng máy tính và Truyền thông dữ liệu,Máy tính và công nghệ thông tin,4,2022,2022
GTADCTN2,Tài chính - Ngân hàng,Kinh doanh và quản lý,9,2022,2023
GTADCTN2,Tài chính doanh nghiệp,Tài chính - Ngân hàng - Bảo hiểm,4,2024,2024
GTADCTN221,Tài chính - Ngân hàng,Kinh doanh và quản lý,4,2022,2022
GTADCTQ2,Công trình giao thông và cơ sở hạ tầng,Kiến trúc và xây dựng,5,2023,2023
GTADCTQ2,Quản trị doanh nghiệp,Kinh tế - Quản trị kinh doanh - Thương Mại,4,2024,2024
GTADCTT1,Công nghệ thông tin,Máy tính và công nghệ thông tin,9,2022,2023
GTADCTT121,Công nghệ thông tin,Máy tính và công nghệ thông tin,4,2022,2022
GTADCTT2,Công nghệ thông tin,Máy tính và công nghệ thông tin,9,2022,2023
GTADCTT221,Công nghệ thông tin,Máy tính và công nghệ thông tin,4,2022,2022
GTADCTTI,Công nghệ thông tin,Công nghệ thông tin - Tin học,4,2024,2024
GTADCVL2,Logistics và vận tải đa phương thức,Kinh tế - Quản trị kinh doanh - Thương Mại,4,2024,2024
GTADCVL2,Logistics và vận tải đa phương thức (TN),Công nghệ kỹ thuật,9,2022,2023
GTADCVL221,Khai thác vận tải,Dịch vụ vận tải,4,2022,2022
GTADCVM2,Công nghệ kỹ thuật vi mạch bán dẫn,Công nghệ thông tin - Tin học,4,2024,2024
GTADCXQ2,Xây dựng và quản lý hạ tầng đô thị,Kiến trúc và xây dựng,5,2023,2023
GTADKLG2,Logistics - Trường Đại học Tongmyong - Hàn Quốc cấp bằng,Kinh tế - Quản trị kinh doanh - Thương Mại,4,2024,2024
GTADKTT2,Công nghệ thông tin – ĐH Công nghệ thông tin và quản lý Ba Lan - UITM cấp bằng,Công nghệ thông tin - Tin học,4,2024,2024
GTADNCD2,"Công nghệ kỹ thuật xây dựng Cầu đường bộ (tăng cường tiếng Nhật, định hướng thực tập và làm việc tại Nhật Bản)",Công nghệ thông tin - Tin học,4,2024,2024
GTADNDT2,"Công nghệ kỹ thuật Điện tử - Viễn thông (tăng cường tiếng Nhật, định hướng thực tập và làm việc tại Nhật Bản)",Công nghệ thông tin - Tin học,4,2024,2024
GTADNLG2,"Logistics và quản lý chuỗi cung ứng (tăng cường tiếng Nhật, định hướng thực tập và làm việc tại Nhật Bản)",Kinh tế - Quản trị kinh doanh - Thương Mại,4,2024,2024
H105,Điện tự động công nghiệp,Kỹ thuật,8,2022,2022
H105,Điện tự động công nghiệp (CLC),Công nghệ thông tin - Tin học,4,2024,2024
H114,Công nghệ thông tin,Máy tính và công nghệ thông tin,8,2022,2022
H114,Công nghệ thông tin (CLC),Công nghệ thông tin - Tin học,4,2024,2024
H401,Kinh tế,Khoa học xã hội và hành vi,4,2022,2022
H401,Kinh tế vận tải biển (CLC),Kinh tế - Quản trị kinh doanh - Thương Mại,4,2024,2024
H402,Kinh tế,Khoa học xã hội và hành vi,4,2022,2022
H402,Kinh tế ngoại thương (CLC),Ngoại thương - Xuất nhập khẩu - Kinh Tế quốc tế,4,2024,2024
HE1,Công nghệ Kỹ thuật Nhiệt (Cơ điện lạnh),Kỹ thuật,8,2018,2021
HE1,Kỹ thuật Nhiệt,Điện lạnh - Điện tử - Điện - Tự động hóa,2,2024,2024
HE1,Kỹ thuật nhiệt,Kỹ thuật,3,2023,2023
HE1Y,Công nghệ Kỹ thuật Nhiệt (Cơ điện lạnh),Công nghệ kỹ thuật,2,2022,2022
HM1,Quản lý bệnh viện,Kinh tế - Quản trị kinh doanh - Thương Mại,4,2024,2024
HQT01,Quan hệ quốc tế,Báo chí - Marketing - Quảng cáo - PR,7,2024,2024
HQT01,Quan hệ quốc tế,Khoa học xã hội và hành vi,29,2022,2023
HQT01-03,Nhật Bản học,Khoa học xã hội và hành vi,7,2022,2023
HQT01-04,Trung Quốc học,Khoa học xã hội và hành vi,2,2022,2023
HQT02,Ngôn ngữ Anh,Công an - Quân đội,3,2024,2024
HQT02,Ngôn ngữ Anh,Nhân văn,17,2022,2023
HQT03,Kinh tế,Khoa học xã hội và hành vi,28,2022,2023
HQT03,Kinh tế quốc tế,Kinh tế - Quản trị kinh doanh - Thương Mại,7,2024,2024
HQT04,Luật,Pháp luật,36,2022,2023
HQT04,Luật quốc tế,Công an - Quân đội,7,2024,2024
HQT05,Truyền thông quốc tế,Báo chí - Marketing - Quảng cáo - PR,7,2024,2024
HQT05,Truyền thông quốc tế,Báo chí và thông tin,29,2022,2023
HQT06,Kinh doanh quốc tế,Kinh doanh và quản lý,24,2022,2023
HQT06,Kinh doanh quốc tế,Kinh tế - Quản trị kinh doanh - Thương Mại,7,2024,2024
HQT07,Luật,Pháp luật,22,2021,2023
HQT07,Luật thương mại quốc tế,Luật - Tòa án,7,2024,2024
HQT08-01,Hàn Quốc học,Khoa học xã hội và hành vi,20,2022,2023
HQT08-01,Hàn Quốc học,Văn hóa - Chính trị - Khoa học Xã hội,4,2024,2024
HQT08-02,Hoa Kỳ học,Khoa học xã hội và hành vi,20,2022,2023
HQT08-02,Hoa Kỳ học,Khác,4,2024,2024
HQT08-03,Nhật Bản học,Khoa học xã hội và hành vi,16,2022,2023
HQT08-03,Nhật Bản học,Văn hóa - Chính trị - Khoa học Xã hội,5,2024,2024
HQT08-04,Trung Quốc học,Khoa học xã hội và hành vi,21,2022,2023
HQT08-04,Trung Quốc học,Văn hóa - Chính trị - Khoa học Xã hội,5,2024,2024
HVN01,Công nghệ sinh học,Khoa học sự sống,6,2020,2021
HVN01,Khoa học cây trồng,"Nông, lâm nghiệp và thủy sản",8,2020,2022
HVN01,Kinh tế,Khoa học xã hội và hành vi,10,2020,2021
HVN01,Kinh tế nông nghiệp,"Nông, lâm nghiệp và thủy sản",2,2021,2021
HVN01,Quản trị kinh doanh,Kinh doanh và quản lý,6,2020,2021
HVN01,Thú y,Khác,4,2024,2024
HVN02,Bảo vệ thực vật,"Nông, lâm nghiệp và thủy sản",12,2020,2022
HVN02,Chăn nuôi thú y - thuỷ sản,Bác sĩ thú y,4,2024,2024
HVN02,Khoa học cây trồng,"Nông, lâm nghiệp và thủy sản",8,2020,2021
HVN02,Nông nghiệp,"Nông, lâm nghiệp và thủy sản",12,2020,2022
HVN03,Chăn nuôi,"Nông, lâm nghiệp và thủy sản",20,2020,2022
HVN03,Nông nghiệp sinh thái và Nông nghiệp đô thị,Thủy sản - Lâm Nghiệp - Nông nghiệp,4,2024,2024
HVN04,Công nghệ kỹ thuật cơ điện tử,Công nghệ kỹ thuật,12,2020,2022
HVN04,Công nghệ kỹ thuật ô tô và Cơ điện tử,Ô tô - Cơ khí - Chế tạo,4,2024,2024
HVN04,Kỹ thuật điều khiển và tự động hoá,Kỹ thuật,12,2020,2022
HVN04,Kỹ thuật điện,Kỹ thuật,12,2020,2022
HVN05,Công nghệ kỹ thuật ô tô,Công nghệ kỹ thuật,12,2020,2022
HVN05,Kỹ thuật cơ khí,Kỹ thuật,12,2020,2022
HVN05,Kỹ thuật cơ khí,Ô tô - Cơ khí - Chế tạo,4,2024,2024
HVN06,Công nghệ rau hoa quả và cảnh quan,"Nông, lâm nghiệp và thủy sản",12,2020,2022
HVN06,"Kỹ thuật điện, Điện tử và Tự động hoá",Điện lạnh - Điện tử - Điện - Tự động hóa,4,2024,2024
HVN07,Công nghệ sinh học,Khoa học sự sống,14,2020,2022
HVN07,Logistics và Quản lý chuỗi cung ứng,Kinh tế - Quản trị kinh doanh - Thương Mại,4,2024,2024
HVN08,Công nghệ thông tin,Máy tính và công nghệ thông tin,12,2020,2022
HVN08,Khoa học dữ liệu và Trí tuệ nhân tạo,Máy tính và công nghệ thông tin,8,2021,2022
HVN08,Mạng máy tính và Truyền thông dữ liệu,Máy tính và công nghệ thông tin,12,2020,2022
HVN08,"Quản trị kinh doanh, Thương mại và Du lịch",Kế toán - Kiểm toán,4,2024,2024
HVN09,Công nghệ sau thu hoạch,Sản xuất và chế biến,12,2020,2022
HVN09,Công nghệ sinh học và Công nghệ dược liệu,Công nghệ sinh - Hóa,4,2024,2024
HVN09,Công nghệ thực phẩm,Sản xuất và chế biến,12,2020,2022
HVN09,Công nghệ và kinh doanh thực phẩm,Sản xuất và chế biến,12,2020,2022
HVN10,Công nghệ thực phẩm và Chế biến,Công nghệ thông tin - Tin học,4,2024,2024
HVN10,Kế toán,Kinh doanh và quản lý,12,2020,2022
HVN10,Tài chính - Ngân hàng,Kinh doanh và quản lý,12,2020,2022
HVN11,Khoa học đất,"Nông, lâm nghiệp và thủy sản",12,2020,2022
HVN11,Kinh tế và Quản lý,Kinh tế - Quản trị kinh doanh - Thương Mại,4,2024,2024
HVN11,Phân bón và dinh dưỡng cây trồng,"Nông, lâm nghiệp và thủy sản",8,2020,2021
HVN12,Kinh tế,Khoa học xã hội và hành vi,26,2020,2022
HVN12,Kinh tế đầu tư,Khoa học xã hội và hành vi,8,2021,2022
HVN12,Quản lý kinh tế,Khoa học xã hội và hành vi,8,2021,2022
HVN12,Quản lý và phát triển nguồn nhân lực,Kinh doanh và quản lý,4,2021,2021
HVN12,Xã hội học,Văn hóa - Chính trị - Khoa học Xã hội,4,2024,2024
HVN13,Kinh tế,Khoa học xã hội và hành vi,4,2020,2020
HVN13,Kinh tế nông nghiệp,"Nông, lâm nghiệp và thủy sản",8,2021,2022
HVN13,Luật,Công an - Quân đội,4,2024,2024
HVN13,Phát triển nông thôn,"Nông, lâm nghiệp và thủy sản",8,2020,2021
HVN14,Công nghệ thông tin và Kỹ thuật số,Công nghệ thông tin - Tin học,4,2024,2024
HVN14,Luật,Pháp luật,12,2020,2022
HVN15,Khoa học môi trường,Khoa học tự nhiên,12,2020,2022
HVN15,"Quản lý đất đai, Bất động sản và Môi trường",Tài nguyên - Môi trường,4,2024,2024
HVN16,Công nghệ kỹ thuật hoá học,Công nghệ kỹ thuật,8,2020,2021
HVN16,Công nghệ kỹ thuật môi trường,Công nghệ kỹ thuật,12,2020,2022
HVN16,Khoa học môi trường,Tài nguyên - Môi trường,4,2024,2024
HVN17,Ngôn ngữ Anh,Công an - Quân đội,4,2024,2024
HVN17,Ngôn ngữ Anh,Nhân văn,12,2020,2022
HVN18,Nông nghiệp công nghệ cao,"Nông, lâm nghiệp và thủy sản",12,2020,2022
HVN18,Sư phạm công nghệ,Sư phạm - Giáo dục,4,2024,2024
HVN19,Bất động sản,Kinh doanh và quản lý,12,2020,2022
HVN19,Quản lý tài nguyên và môi trường,Môi trường và bảo vệ môi trường,12,2020,2022
HVN19,Quản lý đất đai,Môi trường và bảo vệ môi trường,12,2020,2022
HVN20,Quản lý và phát triển du lịch,Kinh doanh và quản lý,12,2020,2022
HVN20,Quản lý và phát triển nguồn nhân lực,Kinh doanh và quản lý,4,2022,2022
HVN20,Quản trị kinh doanh,Kinh doanh và quản lý,12,2020,2022
HVN20,Thương mại điện tử,Kinh doanh và quản lý,12,2020,2022
HVN21,Logistics và Quản lý chuỗi cung ứng,Công nghệ kỹ thuật,12,2020,2022
HVN21,Sư phạm công nghệ,Khoa học giáo dục và đào tạo giáo viên,12,2020,2022
HVN22,Sư phạm Kỹ thuật nông nghiệp,Khoa học giáo dục và đào tạo giáo viên,12,2020,2022
HVN23,Thú y,Thú y,12,2020,2022
HVN24,Bệnh học thủy sản,"Nông, lâm nghiệp và thủy sản",12,2020,2022
HVN24,Nuôi trồng thuỷ sản,"Nông, lâm nghiệp và thủy sản",12,2020,2022
HVN25,Xã hội học,Khoa học xã hội và hành vi,12,2020,2022
HỌCBẠ,Quản trị dịch vụ du lịch và lữ hành,"Du lịch, khách sạn, thể thao và dịch vụ cá nhân",1,2022,2022
IB01,Kinh doanh quốc tế,Kinh doanh và quản lý,9,2023,2023
IB01,Kinh doanh quốc tế,Kinh tế - Quản trị kinh doanh - Thương Mại,4,2024,2024
IB02,Kinh doanh quốc tế,Công nghệ kỹ thuật,9,2023,2023
IB02,Logistics và quản lý chuỗi cung ứng,Kinh tế - Quản trị kinh doanh - Thương Mại,4,2024,2024
IB03,Kinh doanh quốc tế,Kinh doanh và quản lý,9,2023,2023
IB03,"Kinh doanh quốc tế (Liên kết với ĐH Coventry, Anh quốc. Cấp song bằng)",Kinh tế - Quản trị kinh doanh - Thương Mại,4,2024,2024
IB04,Kinh doanh quốc tế (Chương trình Chất lượng cao),Kinh tế - Quản trị kinh doanh - Thương Mại,4,2024,2024
ICT-AI,Khoa học dữ liệu và Trí tuệ nhân tạo,Máy tính và công nghệ thông tin,12,2022,2023
ICT-AT,Khoa học máy tính,Máy tính và công nghệ thông tin,3,2021,2021
ICT-TN,Khoa học máy tính,Máy tính và công nghệ thông tin,12,2022,2023
ICT-TN,Tài năng khoa học máy tính,Công nghệ thông tin - Tin học,3,2024,2024
ICT-VJ,Công nghệ thông tin,Máy tính và công nghệ thông tin,20,2020,2023
ICT-VJ,Công nghệ thông tin Việt Nhật,Công nghệ thông tin - Tin học,4,2024,2024
ICT1,Công nghệ thông tin,Công nghệ thông tin - Tin học,3,2024,2024
ICT1,Công nghệ thông tin,Máy tính và công nghệ thông tin,22,2020,2023
ICT2,Kỹ thuật phần mềm,Máy tính và công nghệ thông tin,6,2023,2023
ICT2,Kỹ thuật phần mềm (một số học phần chuyên ngành học bằng tiếng anh),Công nghệ thông tin - Tin học,3,2024,2024
ICT3,Khoa học máy tính,Công nghệ thông tin - Tin học,3,2024,2024
ICT4,An toàn thông tin,Công nghệ thông tin - Tin học,3,2024,2024
ICT5,Trí tuệ nhân tạo,Công nghệ thông tin - Tin học,3,2024,2024
ISB,Cử nhân Tài năng ISB BBus,Nhân sự - Hành chính,4,2024,2024
IT,Công nghệ Thông tin,Công nghệ thông tin - Tin học,4,2024,2024
IT-E10,Khoa học dữ liệu và Trí tuệ nhân tạo,Máy tính và công nghệ thông tin,9,2019,2023
IT-E10,Khoa học dữ liệu và Trí tuệ nhân tạo (CT tiên tiến),Công nghệ thông tin - Tin học,2,2024,2024
IT-E15,An toàn không gian số,Máy tính và công nghệ thông tin,5,2021,2023
IT-E15,An toàn không gian số - Cyber security (CT tiên tiến),Công nghệ thông tin - Tin học,2,2024,2024
IT-E6,Công nghệ Thông tin (Việt – Nhật),Công nghệ thông tin - Tin học,3,2024,2024
IT-E6,Công nghệ thông tin,Máy tính và công nghệ thông tin,10,2018,2023
IT-E6Y,Công nghệ thông tin,Máy tính và công nghệ thông tin,3,2022,2022
IT-E7,Công nghệ Thông tin (Global ICT),Công nghệ thông tin - Tin học,2,2024,2024
IT-E7,Công nghệ thông tin,Máy tính và công nghệ thông tin,11,2018,2023
IT-EP,Công nghệ Thông tin (Việt-Pháp),Công nghệ thông tin - Tin học,3,2024,2024
IT-EP,Công nghệ thông tin,Máy tính và công nghệ thông tin,12,2020,2023
IT-GINP,Hệ thống thông tin,Máy tính và công nghệ thông tin,8,2018,2019
IT-LTU,Công nghệ thông tin,Máy tính và công nghệ thông tin,9,2018,2020
IT-VJ,Công nghệ Thông tin Việt - Nhật (ngành Công nghệ Thông tin),Công nghệ thông tin - Tin học,4,2024,2024
IT-VK,Công nghệ Thông tin Việt - Hàn (ngành Công nghệ Thông tin),Công nghệ thông tin - Tin học,4,2024,2024
IT-VUW,Công nghệ thông tin,Máy tính và công nghệ thông tin,9,2018,2020
IT01,Công nghệ thông tin,Công nghệ thông tin - Tin học,4,2024,2024
IT01,Công nghệ thông tin,Máy tính và công nghệ thông tin,9,2023,2023
IT1,CNTT: Khoa học Máy tính,Công nghệ thông tin - Tin học,2,2024,2024
IT1,Khoa học máy tính,Máy tính và công nghệ thông tin,5,2021,2023
IT1,Kinh doanh nông nghiệp,"Nông, lâm nghiệp và thủy sản",2,2020,2020
IT1,Kỹ thuật xây dựng,Kiến trúc và xây dựng,4,2018,2019
IT1,Kỹ thuật xây dựng,Máy tính và công nghệ thông tin,4,2018,2019
IT2,CNTT: Kỹ thuật Máy tính,Công nghệ thông tin - Tin học,2,2024,2024
IT2,Kỹ thuật máy tính,Máy tính và công nghệ thông tin,11,2018,2023
IT2Y,Kỹ thuật máy tính,Máy tính và công nghệ thông tin,2,2022,2022
JL,Ngôn ngữ Nhật,Ngoại giao - Ngoại ngữ,4,2024,2024
K7340101,Quản trị kinh doanh,Kinh doanh và quản lý,3,2023,2023
K7340101,Quản trị kinh doanh (song bằng 2+2) - Chương trình liên kết Đại học Kinh tế Praha (Cộng hòa Séc),Kinh tế - Quản trị kinh doanh - Thương Mại,4,2024,2024
K7340101E,Quản trị kinh doanh toàn cầu (đơn bằng 2+2) - Chương trình liên kết Đại học Emlyon (Pháp),Kinh tế - Quản trị kinh doanh - Thương Mại,4,2024,2024
K7340101L,Quản trị kinh doanh (đơn bằng 3+1) – Chương trình liên kết Đại học Lunghwa (Đài Loan),Kinh tế - Quản trị kinh doanh - Thương Mại,4,2024,2024
K7340101N,Quản trị nhà hàng - khách sạn (song bằng 2.5+1.5) - Chương trình liên kết Đại học Taylor's (Malaysia),Du lịch-Khách sạn,4,2024,2024
K7340101N,Quản trị nhà hàng khách sạn,"Du lịch, khách sạn, thể thao và dịch vụ cá nhân",3,2021,2023
K7340120L,Kinh doanh quốc tế,Kinh doanh và quản lý,3,2023,2023
K7340120L,Kinh doanh quốc tế (song bằng 3+1) – Chương trình liên kết Đại học La Trobe (Úc),Kinh tế - Quản trị kinh doanh - Thương Mại,4,2024,2024
K7340201M,"Kinh doanh (Tài chính, Kinh doanh quốc tế, Marketing. Kế toán, Quản trị nguồn nhân lực & Quan hệ lao động) (đơn bằng 2+1.5) - Chương trình liên kết Đại học Massey (New Zealand)",Kinh tế - Quản trị kinh doanh - Thương Mại,4,2024,2024
K7340201X,Tài chính và kiểm soát,Kinh doanh và quản lý,3,2023,2023
K7340201X,Tài chính và kiểm soát (song bằng 3+1) - Chương trình liên kết Đại học Khoa học ứng dụng Saxion (Hà Lan),Tài chính - Ngân hàng - Bảo hiểm,4,2024,2024
K7340301,Kế toán,Kinh doanh và quản lý,3,2023,2023
K7340301,Kế toán (song bằng 3+1) - Chương trình liên kết Đại học West of England. Bristol (Vương quốc Anh),Kế toán - Kiểm toán,4,2024,2024
K7480101L,Công nghệ thông tin,Máy tính và công nghệ thông tin,3,2023,2023
K7480101L,Công nghệ thông tin (song bằng 2+2) - Chương trình liên kết Đại học La Trobe (Úc),Công nghệ thông tin - Tin học,4,2024,2024
K7480101T,Khoa học máy tính,Máy tính và công nghệ thông tin,3,2023,2023
K7480101T,Khoa học máy tính (đơn bằng 2+2) - Chương trình liên kết Đại học Kỹ thuật Ostrava (Cộng hòa Séc),Công nghệ thông tin - Tin học,4,2024,2024
K7520201,Kỹ thuật điện – điện tử (song bằng 2.5+1.5) - Chương trình liên kết Đại học Khoa học ứng dụng Saxion (Hà Lan),Điện lạnh - Điện tử - Điện - Tự động hóa,3,2024,2024
K7520201,"Kỹ thuật điện, điện tử",Công nghệ kỹ thuật,3,2023,2023
K7580201,Kỹ thuật xây dựng,Kiến trúc và xây dựng,3,2023,2023
K7580201,Kỹ thuật xây dựng (song bằng 2+2) - Chương trình liên kết Đại học La Trobe (Úc),Xây dựng - Kiến trúc - Giao thông,3,2024,2024
KDQH1.1,Chương trình tiêu chuẩn Kinh doanh quốc tế,Kế toán - Kiểm toán,8,2024,2024
KDQH2.1,Chương trình CLC Kinh doanh quốc tế,Kế toán - Kiểm toán,8,2024,2024
KDQH2.2,Chương trình ĐHNNQT Logistics và Quản lý chuỗi cung ứng,Kế toán - Kiểm toán,8,2024,2024
KDQH2.3,Chương trình ĐHNNQT Kinh doanh quốc tế theo mô hình tiên tiến Nhật Bản,Kinh tế - Quản trị kinh doanh - Thương Mại,8,2024,2024
KDQH2.4,Chương trình ĐHNNQT Kinh doanh số,Kinh tế - Quản trị kinh doanh - Thương Mại,8,2024,2024
KDQH4.1,Chương trình tiên tiến i-Hons hợp tác với Đại học Queensland về Kinh doanh quốc tế và Phân tích dữ liệu kinh doanh,Kế toán - Kiểm toán,8,2024,2024
KHMH2.1,Chương trình ĐHNNQT Khoa học máy tính và dữ liệu trong kinh tế và kinh doanh,Công nghệ thông tin - Tin học,3,2024,2024
KL,Ngôn ngữ Hàn Quốc,Ngoại giao - Ngoại ngữ,4,2024,2024
KTA01,Nhóm ngành 1:,Kiến trúc và xây dựng,3,2018,2020
KTA01,Nhóm ngành 1: Kiến trúc,Kiến trúc và xây dựng,1,2018,2018
KTA02,Nhóm ngành 2:,Kiến trúc và xây dựng,3,2018,2020
KTA03,Nhóm ngành 3:,Kiến trúc và xây dựng,3,2018,2020
KTA04,Nhóm ngành 4:,Kiến trúc và xây dựng,3,2018,2020
KTA10,Nhóm ngành 10,Kiến trúc và xây dựng,3,2019,2019
KTA11,Nhóm ngành 11,Kiến trúc và xây dựng,3,2019,2019
KTCH2.1,Chương trình ĐHPTQT Kinh tế chính trị quốc tế,Kinh tế - Quản trị kinh doanh - Thương Mại,4,2024,2024
KTEH1.1,Chương trình tiêu chuẩn Kinh tế đối ngoại,Ngoại thương - Xuất nhập khẩu - Kinh Tế quốc tế,8,2024,2024
KTEH1.2,Chương trình tiêu chuẩn Thương mại quốc tế,Kế toán - Kiểm toán,8,2024,2024
KTEH2.1,Chương trình CLC Kinh tế đối ngoại,Kế toán - Kiểm toán,8,2024,2024
KTEH4.1,Chương trình tiên tiến Kinh tế đối ngoại,Kế toán - Kiểm toán,8,2024,2024
KTKH1.1,Chương trình tiêu chuẩn Kế toán - Kiểm toán,Kế toán - Kiểm toán,8,2024,2024
KTKH2.1,Chương trình ĐHNNQT Kế toán - Kiểm toán theo định hướng ACCA,Kế toán - Kiểm toán,8,2024,2024
KTKQ1.1,Chương trình tiêu chuẩn Kế toán - Kiểm toán,Kế toán - Kiểm toán,8,2024,2024
KTQH1.1,Chương trình tiêu chuẩn Kinh tế quốc tế,Kinh tế - Quản trị kinh doanh - Thương Mại,8,2024,2024
KTQH1.2,Chương trình tiêu chuẩn Kinh tế và Phát triển quốc tế,Ngoại thương - Xuất nhập khẩu - Kinh Tế quốc tế,8,2024,2024
KTQH2.1,Chương trình CLC Kinh tế quốc tế,Kế toán - Kiểm toán,8,2024,2024
LAW01,Luật,Pháp luật,9,2023,2023
LAW01,Luật kinh tế,Luật - Tòa án,4,2024,2024
LAW02,Luật,Pháp luật,9,2023,2023
LAW02,Luật kinh tế,Luật - Tòa án,4,2024,2024
LAWH1.1,Chương trình tiêu chuẩn Luật thương mại quốc tế,Luật - Tòa án,8,2024,2024
LAWH2.1,Chương trình ĐHNNQT Luật Kinh doanh quốc tế theo mô hình thực hành nghề nghiệp,Luật - Tòa án,8,2024,2024
ME-E1,Cơ điện tử,Kỹ thuật,4,2018,2019
ME-E1,Kỹ thuật Cơ điện tử (CT tiên tiến),Ô tô - Cơ khí - Chế tạo,2,2024,2024
ME-E1,Kỹ thuật cơ điện tử,Kỹ thuật,9,2020,2023
ME-E1Y,Kỹ thuật cơ điện tử,Kỹ thuật,2,2022,2022
ME-GU,Cơ khí - Chế tạo máy,Kỹ thuật,18,2018,2023
ME-GU,Cơ khí Chế tạo máy – hợp tác với trường ĐH Griffith (Úc),Ô tô - Cơ khí - Chế tạo,2,2024,2024
ME-GUY,Cơ khí - Chế tạo máy,Kỹ thuật,3,2022,2022
ME-LUH,Cơ điện tử,Kỹ thuật,13,2019,2023
ME-LUH,Cơ điện tử - hợp tác với ĐH Leibniz Hannover (CHLB Đức),Ô tô - Cơ khí - Chế tạo,3,2024,2024
ME-LUHY,Cơ điện tử,Kỹ thuật,3,2022,2022
ME-NUT,Cơ điện tử,Kỹ thuật,16,2018,2023
ME-NUT,Cơ điện tử - hợp tác với ĐHCN Nagaoka (Nhật Bản),Ô tô - Cơ khí - Chế tạo,3,2024,2024
ME-NUTY,Cơ điện tử,Kỹ thuật,3,2022,2022
ME1,Kỹ thuật Cơ điện tử,Ô tô - Cơ khí - Chế tạo,2,2024,2024
ME1,Kỹ thuật cơ điện tử,Kỹ thuật,11,2018,2023
ME1Y,Kỹ thuật cơ điện tử,Kỹ thuật,2,2022,2022
ME2,Kỹ thuật Cơ khí,Ô tô - Cơ khí - Chế tạo,2,2024,2024
ME2,Kỹ thuật cơ khí,Kỹ thuật,11,2018,2023
ME2Y,Kỹ thuật cơ khí,Kỹ thuật,2,2022,2022
MED1,Y khoa,Sức khỏe,16,2022,2023
MED1,Y khoa,Y - Dược,4,2024,2024
MEM1,Kỹ thuật cơ điện tử,Kỹ thuật,24,2020,2023
MEM1,Kỹ thuật cơ điện tử,Ô tô - Cơ khí - Chế tạo,4,2024,2024
MEM2,Kỹ thuật cơ khí,Kỹ thuật,20,2021,2023
MEM2,Kỹ thuật cơ khí,Ô tô - Cơ khí - Chế tạo,4,2024,2024
MHX15,Quản trị dịch vụ du lịch và lữ hành,"Du lịch, khách sạn, thể thao và dịch vụ cá nhân",2,2021,2021
MI1,Khoa học máy tính,Toán và thống kê,6,2018,2020
MI1,Khối ngành Toán - Tin học,Toán và thống kê,5,2021,2023
MI1,Toán - Tin,Kế toán - Kiểm toán,2,2024,2024
MI1Y,Khối ngành Toán - Tin học,Toán và thống kê,2,2022,2022
MI2,Hệ thống Thông tin quản lý,Kinh tế - Quản trị kinh doanh - Thương Mại,2,2024,2024
MI2,Hệ thống thông tin quản lý,Kinh doanh và quản lý,13,2018,2023
MIS01,Hệ thống thông tin quản lý,Kinh doanh và quản lý,9,2023,2023
MIS01,Hệ thống thông tin quản lý,Kinh tế - Quản trị kinh doanh - Thương Mại,4,2024,2024
MK,Marketing,Báo chí - Marketing - Quảng cáo - PR,4,2024,2024
MKTH2.1,Chương trình ĐHNNQT Marketing số,Báo chí - Marketing - Quảng cáo - PR,8,2024,2024
MS-E3,Khoa học kỹ thuật Vật liệu,Kỹ thuật,8,2018,2021
MS-E3,Khoa học và Kỹ thuật Vật liệu (CT tiên tiến),Công nghệ vật liệu,3,2024,2024
MS-E3,Kỹ thuật vật liệu,Kỹ thuật,7,2019,2023
MS-E3Y,Khoa học kỹ thuật Vật liệu,Kỹ thuật,3,2022,2022
MS1,Kỹ thuật Vật liệu,Công nghệ thông tin - Tin học,3,2024,2024
MS1,Kỹ thuật vật liệu,Kỹ thuật,15,2018,2023
MS1Y,Kỹ thuật vật liệu,Kỹ thuật,3,2022,2022
MS2,Kỹ thuật Vi điện tử và Công nghệ nano,Kỹ thuật,4,2023,2023
MS2,Kỹ thuật Vi điện tử và Công nghệ nano,Điện lạnh - Điện tử - Điện - Tự động hóa,3,2024,2024
MS3,Công nghệ vật liệu,Công nghệ kỹ thuật,4,2023,2023
MS3,Công nghệ vật liệu Polyme và Compozit,Công nghệ vật liệu,3,2024,2024
MS5,Kỹ thuật in,Công nghệ In - Giấy,3,2024,2024
MSE-AI,Công nghệ vật liệu thông minh,Máy tính và công nghệ thông tin,4,2021,2021
MSE-AI,Trí tuệ nhân tạo,Máy tính và công nghệ thông tin,16,2022,2023
MSE-AI,Vật liệu thông minh và trí tuệ nhân tạo,Công nghệ vật liệu,4,2024,2024
MSE-IC,Chip bán dẫn và công nghệ đóng gói,Công nghệ thông tin - Tin học,4,2024,2024
MSE1,Công nghệ vật liệu,Công nghệ kỹ thuật,8,2020,2021
MSE1,Vật liệu tiên tiến và Công nghệ nano,Công nghệ kỹ thuật,16,2022,2023
MSE1,Vật liệu tiên tiến và công nghệ nano,Công nghệ vật liệu,4,2024,2024
MTT1,Kỹ thuật xét nghiệm y học,Sức khỏe,24,2020,2023
MTT1,Kỹ thuật xét nghiệm y học,Y - Dược,4,2024,2024
N7210403,Thiết kế đồ họa,Thiết kế đồ họa - Game - Đa phương tiện,4,2024,2024
N7220201,Ngôn ngữ Anh,Công an - Quân đội,2,2024,2024
N7220201,Ngôn ngữ Anh,Nhân văn,2,2023,2023
N7310630,Việt Nam học,Khoa học xã hội và hành vi,2,2023,2023
N7310630,Việt Nam học (Chuyên ngành Du lịch và lữ hành),Văn hóa - Chính trị - Khoa học Xã hội,4,2024,2024
N7340101N,Quản trị kinh doanh,Kinh doanh và quản lý,2,2023,2023
N7340101N,Quản trị kinh doanh (Chuyên ngành Quản trị nhà hàng - khách sạn),Kinh tế - Quản trị kinh doanh - Thương Mại,3,2024,2024
N7340115,Marketing,Báo chí - Marketing - Quảng cáo - PR,3,2024,2024
N7340115,Marketing,Kinh doanh và quản lý,2,2023,2023
N7340301,Kế toán,Kinh doanh và quản lý,2,2023,2023
N7340301,Kế toán,Kế toán - Kiểm toán,4,2024,2024
N7380101,Luật,Công an - Quân đội,4,2024,2024
N7380101,Luật,Pháp luật,2,2023,2023
N7480101,Khoa học máy tính,Công nghệ thông tin - Tin học,3,2024,2024
N7480103,Kỹ thuật phần mềm,Công nghệ thông tin - Tin học,3,2024,2024
N7480103,Kỹ thuật phần mềm,Máy tính và công nghệ thông tin,2,2023,2023
NNAH1.1,Chương trình tiêu chuẩn Tiếng Anh Thương mại,Ngoại giao - Ngoại ngữ,1,2024,2024
NNAH2.1,Chương trình CLC Tiếng Anh Thương mại,Kế toán - Kiểm toán,1,2024,2024
NNNH1.1,Chương trình tiêu chuẩn Tiếng Nhật thương mại,Ngoại giao - Ngoại ngữ,2,2024,2024
NNNH2.1,Chương trình CLC ngành Tiếng Nhật thương mại,Kế toán - Kiểm toán,2,2024,2024
NNPH1.1,Chương trình tiêu chuẩn Tiếng Pháp thương mại,Ngoại giao - Ngoại ngữ,2,2024,2024
NNPH2.1,Chương trình CLC Tiếng Pháp thương mại,Kế toán - Kiểm toán,2,2024,2024
NNTH1.1,Chương trình tiêu chuẩn Tiếng Trung Thương mại,Ngoại giao - Ngoại ngữ,2,2024,2024
NNTH2.1,Chương trình CLC Tiếng Trung Thương mại,Kế toán - Kiểm toán,2,2024,2024
NTH01,"Nhóm ngành Kinh tế, Kinh tế quốc tế",Khoa học xã hội và hành vi,13,2018,2020
NTH01-01,Luật,Pháp luật,23,2021,2023
NTH01-01,Ngành Luật,Văn hóa - Chính trị - Khoa học Xã hội,8,2024,2024
NTH01-02,Ngành Kinh tế,Văn hóa - Chính trị - Khoa học Xã hội,8,2024,2024
NTH01-02,"Nhóm ngành Kinh tế, Kinh tế quốc tế",Khoa học xã hội và hành vi,44,2021,2023
NTH02,Kinh doanh quốc tế và Quản trị kinh doanh,Kinh doanh và quản lý,5,2018,2018
NTH02,Ngành Quản trị kinh doanh Ngành Kinh doanh quốc tế Ngành quản trị khách sạn Ngành Marketing,Văn hóa - Chính trị - Khoa học Xã hội,8,2024,2024
NTH02,Nhóm ngành Quản trị kinh doanh; Kinh doanh quốc tế; Quản trị khách sạn; Marketing,Kinh doanh và quản lý,33,2019,2023
NTH03,"Kế toán , Tài chính - Ngân hàng",Kinh doanh và quản lý,31,2018,2023
NTH03,Ngành Kế toán Ngành Tài chính - Ngân hàng,Văn hóa - Chính trị - Khoa học Xã hội,8,2024,2024
NTH04,Ngành Ngôn ngữ Anh,Văn hóa - Chính trị - Khoa học Xã hội,1,2024,2024
NTH04,Ngôn ngữ Anh,Nhân văn,6,2018,2023
NTH05,Ngành Ngôn ngữ Pháp,Văn hóa - Chính trị - Khoa học Xã hội,2,2024,2024
NTH05,Ngôn ngữ Pháp,Nhân văn,11,2018,2023
NTH06,Ngành Ngôn ngữ Trung,Văn hóa - Chính trị - Khoa học Xã hội,2,2024,2024
NTH06,Ngôn ngữ Trung Quốc,Nhân văn,12,2018,2023
NTH07,Ngành Ngôn ngữ Nhật,Văn hóa - Chính trị - Khoa học Xã hội,2,2024,2024
NTH07,Ngôn ngữ Nhật,Nhân văn,11,2018,2023
NTH08,"Kế toán , Tài chính - Ngân hàng",Kinh doanh và quản lý,4,2022,2022
NTH08,"Kế toán, Kinh doanh quốc tế",Kinh doanh và quản lý,4,2019,2019
NTH08,Nhóm ngành Quản trị kinh doanh; Kinh doanh quốc tế; Quản trị khách sạn; Marketing,Kinh doanh và quản lý,4,2022,2022
NTH09,Kinh tế,Khoa học xã hội và hành vi,4,2023,2023
NTH09,Ngành Kinh tế chính trị,Văn hóa - Chính trị - Khoa học Xã hội,4,2024,2024
NTH10,Ngành Khoa học máy tính,Văn hóa - Chính trị - Khoa học Xã hội,3,2024,2024
NTS01,Kinh tế,Khoa học xã hội và hành vi,25,2018,2023
NTS01,Ngành Kinh tế Ngành Quản trị kinh doanh,Văn hóa - Chính trị - Khoa học Xã hội,5,2024,2024
NTS02,"Kế toán , Tài chính - Ngân hàng",Kinh doanh và quản lý,23,2018,2023
NTS02,Ngành Tài chính - Ngân hàng Ngành Kế toán Ngành Kinh doanh quốc tế Ngành Marketing,Văn hóa - Chính trị - Khoa học Xã hội,5,2024,2024
NUR1,Điều dưỡng,Sức khỏe,24,2020,2023
NUR1,Điều dưỡng,Y - Dược,4,2024,2024
PFIEV,Chương trình tiên tiến ngành Hệ thống nhúng,Máy tính và công nghệ thông tin,2,2018,2018
PFIEV,Chương trình đào tạo kỹ sư chất lượng cao Việt - Pháp (PFIEV),Công nghệ thông tin - Tin học,2,2024,2024
PFIEV,Chương trình đào tạo kỹ sư chất lượng cao Việt-Pháp,Khác,17,2019,2023
PH1,Vật lý Kỹ thuật,Ô tô - Cơ khí - Chế tạo,2,2024,2024
PH1,Vật lý kỹ thuật,Kỹ thuật,11,2018,2023
PH1Y,Vật lý kỹ thuật,Kỹ thuật,2,2022,2022
PH2,Kỹ thuật Hạt nhân,Ô tô - Cơ khí - Chế tạo,3,2024,2024
PH2,Kỹ thuật hạt nhân,Kỹ thuật,18,2018,2023
PH3,Vật lý Y khoa,Y - Dược,3,2024,2024
PH3,Vật lý y khoa,Kỹ thuật,10,2021,2023
PHA1,Dược học,Sức khỏe,24,2020,2023
PHA1,Dược học,Y - Dược,4,2024,2024
POHE,Các chương trình định hướng ứng dụng,Khác,16,2018,2021
POHE1,Quản trị khách sạn,"Du lịch, khách sạn, thể thao và dịch vụ cá nhân",12,2022,2023
POHE1,Quản trị khách sạn,Du lịch-Khách sạn,4,2024,2024
POHE2,Quản trị dịch vụ du lịch và lữ hành,"Du lịch, khách sạn, thể thao và dịch vụ cá nhân",12,2022,2023
POHE2,Quản trị lữ hành,Du lịch-Khách sạn,4,2024,2024
POHE3,Marketing,Kinh doanh và quản lý,11,2022,2023
POHE3,Truyền thông Marketing,Báo chí - Marketing - Quảng cáo - PR,4,2024,2024
POHE4,Luật,Pháp luật,11,2022,2023
POHE4,Luật kinh doanh,Luật - Tòa án,4,2024,2024
POHE5,Quản trị kinh doanh,Kinh doanh và quản lý,11,2022,2023
POHE5,Quản trị kinh doanh thương mại,Kinh tế - Quản trị kinh doanh - Thương Mại,4,2024,2024
POHE6,Khoa học quản lý,Kinh doanh và quản lý,7,2022,2023
POHE6,Quản lý thị trường,Kinh doanh và quản lý,4,2023,2023
POHE6,Quản lý thị trường,Kinh tế - Quản trị kinh doanh - Thương Mại,4,2024,2024
POHE7,Nghiên cứu phát triển,Khoa học sự sống,7,2022,2023
POHE7,Thẩm định giá,Khác,4,2023,2023
POHE7,Thẩm định giá,Kinh tế - Quản trị kinh doanh - Thương Mại,4,2024,2024
QHE01,Kinh tế,Khoa học xã hội và hành vi,8,2018,2019
QHE40,Quản trị kinh doanh,Kinh doanh và quản lý,17,2018,2021
QHE41,Tài chính - Ngân hàng,Kinh doanh và quản lý,17,2018,2021
QHE42,Kế toán,Kinh doanh và quản lý,17,2018,2021
QHE43,Kinh tế,Khoa học xã hội và hành vi,17,2018,2021
QHE44,Kinh tế,Khoa học xã hội và hành vi,17,2018,2021
QHE45,Kinh tế,Khoa học xã hội và hành vi,9,2020,2021
QHE80,Quản trị kinh doanh,Kinh doanh và quản lý,16,2018,2021
QHE89,Quản trị kinh doanh,Kinh doanh và quản lý,4,2021,2021
QHQ01,Kinh doanh quốc tế,Kinh doanh và quản lý,26,2018,2021
QHQ01,Kinh doanh quốc tế,Kinh tế - Quản trị kinh doanh - Thương Mại,8,2024,2024
QHQ02,"Kế toán, Phân tích và Kiểm toán",Kinh doanh và quản lý,26,2018,2021
QHQ02,"Kế toán, Phân tích và Kiểm toán",Kế toán - Kiểm toán,8,2024,2024
QHQ03,Hệ thống thông tin quản lý,Kinh doanh và quản lý,26,2018,2021
QHQ03,Hệ thống thông tin quản lý,Kinh tế - Quản trị kinh doanh - Thương Mại,8,2024,2024
QHQ04,Tin học và Kỹ thuật máy tính,Công nghệ thông tin - Tin học,8,2024,2024
QHQ04,Tin học và kỹ thuật máy tính,Máy tính và công nghệ thông tin,26,2018,2021
QHQ05,Phân tích dữ liệu kinh doanh,Kinh doanh và quản lý,16,2019,2021
QHQ05,Phân tích dữ liệu kinh doanh,Kinh tế - Quản trị kinh doanh - Thương Mại,8,2024,2024
QHQ06,Marketing,Kinh doanh và quản lý,15,2020,2021
QHQ06,"Marketing (song bằng VNU-HELP, Malaysia)",Báo chí - Marketing - Quảng cáo - PR,8,2024,2024
QHQ07,Quản lý,Kinh doanh và quản lý,15,2020,2021
QHQ08,Tự động hóa hệ thống điện,Công nghệ kỹ thuật,8,2021,2021
QHQ08,Tự động hóa và Tin học (Kỹ sư),Điện lạnh - Điện tử - Điện - Tự động hóa,8,2024,2024
QHQ09,Ngôn ngữ Anh,Công an - Quân đội,4,2024,2024
QHQ09,Ngôn ngữ Anh,Nhân văn,8,2021,2021
QHQ10,Công nghệ thông tin ứng dụng,Công nghệ thông tin - Tin học,8,2024,2024
QHQ11,Công nghệ tài chính và kinh doanh số,Tài chính - Ngân hàng - Bảo hiểm,8,2024,2024
QHQ12,Kỹ thuật hệ thống công nghiệp và Logistics,Ô tô - Cơ khí - Chế tạo,8,2024,2024
QHT01,Toán học,Kế toán - Kiểm toán,4,2024,2024
QHT01,Toán học,Toán và thống kê,26,2018,2023
QHT02,Khoa học máy tính,Toán và thống kê,12,2018,2020
QHT02,Khối ngành Toán - Tin học,Toán và thống kê,15,2021,2023
QHT02,Toán tin,Toán học và thống kê,4,2024,2024
QHT03,Vật lí học,Khoa học tự nhiên,4,2018,2018
QHT03,Vật lý học,Khoa học tư nhiên khác,4,2024,2024
QHT03,Vật lý học,Khoa học tự nhiên,23,2019,2023
QHT04,Khoa học vật liệu,Công nghệ vật liệu,4,2024,2024
QHT04,Khoa học vật liệu,Khoa học tự nhiên,27,2018,2023
QHT05,Công nghệ kỹ thuật hạt nhân,Công nghệ kỹ thuật,27,2018,2023
QHT05,Công nghệ kỹ thuật hạt nhân,Hàng không - Vũ trụ - Hạt nhân,4,2024,2024
QHT06,Hoá học,Công nghệ sinh - Hóa,4,2024,2024
QHT06,Hoá học,Khoa học tự nhiên,21,2018,2023
QHT07,Công nghệ kỹ thuật hoá học,Công nghệ kỹ thuật,12,2018,2023
QHT07,Công nghệ kỹ thuật hoá học,Công nghệ sinh - Hóa,4,2024,2024
QHT08,Sinh học,Công nghệ sinh - Hóa,4,2024,2024
QHT08,Sinh học,Khoa học sự sống,27,2018,2023
QHT09,Công nghệ sinh học,Công nghệ sinh - Hóa,4,2024,2024
QHT09,Công nghệ sinh học,Khoa học sự sống,16,2018,2023
QHT10,Địa lý tự nhiên,Du lịch-Khách sạn,4,2024,2024
QHT10,Địa lý tự nhiên,Khoa học tự nhiên,27,2018,2023
QHT12,Quản lý đất đai,Môi trường và bảo vệ môi trường,27,2018,2023
QHT12,Quản lý đất đai,Tài nguyên - Môi trường,4,2024,2024
QHT13,Khoa học môi trường,Khoa học tự nhiên,27,2018,2023
QHT13,Khoa học môi trường,Tài nguyên - Môi trường,4,2024,2024
QHT14,Khoa học đất,"Nông, lâm nghiệp và thủy sản",4,2019,2019
QHT15,Công nghệ kỹ thuật môi trường,Công nghệ kỹ thuật,16,2018,2023
QHT15,Công nghệ kỹ thuật môi trường,Tài nguyên - Môi trường,4,2024,2024
QHT16,Khí tượng và khí hậu học,Hàng hải - Thủy lợi - Thời tiết,4,2024,2024
QHT16,Khí tượng và khí hậu học,Khoa học tự nhiên,27,2018,2023
QHT17,Hải dương học,Hàng hải - Thủy lợi - Thời tiết,4,2024,2024
QHT17,Hải dương học,Khoa học tự nhiên,27,2018,2023
QHT18,Địa chất học,Khoa học tự nhiên,27,2018,2023
QHT18,Địa chất học,Mỏ - Địa chất,4,2024,2024
QHT19,Kỹ thuật địa chất,Kỹ thuật,8,2018,2019
QHT20,Quản lý tài nguyên và môi trường,Môi trường và bảo vệ môi trường,27,2018,2023
QHT20,Quản lý tài nguyên và môi trường,Tài nguyên - Môi trường,4,2024,2024
QHT40,Máy tính và khoa học thông tin,Máy tính và công nghệ thông tin,17,2018,2021
QHT41,Hoá học,Khoa học tự nhiên,17,2018,2022
QHT42,Công nghệ kỹ thuật hoá học,Công nghệ kỹ thuật,18,2018,2023
QHT43,Hoá dược,Sức khỏe,21,2018,2023
QHT43,Hoá dược,Y - Dược,4,2024,2024
QHT44,Công nghệ sinh học,Khoa học sự sống,23,2018,2023
QHT45,Khoa học môi trường,Khoa học tự nhiên,12,2018,2020
QHT46,Công nghệ kỹ thuật môi trường,Công nghệ kỹ thuật,19,2019,2023
QHT81,Sinh dược học,Y - Dược,4,2024,2024
QHT81,Sinh học,Khoa học sự sống,4,2023,2023
QHT82,"Môi trường, sức khoẻ và an toàn",Tài nguyên - Môi trường,4,2024,2024
QHT82,"Quản lý an toàn, sức khỏe và môi trường",Môi trường và bảo vệ môi trường,4,2023,2023
QHT90,Máy tính và khoa học thông tin,Máy tính và công nghệ thông tin,8,2018,2019
QHT91,Khoa học thông tin địa không gian,Hàng không - Vũ trụ - Hạt nhân,4,2024,2024
QHT91,Khoa học thông tin địa không gian,Khác,27,2018,2023
QHT92,Tài nguyên và môi trường nước,Môi trường và bảo vệ môi trường,23,2019,2023
QHT92,Tài nguyên và môi trường nước,Tài nguyên - Môi trường,4,2024,2024
QHT93,Khoa học dữ liệu,Công nghệ thông tin - Tin học,4,2024,2024
QHT93,Khoa học dữ liệu,Toán và thống kê,19,2020,2023
QHT94,Kỹ thuật điện tử và tin học,Công nghệ thông tin - Tin học,4,2024,2024
QHT94,Kỹ thuật điện tử và tin học,Kỹ thuật,19,2020,2023
QHT95,Quản lí phát triển đô thị và bất động sản,Kiến trúc và xây dựng,19,2020,2023
QHT95,Quản lý phát triển đô thị và bất động sản,Xây dựng - Kiến trúc - Giao thông,4,2024,2024
QHT96,Khoa học và Công nghệ Thực phẩm,Sản xuất và chế biến,19,2020,2023
QHT96,Khoa học và công nghệ thực phẩm,Công nghệ chế biến thực phẩm,4,2024,2024
QHT97,Công nghệ quan trắc và giám sát tài nguyên môi trường,Môi trường và bảo vệ môi trường,19,2020,2023
QHT98,Khoa học máy tính và thông tin,Công nghệ thông tin - Tin học,4,2024,2024
QHT98,Máy tính và khoa học thông tin,Máy tính và công nghệ thông tin,10,2022,2023
QHX01,Báo chí,Báo chí - Marketing - Quảng cáo - PR,4,2024,2024
QHX01,Báo chí,Báo chí và thông tin,41,2018,2023
QHX02,Chính trị học,Khoa học xã hội và hành vi,34,2018,2023
QHX02,Chính trị học,Văn hóa - Chính trị - Khoa học Xã hội,5,2024,2024
QHX03,Công tác xã hội,Dịch vụ xã hội,29,2019,2023
QHX03,Công tác xã hội,Văn hóa - Chính trị - Khoa học Xã hội,4,2024,2024
QHX04,Đông Nam Á học,Khoa học xã hội và hành vi,21,2019,2023
QHX04,Đông Nam Á học,Văn hóa - Chính trị - Khoa học Xã hội,4,2024,2024
QHX05,Đông phương học,Khoa học xã hội và hành vi,26,2019,2023
QHX05,Đông phương học,Văn hóa - Chính trị - Khoa học Xã hội,4,2024,2024
QHX06,Hán Nôm,Nhân văn,31,2018,2023
QHX06,Hán Nôm,Văn hóa - Chính trị - Khoa học Xã hội,4,2024,2024
QHX07,Khoa học quản lý,Kinh doanh và quản lý,32,2019,2023
QHX07,Khoa học quản lý,Kinh tế - Quản trị kinh doanh - Thương Mại,4,2024,2024
QHX08,Lịch sử,Nhân văn,25,2018,2023
QHX08,Lịch sử,Văn hóa - Chính trị - Khoa học Xã hội,5,2024,2024
QHX09,Lưu trữ học,Báo chí và thông tin,31,2018,2023
QHX09,Lưu trữ học,Văn hóa - Chính trị - Khoa học Xã hội,5,2024,2024
QHX10,Ngôn ngữ học,Nhân văn,27,2019,2023
QHX10,Ngôn ngữ học,Văn hóa - Chính trị - Khoa học Xã hội,4,2024,2024
QHX11,Nhân học,Khoa học xã hội và hành vi,34,2018,2023
QHX11,Nhân học,Văn hóa - Chính trị - Khoa học Xã hội,5,2024,2024
QHX12,Nhật Bản học,Khoa học xã hội và hành vi,21,2019,2023
QHX12,Nhật Bản học,Văn hóa - Chính trị - Khoa học Xã hội,3,2024,2024
QHX13,Quan hệ công chúng,Báo chí - Marketing - Quảng cáo - PR,4,2024,2024
QHX13,Quan hệ công chúng,Báo chí và thông tin,27,2019,2023
QHX14,Quản lý thông tin,Báo chí và thông tin,27,2019,2023
QHX14,Quản lý thông tin,Công nghệ thông tin - Tin học,4,2024,2024
QHX15,Quản trị dịch vụ du lịch và lữ hành,"Du lịch, khách sạn, thể thao và dịch vụ cá nhân",8,2021,2023
QHX15,Quản trị dịch vụ du lịch và lữ hành,Du lịch-Khách sạn,4,2024,2024
QHX16,Quản trị khách sạn,"Du lịch, khách sạn, thể thao và dịch vụ cá nhân",19,2019,2023
QHX16,Quản trị khách sạn,Du lịch-Khách sạn,4,2024,2024
QHX17,Quản trị văn phòng,Kinh doanh và quản lý,32,2019,2023
QHX17,Quản trị văn phòng,Nhân sự - Hành chính,5,2024,2024
QHX18,Quốc tế học,Du lịch-Khách sạn,4,2024,2024
QHX18,Quốc tế học,Khoa học xã hội và hành vi,33,2019,2023
QHX19,Tâm lý học,Khoa học xã hội và hành vi,41,2018,2023
QHX19,Tâm lý học,Tài nguyên - Môi trường,4,2024,2024
QHX20,Thông tin - thư viện,Báo chí và thông tin,25,2019,2023
QHX20,Thông tin - thư viện,Văn hóa - Chính trị - Khoa học Xã hội,4,2024,2024
QHX21,Tôn giáo học,Nhân văn,28,2018,2023
QHX21,Tôn giáo học,Văn hóa - Chính trị - Khoa học Xã hội,5,2024,2024
QHX22,Triết học,Nhân văn,32,2018,2023
QHX22,Triết học,Văn hóa - Chính trị - Khoa học Xã hội,4,2024,2024
QHX23,Văn học,Nhân văn,27,2018,2023
QHX23,Văn học,Văn hóa - Chính trị - Khoa học Xã hội,4,2024,2024
QHX24,Việt Nam học,Khoa học xã hội và hành vi,26,2018,2023
QHX24,Việt Nam học,Văn hóa - Chính trị - Khoa học Xã hội,4,2024,2024
QHX25,Xã hội học,Khoa học xã hội và hành vi,34,2018,2023
QHX25,Xã hội học,Văn hóa - Chính trị - Khoa học Xã hội,4,2024,2024
QHX26,Hàn Quốc,Văn hóa - Chính trị - Khoa học Xã hội,5,2024,2024
QHX26,Hàn Quốc học,Khoa học xã hội và hành vi,18,2021,2023
QHX27,Văn hoá học,Nhân văn,16,2021,2023
QHX27,Văn hoá học,Văn hóa - Chính trị - Khoa học Xã hội,5,2024,2024
QHX28,Điện ảnh và Nghệ thuật đại chúng,Công nghệ thông tin - Tin học,4,2024,2024
QHX40,Báo chí,Báo chí và thông tin,19,2019,2022
QHX41,Khoa học quản lý,Kinh doanh và quản lý,15,2019,2022
QHX42,Quản lý thông tin,Báo chí và thông tin,9,2021,2022
QHX43,Quốc tế học,Khoa học xã hội và hành vi,9,2021,2022
QKSH2.1,Chương trình ĐHNNQT Quản trị khách sạn,Du lịch-Khách sạn,8,2024,2024
QTKH1.1,Chương trình tiêu chuẩn Quản trị kinh doanh quốc tế,Kế toán - Kiểm toán,8,2024,2024
QTKH2.1,Chương trình CLC Quản trị kinh doanh quốc tế,Kế toán - Kiểm toán,8,2024,2024
QTKH4.1,Chương trình tiên tiến Quản trị kinh doanh quốc tế,Kế toán - Kiểm toán,8,2024,2024
RET1,Kỹ thuật phục hồi chức năng,Sức khỏe,24,2020,2023
RET1,Kỹ thuật phục hồi chức năng,Y - Dược,4,2024,2024
RTS1,Kỹ thuật hình ảnh y học,Y - Dược,4,2024,2024
S101,Điều khiển tàu biển,Dịch vụ vận tải,8,2022,2022
S101,Điều khiển tàu biển (Chọn),Hàng hải - Thủy lợi - Thời tiết,4,2024,2024
S102,Khai thác máy tàu biển,Kỹ thuật,8,2022,2022
S102,Khai thác máy tàu biển (Chọn),Hàng hải - Thủy lợi - Thời tiết,4,2024,2024
T140211,Vật lí,Khoa học tự nhiên,16,2018,2022
TA7340101,"Quản trị kinh doanh (Quản trị kinh doanh tổng hợp, dạy và học bằng Tiếng Anh)",Kinh tế - Quản trị kinh doanh - Thương Mại,4,2024,2024
TA7480201,Công nghệ thông tin (dạy và học bằng Tiếng Anh),Công nghệ thông tin - Tin học,4,2024,2024
TC1,"Nhóm ngành Kinh tế, Kinh tế quốc tế",Khoa học xã hội và hành vi,3,2022,2023
TC1-1,"Nhóm ngành Kinh tế, Kinh tế quốc tế",Khoa học xã hội và hành vi,2,2023,2023
TC12,Kinh tế,Khoa học xã hội và hành vi,3,2022,2023
TC13,"Kinh tế, Quản trị kinh doanh, Tài chính- Ngân hàng, Kế toán",Kinh doanh và quản lý,3,2022,2023
TC14,"Kế toán , Tài chính - Ngân hàng",Kinh doanh và quản lý,3,2022,2023
TC15,"Kế toán , Tài chính - Ngân hàng",Kinh doanh và quản lý,3,2022,2023
TC2,"Nhóm ngành Kinh tế, Kinh tế quốc tế",Khoa học xã hội và hành vi,3,2022,2023
TC2-1,"Nhóm ngành Kinh tế, Kinh tế quốc tế",Khoa học xã hội và hành vi,2,2023,2023
TC3,Nhóm ngành Quản trị kinh doanh; Kinh doanh quốc tế; Quản trị khách sạn; Marketing,Kinh doanh và quản lý,3,2022,2023
TC4,Nhóm ngành Quản trị kinh doanh; Kinh doanh quốc tế; Quản trị khách sạn; Marketing,Kinh doanh và quản lý,3,2022,2023
TC5,"Kế toán , Tài chính - Ngân hàng",Kinh doanh và quản lý,3,2022,2023
TC5-1,"Kế toán , Tài chính - Ngân hàng",Kinh doanh và quản lý,2,2023,2023
TC5-2,"Kế toán , Tài chính - Ngân hàng",Kinh doanh và quản lý,2,2023,2023
TC6,"Kế toán , Tài chính - Ngân hàng",Kinh doanh và quản lý,2,2023,2023
TC7,Luật,Pháp luật,2,2023,2023
TCHH1.1,Chương trình tiêu chuẩn Tài chính quốc tế,Ngoại thương - Xuất nhập khẩu - Kinh Tế quốc tế,8,2024,2024
TCHH1.2,Chương trình tiêu chuẩn Ngân hàng,Tài chính - Ngân hàng - Bảo hiểm,8,2024,2024
TCHH1.3,Chương trình tiêu chuẩn Phân tích và đầu tư tài chính,Kế toán - Kiểm toán,8,2024,2024
TCHH2.1,Chương trình CLC Ngân hàng và Tài chính quốc tế,Kế toán - Kiểm toán,8,2024,2024
TCHH4.1,Chương trình tiên tiến Tài chính - Ngân hàng,Kế toán - Kiểm toán,8,2024,2024
TE-E2,Kỹ thuật Ô tô (CT tiên tiến),Ô tô - Cơ khí - Chế tạo,2,2024,2024
TE-E2,Kỹ thuật ô tô,Kỹ thuật,11,2018,2023
TE-E2Y,Kỹ thuật ô tô,Kỹ thuật,2,2022,2022
TE-EP,Cơ khí hàng không,Kỹ thuật,6,2020,2021
TE-EP,Cơ khí hàng không (Chương trình Việt - Pháp PFIEV),Công an - Quân đội,3,2024,2024
TE-EP,Kỹ thuật cơ khí,Kỹ thuật,4,2023,2023
TE-EPY,Cơ khí hàng không,Kỹ thuật,3,2022,2022
TE1,Kỹ thuật Ô tô,Ô tô - Cơ khí - Chế tạo,2,2024,2024
TE1,Kỹ thuật ô tô,Kỹ thuật,11,2018,2023
TE1Y,Kỹ thuật ô tô,Kỹ thuật,2,2022,2022
TE2,Kỹ thuật Cơ khí động lực,Ô tô - Cơ khí - Chế tạo,2,2024,2024
TE2,Kỹ thuật cơ khí,Kỹ thuật,11,2018,2023
TE2Y,Kỹ thuật cơ khí,Kỹ thuật,2,2022,2022
TE3,Kỹ thuật Hàng không,Công an - Quân đội,2,2024,2024
TE3,Kỹ thuật Hàng không,Kỹ thuật,11,2018,2023
TE3Y,Kỹ thuật Hàng không,Kỹ thuật,2,2022,2022
TE4,Kỹ thuật tàu thuỷ,Kỹ thuật,2,2018,2018
TLA101,Kỹ thuật xây dựng,Kiến trúc và xây dựng,32,2018,2023
TLA101,Kỹ thuật xây dựng công trình thủy,Xây dựng - Kiến trúc - Giao thông,4,2024,2024
TLA102,Kỹ thuật tài nguyên nước,Hàng hải - Thủy lợi - Thời tiết,4,2024,2024
TLA102,Kỹ thuật tài nguyên nước,Khoa học sự sống,28,2018,2023
TLA103,Thuỷ văn học,Khoa học tự nhiên,32,2018,2023
TLA103,Tài nguyên nước và môi trường (Thủy văn học),Hàng hải - Thủy lợi - Thời tiết,4,2024,2024
TLA104,Kỹ thuật xây dựng,Kiến trúc và xây dựng,32,2018,2023
TLA104,Kỹ thuật xây dựng dân dụng và công nghiệp (Kỹ thuật xây dựng),Xây dựng - Kiến trúc - Giao thông,4,2024,2024
TLA105,Kỹ thuật cơ khí,Kỹ thuật,36,2018,2023
TLA105,"Nhóm ngành Kỹ thuật Cơ khí (Gồm các ngành: Kỹ thuật cơ khí, Công nghệ chế tạo máy)",Ô tô - Cơ khí - Chế tạo,4,2024,2024
TLA106,Công nghệ thông tin,Công nghệ thông tin - Tin học,4,2024,2024
TLA106,Công nghệ thông tin,Máy tính và công nghệ thông tin,32,2018,2023
TLA107,Kỹ thuật cấp thoát nước,Kiến trúc và xây dựng,32,2018,2023
TLA107,Kỹ thuật cấp thoát nước,Tài nguyên - Môi trường,4,2024,2024
TLA108,Kỹ thuật xây dựng,Kiến trúc và xây dựng,4,2018,2018
TLA109,Kỹ thuật môi trường,Kỹ thuật,32,2018,2023
TLA109,Kỹ thuật môi trường,Tài nguyên - Môi trường,4,2024,2024
TLA110,Kỹ thuật cơ sở hạ tầng,Kiến trúc và xây dựng,20,2018,2021
TLA110,Xây dựng và quản lý hạ tầng đô thị,Kiến trúc và xây dựng,8,2023,2023
TLA110,Xây dựng và quản lý hạ tầng đô thị (Kỹ thuật cơ sở hạ tầng),Xây dựng - Kiến trúc - Giao thông,4,2024,2024
TLA111,Công nghệ kỹ thuật xây dựng,Công nghệ kỹ thuật,32,2018,2023
TLA111,Công nghệ kỹ thuật xây dựng,Xây dựng - Kiến trúc - Giao thông,4,2024,2024
TLA112,Kỹ thuật điện,Kỹ thuật,32,2018,2023
TLA112,Kỹ thuật điện,Điện lạnh - Điện tử - Điện - Tự động hóa,4,2024,2024
TLA113,Kỹ thuật xây dựng,Kiến trúc và xây dựng,32,2018,2023
TLA113,Kỹ thuật xây dựng công trình giao thông,Xây dựng - Kiến trúc - Giao thông,4,2024,2024
TLA114,Quản lý xây dựng,Kiến trúc và xây dựng,32,2018,2023
TLA114,Quản lý xây dựng,Xây dựng - Kiến trúc - Giao thông,4,2024,2024
TLA115,Kỹ thuật trắc địa - bản đồ,Kỹ thuật,8,2018,2019
TLA116,Hệ thống thông tin,Công nghệ thông tin - Tin học,4,2024,2024
TLA116,Hệ thống thông tin,Máy tính và công nghệ thông tin,24,2018,2023
TLA117,Kỹ thuật phần mềm,Công nghệ thông tin - Tin học,4,2024,2024
TLA117,Kỹ thuật phần mềm,Máy tính và công nghệ thông tin,24,2018,2023
TLA118,Kỹ thuật hoá học,Kỹ thuật,31,2018,2023
TLA118,Kỹ thuật hóa học,Công nghệ sinh - Hóa,4,2024,2024
TLA119,Công nghệ sinh học,Công nghệ sinh - Hóa,4,2024,2024
TLA119,Công nghệ sinh học,Khoa học sự sống,32,2018,2023
TLA120,Kỹ thuật cơ điện tử,Kỹ thuật,32,2018,2023
TLA120,Kỹ thuật cơ điện tử,Ô tô - Cơ khí - Chế tạo,4,2024,2024
TLA121,Kỹ thuật điều khiển và tự động hoá,Kỹ thuật,32,2018,2023
TLA121,Kỹ thuật điều khiển và tự động hóa,Điện lạnh - Điện tử - Điện - Tự động hóa,4,2024,2024
TLA122,Công nghệ chế tạo máy,Công nghệ kỹ thuật,8,2018,2019
TLA123,Kỹ thuật ô tô,Kỹ thuật,28,2019,2023
TLA123,Kỹ thuật ô tô,Ô tô - Cơ khí - Chế tạo,4,2024,2024
TLA124,Kỹ thuật điện tử - viễn thông,Công nghệ thông tin - Tin học,4,2024,2024
TLA124,Kỹ thuật điện tử - viễn thông,Kỹ thuật,20,2021,2023
TLA126,Khoa học dữ liệu và Trí tuệ nhân tạo,Máy tính và công nghệ thông tin,20,2021,2023
TLA126,Trí tuệ nhân tạo và khoa học dữ liệu,Công nghệ thông tin - Tin học,4,2024,2024
TLA127,An ninh mạng,Công nghệ thông tin - Tin học,4,2024,2024
TLA127,An ninh mạng,Máy tính và công nghệ thông tin,12,2022,2023
TLA128,Kỹ thuật Robot và Điều khiển thông minh,Công nghệ thông tin - Tin học,4,2024,2024
TLA128,Kỹ thuật Robot và Điều khiển thông minh,Kỹ thuật,12,2022,2023
TLA201,Kỹ thuật xây dựng,Kiến trúc và xây dựng,32,2018,2023
TLA201,Kỹ thuật xây dựng (Chương trình tiên tiến học bằng tiếng Anh),Xây dựng - Kiến trúc - Giao thông,4,2024,2024
TLA202,Kỹ thuật tài nguyên nước,Khoa học sự sống,16,2018,2021
TLA202,Kỹ thuật tài nguyên nước (Chương trình tiên tiến học bằng tiếng Anh),Hàng hải - Thủy lợi - Thời tiết,4,2024,2024
TLA203,Ngôn ngữ Anh,Công an - Quân đội,4,2024,2024
TLA203,Ngôn ngữ Anh,Nhân văn,20,2021,2023
TLA204,Ngôn ngữ Trung Quốc,Công an - Quân đội,4,2024,2024
TLA204,Ngôn ngữ Trung Quốc,Nhân văn,8,2023,2023
TLA301,Luật,Công an - Quân đội,4,2024,2024
TLA301,Luật,Pháp luật,12,2022,2023
TLA302,Luật,Pháp luật,8,2023,2023
TLA302,Luật kinh tế,Luật - Tòa án,4,2024,2024
TLA401,Kinh tế,Khoa học xã hội và hành vi,28,2018,2023
TLA401,Kinh tế,Kinh tế - Quản trị kinh doanh - Thương Mại,4,2024,2024
TLA402,Quản trị kinh doanh,Kinh doanh và quản lý,32,2018,2023
TLA402,Quản trị kinh doanh,Kinh tế - Quản trị kinh doanh - Thương Mại,4,2024,2024
TLA403,Kế toán,Kinh doanh và quản lý,23,2018,2023
TLA403,Kế toán,Kế toán - Kiểm toán,4,2024,2024
TLA404,Kinh tế xây dựng,Kiến trúc và xây dựng,20,2021,2023
TLA404,Kinh tế xây dựng,Xây dựng - Kiến trúc - Giao thông,4,2024,2024
TLA405,Thương mại điện tử,Kinh doanh và quản lý,20,2021,2023
TLA405,Thương mại điện tử,Kinh tế - Quản trị kinh doanh - Thương Mại,4,2024,2024
TLA406,Quản trị dịch vụ du lịch và lữ hành,"Du lịch, khách sạn, thể thao và dịch vụ cá nhân",20,2021,2023
TLA406,Quản trị dịch vụ du lịch và lữ hành,Du lịch-Khách sạn,4,2024,2024
TLA407,Logistics và Quản lý chuỗi cung ứng,Công nghệ kỹ thuật,20,2021,2023
TLA407,Logistics và quản lý chuỗi cung ứng,Kinh tế - Quản trị kinh doanh - Thương Mại,4,2024,2024
TLA408,Tài chính - Ngân hàng,Kinh doanh và quản lý,12,2022,2023
TLA408,Tài chính - Ngân hàng,Tài chính - Ngân hàng - Bảo hiểm,4,2024,2024
TLA409,Kiểm toán,Kinh doanh và quản lý,12,2022,2023
TLA409,Kiểm toán,Kế toán - Kiểm toán,4,2024,2024
TLA410,Kinh tế số,Khoa học xã hội và hành vi,12,2022,2023
TLA410,Kinh tế số,Kinh tế - Quản trị kinh doanh - Thương Mại,4,2024,2024
TLS101,Kỹ thuật xây dựng công trình thủy,Công nghệ thông tin - Tin học,4,2024,2024
TLS101,Xây dựng công trình thủy,Kiến trúc và xây dựng,16,2019,2022
TLS102,Kỹ thuật tài nguyên nước,Khoa học sự sống,12,2019,2021
TLS102,"Kỹ thuật tài nguyên nước (Quy hoạch, thiết kế và quản lý công trình thủy lợi)",Công nghệ thông tin - Tin học,4,2024,2024
TLS104,Kỹ thuật xây dựng,Kiến trúc và xây dựng,16,2019,2022
TLS104,Nhóm ngành Kỹ thuật xây dựng (Kỹ thuật xây dựng dân dụng và công nghiệp; Kỹ thuật xây dựng công trình giao thông),Công nghệ thông tin - Tin học,4,2024,2024
TLS106,Công nghệ thông tin,Công nghệ thông tin - Tin học,4,2024,2024
TLS106,Công nghệ thông tin,Máy tính và công nghệ thông tin,16,2019,2022
TLS107,Kỹ thuật cấp thoát nước,Công nghệ thông tin - Tin học,4,2024,2024
TLS107,Kỹ thuật cấp thoát nước,Kiến trúc và xây dựng,12,2019,2021
TLS111,Công nghệ kỹ thuật xây dựng,Công nghệ kỹ thuật,16,2019,2022
TLS111,Công nghệ kỹ thuật xây dựng,Công nghệ thông tin - Tin học,4,2024,2024
TLS113,kỹ thuật xây dựng công trình giao thông,Kiến trúc và xây dựng,8,2020,2021
TLS114,Quản lý xây dựng,Kinh tế - Quản trị kinh doanh - Thương Mại,4,2024,2024
TLS126,Trí tuệ nhân tạo và khoa học dữ liệu,Nhân sự - Hành chính,4,2024,2024
TLS203,Ngôn ngữ Anh,Công an - Quân đội,4,2024,2024
TLS203,Ngôn ngữ Anh,Nhân văn,4,2022,2022
TLS402,Quản trị kinh doanh,Kinh doanh và quản lý,16,2019,2022
TLS402,Quản trị kinh doanh,Kinh tế - Quản trị kinh doanh - Thương Mại,4,2024,2024
TLS403,Kế toán,Kinh doanh và quản lý,16,2019,2022
TLS403,Kế toán,Kế toán - Kiểm toán,4,2024,2024
TLS404,Kinh tế xây dựng,Kinh tế - Quản trị kinh doanh - Thương Mại,4,2024,2024
TLS405,Kỹ thuật cấp thoát nước,Kiến trúc và xây dựng,4,2022,2022
TLS405,Thương mại điện tử,Kinh tế - Quản trị kinh doanh - Thương Mại,4,2024,2024
TLS407,Logistics và Quản lý chuỗi cung ứng,Công nghệ kỹ thuật,4,2022,2022
TLS407,Logistics và quản lý chuỗi cung ứng,Kinh tế - Quản trị kinh doanh - Thương Mại,4,2024,2024
TM01,Quản trị kinh doanh,Kinh doanh và quản lý,37,2018,2023
TM01,Quản trị kinh doanh (Quản trị kinh doanh),Kinh tế - Quản trị kinh doanh - Thương Mại,4,2024,2024
TM02,Quản trị kinh doanh,Kinh doanh và quản lý,9,2022,2023
TM02,Quản trị kinh doanh (Quản trị kinh doanh - Chương trình định hướng chuyên sâu nghề nghiệp quốc tế - IPOP),Kinh tế - Quản trị kinh doanh - Thương Mại,4,2024,2024
TM03,Quản trị kinh doanh,Kinh doanh và quản lý,19,2022,2023
TM03,Quản trị kinh doanh (Khởi nghiệp và phát triển kinh doanh),Kinh tế - Quản trị kinh doanh - Thương Mại,4,2024,2024
TM04,Marketing,Kinh doanh và quản lý,37,2018,2023
TM04,Marketing (Marketing thương mại),Báo chí - Marketing - Quảng cáo - PR,4,2024,2024
TM05,Marketing,Kinh doanh và quản lý,37,2018,2023
TM05,Marketing (Quản trị thương hiệu),Báo chí - Marketing - Quảng cáo - PR,4,2024,2024
TM06,Logistics và Quản lý chuỗi cung ứng,Công nghệ kỹ thuật,34,2019,2023
TM06,Logistics và Quản lý chuỗi cung ứng (Logistics và Quản lý chuỗi cung ứng),Kinh tế - Quản trị kinh doanh - Thương Mại,4,2024,2024
TM07,Kế toán,Kinh doanh và quản lý,37,2018,2023
TM07,Kế toán (Kế toán doanh nghiệp),Kế toán - Kiểm toán,4,2024,2024
TM08,Kế toán,Kinh doanh và quản lý,24,2018,2023
TM08,Kế toán (Kế toán tích hợp chứng chỉ quốc tế ICAEW CFAB - Chương trình định hướng chuyên sâu nghề nghiệp quốc tế -IPOP),Kế toán - Kiểm toán,4,2024,2024
TM09,Kế toán,Kinh doanh và quản lý,37,2018,2023
TM09,Kế toán (Kế toán công),Kế toán - Kiểm toán,4,2024,2024
TM10,Kiểm toán,Kinh doanh và quản lý,34,2019,2023
TM10,Kiểm toán (Kiểm toán),Kế toán - Kiểm toán,4,2024,2024
TM11,Kinh doanh quốc tế,Kinh doanh và quản lý,36,2018,2023
TM11,Kinh doanh quốc tế (Thương mại quốc tế),Kinh tế - Quản trị kinh doanh - Thương Mại,4,2024,2024
TM12,Kinh tế,Khoa học xã hội và hành vi,37,2018,2023
TM12,Kinh tế quốc tế (Kinh tế quốc tế),Kinh tế - Quản trị kinh doanh - Thương Mại,4,2024,2024
TM13,Kinh tế,Khoa học xã hội và hành vi,34,2018,2023
TM13,Kinh tế (Quản lý kinh tế),Kinh tế - Quản trị kinh doanh - Thương Mại,4,2024,2024
TM14,Tài chính - Ngân hàng,Kinh doanh và quản lý,37,2018,2023
TM14,Tài chính - Ngân hàng (Tài chính - Ngân hàng thương mại),Tài chính - Ngân hàng - Bảo hiểm,4,2024,2024
TM15,Tài chính - Ngân hàng,Kinh doanh và quản lý,24,2018,2023
TM15,Tài chính - Ngân hàng (Tài chính - Ngân hàng thương mại - Chương trình định hướng chuyên sâu nghề nghiệp quốc tế -IPOP),Tài chính - Ngân hàng - Bảo hiểm,4,2024,2024
TM16,Tài chính - Ngân hàng,Kinh doanh và quản lý,36,2018,2023
TM16,Tài chính - Ngân hàng (Tài chính công),Tài chính - Ngân hàng - Bảo hiểm,4,2024,2024
TM17,Thương mại điện từ (Quản trị Thương mại điện tử),Kinh tế - Quản trị kinh doanh - Thương Mại,4,2024,2024
TM17,Thương mại điện tử,Kinh doanh và quản lý,37,2018,2023
TM18,Ngôn ngữ Anh,Nhân văn,21,2018,2023
TM18,Ngôn ngữ Anh (Tiếng Anh thương mại),Công an - Quân đội,3,2024,2024
TM19,Luật,Pháp luật,37,2018,2023
TM19,Luật kinh tế (Luật kinh tế),Luật - Tòa án,4,2024,2024
TM20,Quản trị kinh doanh,Kinh doanh và quản lý,42,2018,2023
TM20,Quản trị kinh doanh (Tiếng Pháp thương mại),Kinh tế - Quản trị kinh doanh - Thương Mại,4,2024,2024
TM21,Ngôn ngữ Trung Quốc,Nhân văn,4,2023,2023
TM21,Ngôn ngữ Trung Quốc (Tiếng Trung thương mại),Ngoại giao - Ngoại ngữ,4,2024,2024
TM21,Quản trị kinh doanh,Kinh doanh và quản lý,38,2018,2023
TM22,Hệ thống thông tin quản lý,Kinh doanh và quản lý,37,2018,2023
TM22,Hệ thống thông tin quản lý (Quản trị Hệ thống thông tin),Công nghệ thông tin - Tin học,4,2024,2024
TM23,Quản trị nhân lực,Kinh doanh và quản lý,37,2018,2023
TM23,Quản trị nhân lực (Quản trị nhân lực doanh nghiệp),Nhân sự - Hành chính,4,2024,2024
TM24,Quản trị khách sạn,"Du lịch, khách sạn, thể thao và dịch vụ cá nhân",23,2020,2023
TM24,Quản trị khách sạn (Quản trị khách sạn - Chương trình định hướng nghề nghiệp),Du lịch-Khách sạn,4,2024,2024
TM25,Quản trị dịch vụ du lịch và lữ hành,"Du lịch, khách sạn, thể thao và dịch vụ cá nhân",40,2018,2023
TM25,Quản trị dịch vụ du lịch và lữ hành (Quản trị dịch vụ du lịch và lữ hành - Chương trình định hướng nghề nghiệp),Du lịch-Khách sạn,4,2024,2024
TM26,Hệ thống thông tin quản lý,Kinh doanh và quản lý,27,2020,2023
TM26,Hệ thống thông tin quản lý (Quản trị Hệ thống thông tin - Chương trình định hướng nghề nghiệp),Kinh tế - Quản trị kinh doanh - Thương Mại,4,2024,2024
TM27,Quản trị nhân lực,Kinh doanh và quản lý,9,2022,2023
TM27,Quản trị nhân lực (Quản trị nhân lực doanh nghiệp - Chương trình định hướng chuyên sâu nghề nghiệp quốc tế - IPOP),Nhân sự - Hành chính,4,2024,2024
TM28,Marketing,Kinh doanh và quản lý,19,2021,2023
TM28,Marketing (Marketing số),Báo chí - Marketing - Quảng cáo - PR,4,2024,2024
TM29,Luật,Pháp luật,19,2022,2023
TM29,Luật kinh tế (Luật Thương mại quốc tế),Luật - Tòa án,4,2024,2024
TM30,Kế toán,Kinh doanh và quản lý,9,2022,2023
TM30,Thương mại điện tử (Kinh doanh số),Kinh tế - Quản trị kinh doanh - Thương Mại,4,2024,2024
TM31,Quàn trị khách sạn (Quản trị khách sạn),Du lịch-Khách sạn,4,2024,2024
TM31,Quản trị khách sạn,"Du lịch, khách sạn, thể thao và dịch vụ cá nhân",28,2018,2023
TM32,Quản trị dịch vụ du lịch và lữ hành,"Du lịch, khách sạn, thể thao và dịch vụ cá nhân",10,2023,2023
TM32,Quản trị dịch vụ du lịch và lữ hành (Quản trị dịch vụ du lịch và lữ hành),Du lịch-Khách sạn,4,2024,2024
TM33,Kinh tế,Khoa học xã hội và hành vi,10,2023,2023
TM33,Kinh tế số (Phân tích kinh doanh trong môi trường số),Kinh tế - Quản trị kinh doanh - Thương Mại,4,2024,2024
TM34,Quản trị khách sạn,"Du lịch, khách sạn, thể thao và dịch vụ cá nhân",5,2023,2023
TM34,Quản trị khách sạn (Quản trị khách sạn - Chương trình định hướng chuyên sâu nghề nghiệp quốc tế - IPOP),Du lịch-Khách sạn,4,2024,2024
TM35,Marketing,Kinh doanh và quản lý,5,2023,2023
TM35,Marketing (Marketing thương mại - Chương trình định hướng chuyên sâu nghề nghiệp quốc tế - IPOP),Báo chí - Marketing - Quảng cáo - PR,4,2024,2024
TM36,Kinh doanh quốc tế,Kinh doanh và quản lý,5,2023,2023
TM36,Kinh doanh quốc tế (Thương mại quốc tế - Chương trình định hướng chuyên sâu nghề nghiệp quốc tế - 1P0P),Kinh tế - Quản trị kinh doanh - Thương Mại,4,2024,2024
TM37,Logistics và Quản lý chuỗi cung ứng (Logistics và xuất nhập khẩu - Chương trình định hướng chuyên sâu nghề nghiệp quốc tế - IPOP),Kinh tế - Quản trị kinh doanh - Thương Mại,4,2024,2024
TM38,Tài chính - Ngân hàng (Công nghệ Tài chính ngân hàng),Tài chính - Ngân hàng - Bảo hiểm,4,2024,2024
TROY-BA,Quản trị Kinh doanh - Hợp tác với ĐH Troy (Hoa Kỳ),Kinh tế - Quản trị kinh doanh - Thương Mại,3,2024,2024
TROY-BA,Quản trị kinh doanh,Kinh doanh và quản lý,20,2018,2023
TROY-BAY,Quản trị kinh doanh,Kinh doanh và quản lý,4,2022,2022
TROY-IT,Khoa học Máy tính - hợp tác với ĐH Troy (Hoa Kỳ),Công nghệ thông tin - Tin học,3,2024,2024
TROY-IT,Khoa học máy tính,Máy tính và công nghệ thông tin,8,2021,2023
TROY-IT,Kỹ thuật xây dựng,Máy tính và công nghệ thông tin,12,2018,2020
TROY-ITY,Khoa học máy tính,Máy tính và công nghệ thông tin,4,2022,2022
TX1,Công nghệ Dệt May,Công nghệ thông tin - Tin học,3,2024,2024
TX1,"Công nghệ dệt, may",Sản xuất và chế biến,4,2023,2023
TX1,Kỹ thuật Dệt,Sản xuất và chế biến,2,2018,2018
TX1,Kỹ thuật Dệt - May,Sản xuất và chế biến,6,2019,2021
TX1Y,Kỹ thuật Dệt - May,Kỹ thuật,2,2022,2022
TX2,Công nghệ may,Sản xuất và chế biến,2,2018,2018
TỐTNGHIỆPTHPT,Khoa học dữ liệu,Toán và thống kê,4,2023,2023
VEE1,Kỹ thuật ô tô,Kỹ thuật,24,2020,2023
VEE1,Kỹ thuật ô tô,Ô tô - Cơ khí - Chế tạo,4,2024,2024
VEE2,Cơ điện tử,Kỹ thuật,4,2022,2022
VEE2,Cơ điện tử ô tô,Ô tô - Cơ khí - Chế tạo,4,2024,2024
VEE2,Kỹ thuật ô tô,Kỹ thuật,16,2021,2023
VEE3,Kỹ thuật phần mềm ô tô,Ô tô - Cơ khí - Chế tạo,4,2024,2024
VJU1,Công nghệ thực phẩm,Sản xuất và chế biến,6,2023,2023
VJU1,Nông nghiệp,"Nông, lâm nghiệp và thủy sản",6,2023,2023
XDA16,Công nghệ thông tin,Máy tính và công nghệ thông tin,3,2021,2021
XDA17,Khoa học máy tính,Máy tính và công nghệ thông tin,3,2021,2021
XDA18,Kỹ thuật cơ khí,Kỹ thuật,3,2021,2021
XDA19,Kỹ thuật cơ khí,Kỹ thuật,6,2020,2021
XDA20,Kỹ thuật cơ khí,Kỹ thuật,3,2021,2021
XDA21,Kỹ thuật cơ khí,Kỹ thuật,3,2021,2021
XDA22,Kỹ thuật cơ khí,Kỹ thuật,3,2021,2021
XDA23,Kinh tế xây dựng,Kiến trúc và xây dựng,6,2020,2021
XDA24,Quản lý xây dựng,Kiến trúc và xây dựng,3,2021,2021
XDA25,Quản lý xây dựng,Kiến trúc và xây dựng,3,2021,2021
XDA26,Logistics và Quản lý chuỗi cung ứng,Công nghệ kỹ thuật,4,2021,2021
XDA27,Kỹ thuật xây dựng,Kiến trúc và xây dựng,3,2021,2021
XDA28,Khoa học máy tính,Máy tính và công nghệ thông tin,3,2021,2021
XDA29,Quản lý xây dựng,Kiến trúc và xây dựng,3,2021,2021
